2026-06-10 01:02:04,845 INFO  Logger.cs: 70 - 
--------------------------------------------------------------------------------
2026-06-10 01:02:04,939 INFO  Logger.cs: 71 - Logging commencing for SW2URDF exporter
2026-06-10 01:02:04,941 INFO  Logger.cs: 73 - Commit version 1.6.0-4-g7f85cfe
2026-06-10 01:02:04,942 INFO  Logger.cs: 74 - Build version 1.6.7995.38578
2026-06-10 01:02:04,949 INFO  SwAddin.cs: 192 - Attempting to connect to SW
2026-06-10 01:02:04,950 INFO  SwAddin.cs: 197 - Setting up callbacks
2026-06-10 01:02:04,952 INFO  SwAddin.cs: 201 - Setting up command manager
2026-06-10 01:02:04,954 INFO  SwAddin.cs: 204 - Adding command manager
2026-06-10 01:02:04,964 INFO  SwAddin.cs: 263 - Adding Assembly export to file menu
2026-06-10 01:02:04,966 INFO  SwAddin.cs: 272 - Adding Part export to file menu
2026-06-10 01:02:04,966 INFO  SwAddin.cs: 210 - Adding event handlers
2026-06-10 01:02:05,119 INFO  SwAddin.cs: 217 - Connecting plugin to SolidWorks
2026-06-10 01:17:21,180 INFO  SwAddin.cs: 294 - Assembly export called for file Full Arm Assembly
2026-06-10 01:17:22,781 INFO  SwAddin.cs: 313 - Saving assembly
2026-06-10 01:17:23,421 INFO  SwAddin.cs: 316 - Opening property manager
2026-06-10 01:17:23,555 INFO  ExportHelperExtension.cs: 1125 - Retrieving features of type [CoordSys] from Full Arm Assembly
2026-06-10 01:17:23,583 INFO  ExportHelperExtension.cs: 1136 - Found 45 in Full Arm Assembly
2026-06-10 01:17:23,584 INFO  ExportHelperExtension.cs: 1145 - Found 0 features of type [CoordSys] in Full Arm Assembly
2026-06-10 01:17:23,585 INFO  ExportHelperExtension.cs: 1148 - Proceeding through assembly components
2026-06-10 01:17:23,587 INFO  ExportHelperExtension.cs: 1160 - 7 components to check
2026-06-10 01:17:23,588 INFO  ExportHelperExtension.cs: 1125 - Retrieving features of type [CoordSys] from 4. Base Plate-2
2026-06-10 01:17:23,589 INFO  ExportHelperExtension.cs: 1136 - Found 25 in 4. Base Plate-2
2026-06-10 01:17:23,590 INFO  ExportHelperExtension.cs: 1145 - Found 0 features of type [CoordSys] in 4. Base Plate-2
2026-06-10 01:17:23,590 INFO  ExportHelperExtension.cs: 1125 - Retrieving features of type [CoordSys] from XL430_W250_T-1
2026-06-10 01:17:23,591 INFO  ExportHelperExtension.cs: 1136 - Found 36 in XL430_W250_T-1
2026-06-10 01:17:23,592 INFO  ExportHelperExtension.cs: 1145 - Found 0 features of type [CoordSys] in XL430_W250_T-1
2026-06-10 01:17:23,592 INFO  ExportHelperExtension.cs: 1125 - Retrieving features of type [CoordSys] from rm-x52-modifable-1
2026-06-10 01:17:23,595 INFO  ExportHelperExtension.cs: 1136 - Found 232 in rm-x52-modifable-1
2026-06-10 01:17:23,597 INFO  ExportHelperExtension.cs: 1145 - Found 0 features of type [CoordSys] in rm-x52-modifable-1
2026-06-10 01:17:23,598 INFO  ExportHelperExtension.cs: 1125 - Retrieving features of type [CoordSys] from Part34-1
2026-06-10 01:17:23,599 INFO  ExportHelperExtension.cs: 1136 - Found 33 in Part34-1
2026-06-10 01:17:23,600 INFO  ExportHelperExtension.cs: 1145 - Found 0 features of type [CoordSys] in Part34-1
2026-06-10 01:17:23,600 INFO  ExportHelperExtension.cs: 1125 - Retrieving features of type [CoordSys] from Part35^Arm-1
2026-06-10 01:17:23,602 INFO  ExportHelperExtension.cs: 1136 - Found 35 in Part35^Arm-1
2026-06-10 01:17:23,602 INFO  ExportHelperExtension.cs: 1145 - Found 0 features of type [CoordSys] in Part35^Arm-1
2026-06-10 01:17:23,603 INFO  ExportHelperExtension.cs: 1125 - Retrieving features of type [CoordSys] from end-effector-1
2026-06-10 01:17:23,604 INFO  ExportHelperExtension.cs: 1136 - Found 158 in end-effector-1
2026-06-10 01:17:23,605 INFO  ExportHelperExtension.cs: 1145 - Found 0 features of type [CoordSys] in end-effector-1
2026-06-10 01:17:23,606 INFO  ExportHelperExtension.cs: 1125 - Retrieving features of type [CoordSys] from 2. wrist joint cover-1
2026-06-10 01:17:23,606 INFO  ExportHelperExtension.cs: 1136 - Found 25 in 2. wrist joint cover-1
2026-06-10 01:17:23,607 INFO  ExportHelperExtension.cs: 1145 - Found 0 features of type [CoordSys] in 2. wrist joint cover-1
2026-06-10 01:17:23,608 INFO  ExportHelperExtension.cs: 1125 - Retrieving features of type [RefAxis] from Full Arm Assembly
2026-06-10 01:17:23,609 INFO  ExportHelperExtension.cs: 1136 - Found 45 in Full Arm Assembly
2026-06-10 01:17:23,610 INFO  ExportHelperExtension.cs: 1145 - Found 0 features of type [RefAxis] in Full Arm Assembly
2026-06-10 01:17:23,611 INFO  ExportHelperExtension.cs: 1148 - Proceeding through assembly components
2026-06-10 01:17:23,612 INFO  ExportHelperExtension.cs: 1160 - 7 components to check
2026-06-10 01:17:23,612 INFO  ExportHelperExtension.cs: 1125 - Retrieving features of type [RefAxis] from 4. Base Plate-2
2026-06-10 01:17:23,613 INFO  ExportHelperExtension.cs: 1136 - Found 25 in 4. Base Plate-2
2026-06-10 01:17:23,614 INFO  ExportHelperExtension.cs: 1145 - Found 0 features of type [RefAxis] in 4. Base Plate-2
2026-06-10 01:17:23,615 INFO  ExportHelperExtension.cs: 1125 - Retrieving features of type [RefAxis] from XL430_W250_T-1
2026-06-10 01:17:23,615 INFO  ExportHelperExtension.cs: 1136 - Found 36 in XL430_W250_T-1
2026-06-10 01:17:23,616 INFO  ExportHelperExtension.cs: 1145 - Found 0 features of type [RefAxis] in XL430_W250_T-1
2026-06-10 01:17:23,616 INFO  ExportHelperExtension.cs: 1125 - Retrieving features of type [RefAxis] from rm-x52-modifable-1
2026-06-10 01:17:23,617 INFO  ExportHelperExtension.cs: 1136 - Found 232 in rm-x52-modifable-1
2026-06-10 01:17:23,618 INFO  ExportHelperExtension.cs: 1145 - Found 0 features of type [RefAxis] in rm-x52-modifable-1
2026-06-10 01:17:23,619 INFO  ExportHelperExtension.cs: 1125 - Retrieving features of type [RefAxis] from Part34-1
2026-06-10 01:17:23,619 INFO  ExportHelperExtension.cs: 1136 - Found 33 in Part34-1
2026-06-10 01:17:23,620 INFO  ExportHelperExtension.cs: 1145 - Found 0 features of type [RefAxis] in Part34-1
2026-06-10 01:17:23,620 INFO  ExportHelperExtension.cs: 1125 - Retrieving features of type [RefAxis] from Part35^Arm-1
2026-06-10 01:17:23,621 INFO  ExportHelperExtension.cs: 1136 - Found 35 in Part35^Arm-1
2026-06-10 01:17:23,622 INFO  ExportHelperExtension.cs: 1145 - Found 0 features of type [RefAxis] in Part35^Arm-1
2026-06-10 01:17:23,623 INFO  ExportHelperExtension.cs: 1125 - Retrieving features of type [RefAxis] from end-effector-1
2026-06-10 01:17:23,623 INFO  ExportHelperExtension.cs: 1136 - Found 158 in end-effector-1
2026-06-10 01:17:23,624 INFO  ExportHelperExtension.cs: 1145 - Found 0 features of type [RefAxis] in end-effector-1
2026-06-10 01:17:23,625 INFO  ExportHelperExtension.cs: 1125 - Retrieving features of type [RefAxis] from 2. wrist joint cover-1
2026-06-10 01:17:23,625 INFO  ExportHelperExtension.cs: 1136 - Found 25 in 2. wrist joint cover-1
2026-06-10 01:17:23,626 INFO  ExportHelperExtension.cs: 1145 - Found 0 features of type [RefAxis] in 2. wrist joint cover-1
2026-06-10 01:17:25,199 INFO  SwAddin.cs: 339 - Loading config tree
2026-06-10 01:17:25,212 INFO  ExportPropertyManagerExtension.cs: 520 - Starting new configuration
2026-06-10 01:17:25,225 INFO  SwAddin.cs: 344 - Showing property manager
2026-06-10 01:17:36,180 INFO  ExportPropertyManager.cs: 1036 - OnListboxSelectionChanged called. This method no longer throws an Exception. It just silently does nothing. Ok, except for this logging message
2026-06-10 01:17:36,653 INFO  ExportPropertyManager.cs: 1036 - OnListboxSelectionChanged called. This method no longer throws an Exception. It just silently does nothing. Ok, except for this logging message
2026-06-10 01:17:37,303 INFO  ExportPropertyManager.cs: 1036 - OnListboxSelectionChanged called. This method no longer throws an Exception. It just silently does nothing. Ok, except for this logging message
2026-06-10 01:17:37,868 INFO  ExportPropertyManager.cs: 1036 - OnListboxSelectionChanged called. This method no longer throws an Exception. It just silently does nothing. Ok, except for this logging message
2026-06-10 01:17:44,560 INFO  ExportPropertyManager.cs: 1018 - OnComboboxSelectionChanged called. This method no longer throws an Exception. It just silently does nothing. Ok, except for this logging message
2026-06-10 01:18:36,293 INFO  ExportPropertyManager.cs: 416 - Configuration canceled
2026-06-10 01:18:36,455 INFO  ExportPropertyManager.cs: 1142 - AfterClose called. This method no longer throws an Exception. It just silently does nothing. Ok, except for this logging message
2026-06-10 01:55:55,723 INFO  SwAddin.cs: 294 - Assembly export called for file Complete Arm Assembly
2026-06-10 01:55:56,961 INFO  SwAddin.cs: 313 - Saving assembly
2026-06-10 01:55:57,667 INFO  SwAddin.cs: 316 - Opening property manager
2026-06-10 01:55:57,670 INFO  ExportHelperExtension.cs: 1125 - Retrieving features of type [CoordSys] from Complete Arm Assembly
2026-06-10 01:55:57,677 INFO  ExportHelperExtension.cs: 1136 - Found 99 in Complete Arm Assembly
2026-06-10 01:55:57,678 INFO  ExportHelperExtension.cs: 1145 - Found 0 features of type [CoordSys] in Complete Arm Assembly
2026-06-10 01:55:57,679 INFO  ExportHelperExtension.cs: 1148 - Proceeding through assembly components
2026-06-10 01:55:57,681 INFO  ExportHelperExtension.cs: 1160 - 18 components to check
2026-06-10 01:55:57,684 INFO  ExportHelperExtension.cs: 1125 - Retrieving features of type [CoordSys] from 6. end-effector-1
2026-06-10 01:55:57,687 INFO  ExportHelperExtension.cs: 1136 - Found 158 in 6. end-effector-1
2026-06-10 01:55:57,688 INFO  ExportHelperExtension.cs: 1145 - Found 0 features of type [CoordSys] in 6. end-effector-1
2026-06-10 01:55:57,689 INFO  ExportHelperExtension.cs: 1125 - Retrieving features of type [CoordSys] from 12. Joint 1-2
2026-06-10 01:55:57,690 INFO  ExportHelperExtension.cs: 1136 - Found 22 in 12. Joint 1-2
2026-06-10 01:55:57,691 INFO  ExportHelperExtension.cs: 1145 - Found 0 features of type [CoordSys] in 12. Joint 1-2
2026-06-10 01:55:57,692 INFO  ExportHelperExtension.cs: 1125 - Retrieving features of type [CoordSys] from 16. Link 3 arm-1
2026-06-10 01:55:57,692 INFO  ExportHelperExtension.cs: 1136 - Found 22 in 16. Link 3 arm-1
2026-06-10 01:55:57,693 INFO  ExportHelperExtension.cs: 1145 - Found 0 features of type [CoordSys] in 16. Link 3 arm-1
2026-06-10 01:55:57,694 INFO  ExportHelperExtension.cs: 1125 - Retrieving features of type [CoordSys] from 18. Link End Effector-1
2026-06-10 01:55:57,695 INFO  ExportHelperExtension.cs: 1136 - Found 22 in 18. Link End Effector-1
2026-06-10 01:55:57,696 INFO  ExportHelperExtension.cs: 1145 - Found 0 features of type [CoordSys] in 18. Link End Effector-1
2026-06-10 01:55:57,696 INFO  ExportHelperExtension.cs: 1125 - Retrieving features of type [CoordSys] from 15. Link 3 end-1
2026-06-10 01:55:57,697 INFO  ExportHelperExtension.cs: 1136 - Found 22 in 15. Link 3 end-1
2026-06-10 01:55:57,698 INFO  ExportHelperExtension.cs: 1145 - Found 0 features of type [CoordSys] in 15. Link 3 end-1
2026-06-10 01:55:57,699 INFO  ExportHelperExtension.cs: 1125 - Retrieving features of type [CoordSys] from 17. Joint 4-1
2026-06-10 01:55:57,701 INFO  ExportHelperExtension.cs: 1136 - Found 22 in 17. Joint 4-1
2026-06-10 01:55:57,702 INFO  ExportHelperExtension.cs: 1145 - Found 0 features of type [CoordSys] in 17. Joint 4-1
2026-06-10 01:55:57,703 INFO  ExportHelperExtension.cs: 1125 - Retrieving features of type [CoordSys] from 13. Link 2-1
2026-06-10 01:55:57,703 INFO  ExportHelperExtension.cs: 1136 - Found 22 in 13. Link 2-1
2026-06-10 01:55:57,704 INFO  ExportHelperExtension.cs: 1145 - Found 0 features of type [CoordSys] in 13. Link 2-1
2026-06-10 01:55:57,705 INFO  ExportHelperExtension.cs: 1125 - Retrieving features of type [CoordSys] from 14. Link 2 Mount-1
2026-06-10 01:55:57,705 INFO  ExportHelperExtension.cs: 1136 - Found 22 in 14. Link 2 Mount-1
2026-06-10 01:55:57,706 INFO  ExportHelperExtension.cs: 1145 - Found 0 features of type [CoordSys] in 14. Link 2 Mount-1
2026-06-10 01:55:57,707 INFO  ExportHelperExtension.cs: 1125 - Retrieving features of type [CoordSys] from 15. Joint 3-1
2026-06-10 01:55:57,707 INFO  ExportHelperExtension.cs: 1136 - Found 22 in 15. Joint 3-1
2026-06-10 01:55:57,708 INFO  ExportHelperExtension.cs: 1145 - Found 0 features of type [CoordSys] in 15. Joint 3-1
2026-06-10 01:55:57,709 INFO  ExportHelperExtension.cs: 1125 - Retrieving features of type [CoordSys] from 5. end effector mount-1
2026-06-10 01:55:57,711 INFO  ExportHelperExtension.cs: 1136 - Found 37 in 5. end effector mount-1
2026-06-10 01:55:57,712 INFO  ExportHelperExtension.cs: 1145 - Found 0 features of type [CoordSys] in 5. end effector mount-1
2026-06-10 01:55:57,712 INFO  ExportHelperExtension.cs: 1125 - Retrieving features of type [CoordSys] from 3. wrist joint mount-1
2026-06-10 01:55:57,713 INFO  ExportHelperExtension.cs: 1136 - Found 33 in 3. wrist joint mount-1
2026-06-10 01:55:57,714 INFO  ExportHelperExtension.cs: 1145 - Found 0 features of type [CoordSys] in 3. wrist joint mount-1
2026-06-10 01:55:57,715 INFO  ExportHelperExtension.cs: 1125 - Retrieving features of type [CoordSys] from 7. XL430_W250_T-1
2026-06-10 01:55:57,716 INFO  ExportHelperExtension.cs: 1136 - Found 36 in 7. XL430_W250_T-1
2026-06-10 01:55:57,717 INFO  ExportHelperExtension.cs: 1145 - Found 0 features of type [CoordSys] in 7. XL430_W250_T-1
2026-06-10 01:55:57,718 INFO  ExportHelperExtension.cs: 1125 - Retrieving features of type [CoordSys] from 2. wrist joint cover-1
2026-06-10 01:55:57,719 INFO  ExportHelperExtension.cs: 1136 - Found 25 in 2. wrist joint cover-1
2026-06-10 01:55:57,720 INFO  ExportHelperExtension.cs: 1145 - Found 0 features of type [CoordSys] in 2. wrist joint cover-1
2026-06-10 01:55:57,721 INFO  ExportHelperExtension.cs: 1125 - Retrieving features of type [CoordSys] from 4. Base Plate-1
2026-06-10 01:55:57,723 INFO  ExportHelperExtension.cs: 1136 - Found 25 in 4. Base Plate-1
2026-06-10 01:55:57,724 INFO  ExportHelperExtension.cs: 1145 - Found 0 features of type [CoordSys] in 4. Base Plate-1
2026-06-10 01:55:57,725 INFO  ExportHelperExtension.cs: 1125 - Retrieving features of type [CoordSys] from 8. Base Link-1
2026-06-10 01:55:57,726 INFO  ExportHelperExtension.cs: 1136 - Found 22 in 8. Base Link-1
2026-06-10 01:55:57,727 INFO  ExportHelperExtension.cs: 1145 - Found 0 features of type [CoordSys] in 8. Base Link-1
2026-06-10 01:55:57,728 INFO  ExportHelperExtension.cs: 1125 - Retrieving features of type [CoordSys] from 9. Base Joint-1
2026-06-10 01:55:57,729 INFO  ExportHelperExtension.cs: 1136 - Found 22 in 9. Base Joint-1
2026-06-10 01:55:57,731 INFO  ExportHelperExtension.cs: 1145 - Found 0 features of type [CoordSys] in 9. Base Joint-1
2026-06-10 01:55:57,731 INFO  ExportHelperExtension.cs: 1125 - Retrieving features of type [CoordSys] from 10. Link1-1
2026-06-10 01:55:57,732 INFO  ExportHelperExtension.cs: 1136 - Found 22 in 10. Link1-1
2026-06-10 01:55:57,733 INFO  ExportHelperExtension.cs: 1145 - Found 0 features of type [CoordSys] in 10. Link1-1
2026-06-10 01:55:57,733 INFO  ExportHelperExtension.cs: 1125 - Retrieving features of type [CoordSys] from 12. Joint 1-1
2026-06-10 01:55:57,734 INFO  ExportHelperExtension.cs: 1136 - Found 22 in 12. Joint 1-1
2026-06-10 01:55:57,735 INFO  ExportHelperExtension.cs: 1145 - Found 0 features of type [CoordSys] in 12. Joint 1-1
2026-06-10 01:55:57,736 INFO  ExportHelperExtension.cs: 1125 - Retrieving features of type [RefAxis] from Complete Arm Assembly
2026-06-10 01:55:57,737 INFO  ExportHelperExtension.cs: 1136 - Found 99 in Complete Arm Assembly
2026-06-10 01:55:57,737 INFO  ExportHelperExtension.cs: 1145 - Found 0 features of type [RefAxis] in Complete Arm Assembly
2026-06-10 01:55:57,738 INFO  ExportHelperExtension.cs: 1148 - Proceeding through assembly components
2026-06-10 01:55:57,739 INFO  ExportHelperExtension.cs: 1160 - 18 components to check
2026-06-10 01:55:57,740 INFO  ExportHelperExtension.cs: 1125 - Retrieving features of type [RefAxis] from 6. end-effector-1
2026-06-10 01:55:57,741 INFO  ExportHelperExtension.cs: 1136 - Found 158 in 6. end-effector-1
2026-06-10 01:55:57,742 INFO  ExportHelperExtension.cs: 1145 - Found 0 features of type [RefAxis] in 6. end-effector-1
2026-06-10 01:55:57,743 INFO  ExportHelperExtension.cs: 1125 - Retrieving features of type [RefAxis] from 12. Joint 1-2
2026-06-10 01:55:57,744 INFO  ExportHelperExtension.cs: 1136 - Found 22 in 12. Joint 1-2
2026-06-10 01:55:57,744 INFO  ExportHelperExtension.cs: 1145 - Found 0 features of type [RefAxis] in 12. Joint 1-2
2026-06-10 01:55:57,745 INFO  ExportHelperExtension.cs: 1125 - Retrieving features of type [RefAxis] from 16. Link 3 arm-1
2026-06-10 01:55:57,746 INFO  ExportHelperExtension.cs: 1136 - Found 22 in 16. Link 3 arm-1
2026-06-10 01:55:57,747 INFO  ExportHelperExtension.cs: 1145 - Found 0 features of type [RefAxis] in 16. Link 3 arm-1
2026-06-10 01:55:57,747 INFO  ExportHelperExtension.cs: 1125 - Retrieving features of type [RefAxis] from 18. Link End Effector-1
2026-06-10 01:55:57,748 INFO  ExportHelperExtension.cs: 1136 - Found 22 in 18. Link End Effector-1
2026-06-10 01:55:57,748 INFO  ExportHelperExtension.cs: 1145 - Found 0 features of type [RefAxis] in 18. Link End Effector-1
2026-06-10 01:55:57,749 INFO  ExportHelperExtension.cs: 1125 - Retrieving features of type [RefAxis] from 15. Link 3 end-1
2026-06-10 01:55:57,750 INFO  ExportHelperExtension.cs: 1136 - Found 22 in 15. Link 3 end-1
2026-06-10 01:55:57,751 INFO  ExportHelperExtension.cs: 1145 - Found 0 features of type [RefAxis] in 15. Link 3 end-1
2026-06-10 01:55:57,752 INFO  ExportHelperExtension.cs: 1125 - Retrieving features of type [RefAxis] from 17. Joint 4-1
2026-06-10 01:55:57,752 INFO  ExportHelperExtension.cs: 1136 - Found 22 in 17. Joint 4-1
2026-06-10 01:55:57,753 INFO  ExportHelperExtension.cs: 1145 - Found 0 features of type [RefAxis] in 17. Joint 4-1
2026-06-10 01:55:57,754 INFO  ExportHelperExtension.cs: 1125 - Retrieving features of type [RefAxis] from 13. Link 2-1
2026-06-10 01:55:57,754 INFO  ExportHelperExtension.cs: 1136 - Found 22 in 13. Link 2-1
2026-06-10 01:55:57,755 INFO  ExportHelperExtension.cs: 1145 - Found 0 features of type [RefAxis] in 13. Link 2-1
2026-06-10 01:55:57,756 INFO  ExportHelperExtension.cs: 1125 - Retrieving features of type [RefAxis] from 14. Link 2 Mount-1
2026-06-10 01:55:57,757 INFO  ExportHelperExtension.cs: 1136 - Found 22 in 14. Link 2 Mount-1
2026-06-10 01:55:57,757 INFO  ExportHelperExtension.cs: 1145 - Found 0 features of type [RefAxis] in 14. Link 2 Mount-1
2026-06-10 01:55:57,758 INFO  ExportHelperExtension.cs: 1125 - Retrieving features of type [RefAxis] from 15. Joint 3-1
2026-06-10 01:55:57,759 INFO  ExportHelperExtension.cs: 1136 - Found 22 in 15. Joint 3-1
2026-06-10 01:55:57,760 INFO  ExportHelperExtension.cs: 1145 - Found 0 features of type [RefAxis] in 15. Joint 3-1
2026-06-10 01:55:57,761 INFO  ExportHelperExtension.cs: 1125 - Retrieving features of type [RefAxis] from 5. end effector mount-1
2026-06-10 01:55:57,762 INFO  ExportHelperExtension.cs: 1136 - Found 37 in 5. end effector mount-1
2026-06-10 01:55:57,763 INFO  ExportHelperExtension.cs: 1145 - Found 0 features of type [RefAxis] in 5. end effector mount-1
2026-06-10 01:55:57,763 INFO  ExportHelperExtension.cs: 1125 - Retrieving features of type [RefAxis] from 3. wrist joint mount-1
2026-06-10 01:55:57,764 INFO  ExportHelperExtension.cs: 1136 - Found 33 in 3. wrist joint mount-1
2026-06-10 01:55:57,765 INFO  ExportHelperExtension.cs: 1145 - Found 0 features of type [RefAxis] in 3. wrist joint mount-1
2026-06-10 01:55:57,765 INFO  ExportHelperExtension.cs: 1125 - Retrieving features of type [RefAxis] from 7. XL430_W250_T-1
2026-06-10 01:55:57,766 INFO  ExportHelperExtension.cs: 1136 - Found 36 in 7. XL430_W250_T-1
2026-06-10 01:55:57,767 INFO  ExportHelperExtension.cs: 1145 - Found 0 features of type [RefAxis] in 7. XL430_W250_T-1
2026-06-10 01:55:57,768 INFO  ExportHelperExtension.cs: 1125 - Retrieving features of type [RefAxis] from 2. wrist joint cover-1
2026-06-10 01:55:57,769 INFO  ExportHelperExtension.cs: 1136 - Found 25 in 2. wrist joint cover-1
2026-06-10 01:55:57,770 INFO  ExportHelperExtension.cs: 1145 - Found 0 features of type [RefAxis] in 2. wrist joint cover-1
2026-06-10 01:55:57,770 INFO  ExportHelperExtension.cs: 1125 - Retrieving features of type [RefAxis] from 4. Base Plate-1
2026-06-10 01:55:57,771 INFO  ExportHelperExtension.cs: 1136 - Found 25 in 4. Base Plate-1
2026-06-10 01:55:57,772 INFO  ExportHelperExtension.cs: 1145 - Found 0 features of type [RefAxis] in 4. Base Plate-1
2026-06-10 01:55:57,773 INFO  ExportHelperExtension.cs: 1125 - Retrieving features of type [RefAxis] from 8. Base Link-1
2026-06-10 01:55:57,774 INFO  ExportHelperExtension.cs: 1136 - Found 22 in 8. Base Link-1
2026-06-10 01:55:57,774 INFO  ExportHelperExtension.cs: 1145 - Found 0 features of type [RefAxis] in 8. Base Link-1
2026-06-10 01:55:57,776 INFO  ExportHelperExtension.cs: 1125 - Retrieving features of type [RefAxis] from 9. Base Joint-1
2026-06-10 01:55:57,777 INFO  ExportHelperExtension.cs: 1136 - Found 22 in 9. Base Joint-1
2026-06-10 01:55:57,777 INFO  ExportHelperExtension.cs: 1145 - Found 0 features of type [RefAxis] in 9. Base Joint-1
2026-06-10 01:55:57,778 INFO  ExportHelperExtension.cs: 1125 - Retrieving features of type [RefAxis] from 10. Link1-1
2026-06-10 01:55:57,778 INFO  ExportHelperExtension.cs: 1136 - Found 22 in 10. Link1-1
2026-06-10 01:55:57,779 INFO  ExportHelperExtension.cs: 1145 - Found 0 features of type [RefAxis] in 10. Link1-1
2026-06-10 01:55:57,779 INFO  ExportHelperExtension.cs: 1125 - Retrieving features of type [RefAxis] from 12. Joint 1-1
2026-06-10 01:55:57,780 INFO  ExportHelperExtension.cs: 1136 - Found 22 in 12. Joint 1-1
2026-06-10 01:55:57,780 INFO  ExportHelperExtension.cs: 1145 - Found 0 features of type [RefAxis] in 12. Joint 1-1
2026-06-10 01:55:59,398 INFO  SwAddin.cs: 339 - Loading config tree
2026-06-10 01:55:59,401 INFO  ExportPropertyManagerExtension.cs: 520 - Starting new configuration
2026-06-10 01:55:59,412 INFO  SwAddin.cs: 344 - Showing property manager
2026-06-10 01:56:15,692 INFO  ExportPropertyManager.cs: 1136 - OnNumberBoxTrackingCompleted called. This method no longer throws an Exception. It just silently does nothing. Ok, except for this logging message
2026-06-10 01:57:31,190 INFO  ExportPropertyManager.cs: 1018 - OnComboboxSelectionChanged called. This method no longer throws an Exception. It just silently does nothing. Ok, except for this logging message
2026-06-10 01:57:36,444 INFO  ExportPropertyManager.cs: 1136 - OnNumberBoxTrackingCompleted called. This method no longer throws an Exception. It just silently does nothing. Ok, except for this logging message
2026-06-10 01:58:02,571 INFO  ExportPropertyManager.cs: 1136 - OnNumberBoxTrackingCompleted called. This method no longer throws an Exception. It just silently does nothing. Ok, except for this logging message
2026-06-10 01:58:31,037 INFO  ExportPropertyManager.cs: 1018 - OnComboboxSelectionChanged called. This method no longer throws an Exception. It just silently does nothing. Ok, except for this logging message
2026-06-10 01:58:34,400 INFO  ExportPropertyManager.cs: 1018 - OnComboboxSelectionChanged called. This method no longer throws an Exception. It just silently does nothing. Ok, except for this logging message
2026-06-10 01:58:46,490 INFO  ExportPropertyManager.cs: 1136 - OnNumberBoxTrackingCompleted called. This method no longer throws an Exception. It just silently does nothing. Ok, except for this logging message
2026-06-10 01:58:55,514 INFO  ExportPropertyManager.cs: 1018 - OnComboboxSelectionChanged called. This method no longer throws an Exception. It just silently does nothing. Ok, except for this logging message
2026-06-10 01:59:17,789 INFO  ExportPropertyManager.cs: 1036 - OnListboxSelectionChanged called. This method no longer throws an Exception. It just silently does nothing. Ok, except for this logging message
2026-06-10 01:59:28,532 INFO  ExportPropertyManager.cs: 1136 - OnNumberBoxTrackingCompleted called. This method no longer throws an Exception. It just silently does nothing. Ok, except for this logging message
2026-06-10 01:59:43,520 INFO  ExportPropertyManager.cs: 1018 - OnComboboxSelectionChanged called. This method no longer throws an Exception. It just silently does nothing. Ok, except for this logging message
2026-06-10 02:00:10,473 INFO  ExportPropertyManager.cs: 416 - Configuration canceled
2026-06-10 02:00:10,621 INFO  ExportPropertyManager.cs: 1142 - AfterClose called. This method no longer throws an Exception. It just silently does nothing. Ok, except for this logging message
2026-06-10 02:21:43,730 INFO  SwAddin.cs: 294 - Assembly export called for file Complete Arm Assembly
2026-06-10 02:21:45,021 INFO  SwAddin.cs: 313 - Saving assembly
2026-06-10 02:21:45,332 INFO  SwAddin.cs: 316 - Opening property manager
2026-06-10 02:21:45,335 INFO  ExportHelperExtension.cs: 1125 - Retrieving features of type [CoordSys] from Complete Arm Assembly
2026-06-10 02:21:45,341 INFO  ExportHelperExtension.cs: 1136 - Found 102 in Complete Arm Assembly
2026-06-10 02:21:45,343 INFO  ExportHelperExtension.cs: 1145 - Found 0 features of type [CoordSys] in Complete Arm Assembly
2026-06-10 02:21:45,344 INFO  ExportHelperExtension.cs: 1148 - Proceeding through assembly components
2026-06-10 02:21:45,346 INFO  ExportHelperExtension.cs: 1160 - 18 components to check
2026-06-10 02:21:45,347 INFO  ExportHelperExtension.cs: 1125 - Retrieving features of type [CoordSys] from End Effector Full Build-1
2026-06-10 02:21:45,347 INFO  ExportHelperExtension.cs: 1136 - Found 65 in End Effector Full Build-1
2026-06-10 02:21:45,348 INFO  ExportHelperExtension.cs: 1145 - Found 0 features of type [CoordSys] in End Effector Full Build-1
2026-06-10 02:21:45,349 INFO  ExportHelperExtension.cs: 1125 - Retrieving features of type [CoordSys] from 12. Joint 1-2
2026-06-10 02:21:45,350 INFO  ExportHelperExtension.cs: 1136 - Found 22 in 12. Joint 1-2
2026-06-10 02:21:45,351 INFO  ExportHelperExtension.cs: 1145 - Found 0 features of type [CoordSys] in 12. Joint 1-2
2026-06-10 02:21:45,351 INFO  ExportHelperExtension.cs: 1125 - Retrieving features of type [CoordSys] from 16. Link 3 arm-1
2026-06-10 02:21:45,352 INFO  ExportHelperExtension.cs: 1136 - Found 22 in 16. Link 3 arm-1
2026-06-10 02:21:45,352 INFO  ExportHelperExtension.cs: 1145 - Found 0 features of type [CoordSys] in 16. Link 3 arm-1
2026-06-10 02:21:45,353 INFO  ExportHelperExtension.cs: 1125 - Retrieving features of type [CoordSys] from 18. Link End Effector-1
2026-06-10 02:21:45,355 INFO  ExportHelperExtension.cs: 1136 - Found 22 in 18. Link End Effector-1
2026-06-10 02:21:45,355 INFO  ExportHelperExtension.cs: 1145 - Found 0 features of type [CoordSys] in 18. Link End Effector-1
2026-06-10 02:21:45,356 INFO  ExportHelperExtension.cs: 1125 - Retrieving features of type [CoordSys] from 15. Link 3 end-1
2026-06-10 02:21:45,356 INFO  ExportHelperExtension.cs: 1136 - Found 22 in 15. Link 3 end-1
2026-06-10 02:21:45,357 INFO  ExportHelperExtension.cs: 1145 - Found 0 features of type [CoordSys] in 15. Link 3 end-1
2026-06-10 02:21:45,358 INFO  ExportHelperExtension.cs: 1125 - Retrieving features of type [CoordSys] from 17. Joint 4-1
2026-06-10 02:21:45,359 INFO  ExportHelperExtension.cs: 1136 - Found 22 in 17. Joint 4-1
2026-06-10 02:21:45,359 INFO  ExportHelperExtension.cs: 1145 - Found 0 features of type [CoordSys] in 17. Joint 4-1
2026-06-10 02:21:45,360 INFO  ExportHelperExtension.cs: 1125 - Retrieving features of type [CoordSys] from 13. Link 2-1
2026-06-10 02:21:45,362 INFO  ExportHelperExtension.cs: 1136 - Found 22 in 13. Link 2-1
2026-06-10 02:21:45,363 INFO  ExportHelperExtension.cs: 1145 - Found 0 features of type [CoordSys] in 13. Link 2-1
2026-06-10 02:21:45,363 INFO  ExportHelperExtension.cs: 1125 - Retrieving features of type [CoordSys] from 14. Link 2 Mount-1
2026-06-10 02:21:45,364 INFO  ExportHelperExtension.cs: 1136 - Found 22 in 14. Link 2 Mount-1
2026-06-10 02:21:45,364 INFO  ExportHelperExtension.cs: 1145 - Found 0 features of type [CoordSys] in 14. Link 2 Mount-1
2026-06-10 02:21:45,365 INFO  ExportHelperExtension.cs: 1125 - Retrieving features of type [CoordSys] from 15. Joint 3-1
2026-06-10 02:21:45,365 INFO  ExportHelperExtension.cs: 1136 - Found 22 in 15. Joint 3-1
2026-06-10 02:21:45,366 INFO  ExportHelperExtension.cs: 1145 - Found 0 features of type [CoordSys] in 15. Joint 3-1
2026-06-10 02:21:45,367 INFO  ExportHelperExtension.cs: 1125 - Retrieving features of type [CoordSys] from 5. end effector mount-1
2026-06-10 02:21:45,367 INFO  ExportHelperExtension.cs: 1136 - Found 37 in 5. end effector mount-1
2026-06-10 02:21:45,369 INFO  ExportHelperExtension.cs: 1145 - Found 0 features of type [CoordSys] in 5. end effector mount-1
2026-06-10 02:21:45,369 INFO  ExportHelperExtension.cs: 1125 - Retrieving features of type [CoordSys] from 3. wrist joint mount-1
2026-06-10 02:21:45,370 INFO  ExportHelperExtension.cs: 1136 - Found 33 in 3. wrist joint mount-1
2026-06-10 02:21:45,370 INFO  ExportHelperExtension.cs: 1145 - Found 0 features of type [CoordSys] in 3. wrist joint mount-1
2026-06-10 02:21:45,371 INFO  ExportHelperExtension.cs: 1125 - Retrieving features of type [CoordSys] from 7. XL430_W250_T-1
2026-06-10 02:21:45,372 INFO  ExportHelperExtension.cs: 1136 - Found 36 in 7. XL430_W250_T-1
2026-06-10 02:21:45,372 INFO  ExportHelperExtension.cs: 1145 - Found 0 features of type [CoordSys] in 7. XL430_W250_T-1
2026-06-10 02:21:45,372 INFO  ExportHelperExtension.cs: 1125 - Retrieving features of type [CoordSys] from 2. wrist joint cover-1
2026-06-10 02:21:45,373 INFO  ExportHelperExtension.cs: 1136 - Found 25 in 2. wrist joint cover-1
2026-06-10 02:21:45,374 INFO  ExportHelperExtension.cs: 1145 - Found 0 features of type [CoordSys] in 2. wrist joint cover-1
2026-06-10 02:21:45,374 INFO  ExportHelperExtension.cs: 1125 - Retrieving features of type [CoordSys] from 4. Base Plate-1
2026-06-10 02:21:45,376 INFO  ExportHelperExtension.cs: 1136 - Found 25 in 4. Base Plate-1
2026-06-10 02:21:45,376 INFO  ExportHelperExtension.cs: 1145 - Found 0 features of type [CoordSys] in 4. Base Plate-1
2026-06-10 02:21:45,377 INFO  ExportHelperExtension.cs: 1125 - Retrieving features of type [CoordSys] from 8. Base Link-1
2026-06-10 02:21:45,378 INFO  ExportHelperExtension.cs: 1136 - Found 22 in 8. Base Link-1
2026-06-10 02:21:45,379 INFO  ExportHelperExtension.cs: 1145 - Found 0 features of type [CoordSys] in 8. Base Link-1
2026-06-10 02:21:45,379 INFO  ExportHelperExtension.cs: 1125 - Retrieving features of type [CoordSys] from 9. Base Joint-1
2026-06-10 02:21:45,380 INFO  ExportHelperExtension.cs: 1136 - Found 22 in 9. Base Joint-1
2026-06-10 02:21:45,381 INFO  ExportHelperExtension.cs: 1145 - Found 0 features of type [CoordSys] in 9. Base Joint-1
2026-06-10 02:21:45,381 INFO  ExportHelperExtension.cs: 1125 - Retrieving features of type [CoordSys] from 10. Link1-1
2026-06-10 02:21:45,382 INFO  ExportHelperExtension.cs: 1136 - Found 22 in 10. Link1-1
2026-06-10 02:21:45,382 INFO  ExportHelperExtension.cs: 1145 - Found 0 features of type [CoordSys] in 10. Link1-1
2026-06-10 02:21:45,382 INFO  ExportHelperExtension.cs: 1125 - Retrieving features of type [CoordSys] from 12. Joint 1-1
2026-06-10 02:21:45,383 INFO  ExportHelperExtension.cs: 1136 - Found 22 in 12. Joint 1-1
2026-06-10 02:21:45,383 INFO  ExportHelperExtension.cs: 1145 - Found 0 features of type [CoordSys] in 12. Joint 1-1
2026-06-10 02:21:45,384 INFO  ExportHelperExtension.cs: 1125 - Retrieving features of type [RefAxis] from Complete Arm Assembly
2026-06-10 02:21:45,385 INFO  ExportHelperExtension.cs: 1136 - Found 102 in Complete Arm Assembly
2026-06-10 02:21:45,386 INFO  ExportHelperExtension.cs: 1145 - Found 0 features of type [RefAxis] in Complete Arm Assembly
2026-06-10 02:21:45,387 INFO  ExportHelperExtension.cs: 1148 - Proceeding through assembly components
2026-06-10 02:21:45,387 INFO  ExportHelperExtension.cs: 1160 - 18 components to check
2026-06-10 02:21:45,387 INFO  ExportHelperExtension.cs: 1125 - Retrieving features of type [RefAxis] from End Effector Full Build-1
2026-06-10 02:21:45,388 INFO  ExportHelperExtension.cs: 1136 - Found 65 in End Effector Full Build-1
2026-06-10 02:21:45,389 INFO  ExportHelperExtension.cs: 1145 - Found 0 features of type [RefAxis] in End Effector Full Build-1
2026-06-10 02:21:45,389 INFO  ExportHelperExtension.cs: 1125 - Retrieving features of type [RefAxis] from 12. Joint 1-2
2026-06-10 02:21:45,391 INFO  ExportHelperExtension.cs: 1136 - Found 22 in 12. Joint 1-2
2026-06-10 02:21:45,391 INFO  ExportHelperExtension.cs: 1145 - Found 0 features of type [RefAxis] in 12. Joint 1-2
2026-06-10 02:21:45,392 INFO  ExportHelperExtension.cs: 1125 - Retrieving features of type [RefAxis] from 16. Link 3 arm-1
2026-06-10 02:21:45,393 INFO  ExportHelperExtension.cs: 1136 - Found 22 in 16. Link 3 arm-1
2026-06-10 02:21:45,393 INFO  ExportHelperExtension.cs: 1145 - Found 0 features of type [RefAxis] in 16. Link 3 arm-1
2026-06-10 02:21:45,394 INFO  ExportHelperExtension.cs: 1125 - Retrieving features of type [RefAxis] from 18. Link End Effector-1
2026-06-10 02:21:45,395 INFO  ExportHelperExtension.cs: 1136 - Found 22 in 18. Link End Effector-1
2026-06-10 02:21:45,395 INFO  ExportHelperExtension.cs: 1145 - Found 0 features of type [RefAxis] in 18. Link End Effector-1
2026-06-10 02:21:45,396 INFO  ExportHelperExtension.cs: 1125 - Retrieving features of type [RefAxis] from 15. Link 3 end-1
2026-06-10 02:21:45,396 INFO  ExportHelperExtension.cs: 1136 - Found 22 in 15. Link 3 end-1
2026-06-10 02:21:45,396 INFO  ExportHelperExtension.cs: 1145 - Found 0 features of type [RefAxis] in 15. Link 3 end-1
2026-06-10 02:21:45,398 INFO  ExportHelperExtension.cs: 1125 - Retrieving features of type [RefAxis] from 17. Joint 4-1
2026-06-10 02:21:45,398 INFO  ExportHelperExtension.cs: 1136 - Found 22 in 17. Joint 4-1
2026-06-10 02:21:45,399 INFO  ExportHelperExtension.cs: 1145 - Found 0 features of type [RefAxis] in 17. Joint 4-1
2026-06-10 02:21:45,399 INFO  ExportHelperExtension.cs: 1125 - Retrieving features of type [RefAxis] from 13. Link 2-1
2026-06-10 02:21:45,399 INFO  ExportHelperExtension.cs: 1136 - Found 22 in 13. Link 2-1
2026-06-10 02:21:45,400 INFO  ExportHelperExtension.cs: 1145 - Found 0 features of type [RefAxis] in 13. Link 2-1
2026-06-10 02:21:45,400 INFO  ExportHelperExtension.cs: 1125 - Retrieving features of type [RefAxis] from 14. Link 2 Mount-1
2026-06-10 02:21:45,401 INFO  ExportHelperExtension.cs: 1136 - Found 22 in 14. Link 2 Mount-1
2026-06-10 02:21:45,401 INFO  ExportHelperExtension.cs: 1145 - Found 0 features of type [RefAxis] in 14. Link 2 Mount-1
2026-06-10 02:21:45,402 INFO  ExportHelperExtension.cs: 1125 - Retrieving features of type [RefAxis] from 15. Joint 3-1
2026-06-10 02:21:45,403 INFO  ExportHelperExtension.cs: 1136 - Found 22 in 15. Joint 3-1
2026-06-10 02:21:45,403 INFO  ExportHelperExtension.cs: 1145 - Found 0 features of type [RefAxis] in 15. Joint 3-1
2026-06-10 02:21:45,404 INFO  ExportHelperExtension.cs: 1125 - Retrieving features of type [RefAxis] from 5. end effector mount-1
2026-06-10 02:21:45,405 INFO  ExportHelperExtension.cs: 1136 - Found 37 in 5. end effector mount-1
2026-06-10 02:21:45,406 INFO  ExportHelperExtension.cs: 1145 - Found 0 features of type [RefAxis] in 5. end effector mount-1
2026-06-10 02:21:45,406 INFO  ExportHelperExtension.cs: 1125 - Retrieving features of type [RefAxis] from 3. wrist joint mount-1
2026-06-10 02:21:45,407 INFO  ExportHelperExtension.cs: 1136 - Found 33 in 3. wrist joint mount-1
2026-06-10 02:21:45,407 INFO  ExportHelperExtension.cs: 1145 - Found 0 features of type [RefAxis] in 3. wrist joint mount-1
2026-06-10 02:21:45,408 INFO  ExportHelperExtension.cs: 1125 - Retrieving features of type [RefAxis] from 7. XL430_W250_T-1
2026-06-10 02:21:45,408 INFO  ExportHelperExtension.cs: 1136 - Found 36 in 7. XL430_W250_T-1
2026-06-10 02:21:45,409 INFO  ExportHelperExtension.cs: 1145 - Found 0 features of type [RefAxis] in 7. XL430_W250_T-1
2026-06-10 02:21:45,410 INFO  ExportHelperExtension.cs: 1125 - Retrieving features of type [RefAxis] from 2. wrist joint cover-1
2026-06-10 02:21:45,410 INFO  ExportHelperExtension.cs: 1136 - Found 25 in 2. wrist joint cover-1
2026-06-10 02:21:45,411 INFO  ExportHelperExtension.cs: 1145 - Found 0 features of type [RefAxis] in 2. wrist joint cover-1
2026-06-10 02:21:45,411 INFO  ExportHelperExtension.cs: 1125 - Retrieving features of type [RefAxis] from 4. Base Plate-1
2026-06-10 02:21:45,413 INFO  ExportHelperExtension.cs: 1136 - Found 25 in 4. Base Plate-1
2026-06-10 02:21:45,413 INFO  ExportHelperExtension.cs: 1145 - Found 0 features of type [RefAxis] in 4. Base Plate-1
2026-06-10 02:21:45,413 INFO  ExportHelperExtension.cs: 1125 - Retrieving features of type [RefAxis] from 8. Base Link-1
2026-06-10 02:21:45,414 INFO  ExportHelperExtension.cs: 1136 - Found 22 in 8. Base Link-1
2026-06-10 02:21:45,414 INFO  ExportHelperExtension.cs: 1145 - Found 0 features of type [RefAxis] in 8. Base Link-1
2026-06-10 02:21:45,415 INFO  ExportHelperExtension.cs: 1125 - Retrieving features of type [RefAxis] from 9. Base Joint-1
2026-06-10 02:21:45,416 INFO  ExportHelperExtension.cs: 1136 - Found 22 in 9. Base Joint-1
2026-06-10 02:21:45,416 INFO  ExportHelperExtension.cs: 1145 - Found 0 features of type [RefAxis] in 9. Base Joint-1
2026-06-10 02:21:45,417 INFO  ExportHelperExtension.cs: 1125 - Retrieving features of type [RefAxis] from 10. Link1-1
2026-06-10 02:21:45,417 INFO  ExportHelperExtension.cs: 1136 - Found 22 in 10. Link1-1
2026-06-10 02:21:45,417 INFO  ExportHelperExtension.cs: 1145 - Found 0 features of type [RefAxis] in 10. Link1-1
2026-06-10 02:21:45,418 INFO  ExportHelperExtension.cs: 1125 - Retrieving features of type [RefAxis] from 12. Joint 1-1
2026-06-10 02:21:45,418 INFO  ExportHelperExtension.cs: 1136 - Found 22 in 12. Joint 1-1
2026-06-10 02:21:45,419 INFO  ExportHelperExtension.cs: 1145 - Found 0 features of type [RefAxis] in 12. Joint 1-1
2026-06-10 02:21:46,016 INFO  SwAddin.cs: 339 - Loading config tree
2026-06-10 02:21:46,017 INFO  ExportPropertyManagerExtension.cs: 520 - Starting new configuration
2026-06-10 02:21:46,023 INFO  SwAddin.cs: 344 - Showing property manager
2026-06-10 02:21:55,147 INFO  ExportPropertyManager.cs: 1136 - OnNumberBoxTrackingCompleted called. This method no longer throws an Exception. It just silently does nothing. Ok, except for this logging message
2026-06-10 02:21:59,289 INFO  ExportPropertyManager.cs: 1136 - OnNumberBoxTrackingCompleted called. This method no longer throws an Exception. It just silently does nothing. Ok, except for this logging message
2026-06-10 02:22:02,073 INFO  ExportPropertyManager.cs: 1018 - OnComboboxSelectionChanged called. This method no longer throws an Exception. It just silently does nothing. Ok, except for this logging message
2026-06-10 02:22:33,849 INFO  ExportPropertyManager.cs: 1136 - OnNumberBoxTrackingCompleted called. This method no longer throws an Exception. It just silently does nothing. Ok, except for this logging message
2026-06-10 02:22:56,056 INFO  ExportPropertyManager.cs: 1136 - OnNumberBoxTrackingCompleted called. This method no longer throws an Exception. It just silently does nothing. Ok, except for this logging message
2026-06-10 02:23:20,081 INFO  ExportPropertyManager.cs: 1136 - OnNumberBoxTrackingCompleted called. This method no longer throws an Exception. It just silently does nothing. Ok, except for this logging message
2026-06-10 02:23:21,322 INFO  ExportPropertyManager.cs: 1018 - OnComboboxSelectionChanged called. This method no longer throws an Exception. It just silently does nothing. Ok, except for this logging message
2026-06-10 02:23:28,426 INFO  ExportPropertyManager.cs: 1018 - OnComboboxSelectionChanged called. This method no longer throws an Exception. It just silently does nothing. Ok, except for this logging message
2026-06-10 02:23:45,462 INFO  ExportPropertyManager.cs: 1018 - OnComboboxSelectionChanged called. This method no longer throws an Exception. It just silently does nothing. Ok, except for this logging message
2026-06-10 02:23:55,201 INFO  ExportPropertyManager.cs: 1136 - OnNumberBoxTrackingCompleted called. This method no longer throws an Exception. It just silently does nothing. Ok, except for this logging message
2026-06-10 02:24:07,916 INFO  ExportPropertyManager.cs: 1018 - OnComboboxSelectionChanged called. This method no longer throws an Exception. It just silently does nothing. Ok, except for this logging message
2026-06-10 02:24:11,061 INFO  ExportPropertyManager.cs: 1136 - OnNumberBoxTrackingCompleted called. This method no longer throws an Exception. It just silently does nothing. Ok, except for this logging message
2026-06-10 02:26:26,538 INFO  ExportPropertyManager.cs: 1136 - OnNumberBoxTrackingCompleted called. This method no longer throws an Exception. It just silently does nothing. Ok, except for this logging message
2026-06-10 02:26:26,565 INFO  ExportPropertyManager.cs: 1136 - OnNumberBoxTrackingCompleted called. This method no longer throws an Exception. It just silently does nothing. Ok, except for this logging message
2026-06-10 02:26:26,746 INFO  ExportPropertyManager.cs: 1136 - OnNumberBoxTrackingCompleted called. This method no longer throws an Exception. It just silently does nothing. Ok, except for this logging message
2026-06-10 02:26:26,763 INFO  ExportPropertyManager.cs: 1136 - OnNumberBoxTrackingCompleted called. This method no longer throws an Exception. It just silently does nothing. Ok, except for this logging message
2026-06-10 02:26:26,783 INFO  ExportPropertyManager.cs: 1136 - OnNumberBoxTrackingCompleted called. This method no longer throws an Exception. It just silently does nothing. Ok, except for this logging message
2026-06-10 02:26:26,795 INFO  ExportPropertyManager.cs: 1136 - OnNumberBoxTrackingCompleted called. This method no longer throws an Exception. It just silently does nothing. Ok, except for this logging message
2026-06-10 02:26:26,833 INFO  ExportPropertyManager.cs: 1136 - OnNumberBoxTrackingCompleted called. This method no longer throws an Exception. It just silently does nothing. Ok, except for this logging message
2026-06-10 02:26:52,238 INFO  ExportPropertyManager.cs: 1136 - OnNumberBoxTrackingCompleted called. This method no longer throws an Exception. It just silently does nothing. Ok, except for this logging message
2026-06-10 02:27:08,172 INFO  ExportPropertyManager.cs: 1018 - OnComboboxSelectionChanged called. This method no longer throws an Exception. It just silently does nothing. Ok, except for this logging message
2026-06-10 02:27:52,498 INFO  ExportPropertyManager.cs: 1036 - OnListboxSelectionChanged called. This method no longer throws an Exception. It just silently does nothing. Ok, except for this logging message
2026-06-10 02:27:53,115 INFO  ExportPropertyManager.cs: 1036 - OnListboxSelectionChanged called. This method no longer throws an Exception. It just silently does nothing. Ok, except for this logging message
2026-06-10 02:27:56,303 INFO  ExportPropertyManager.cs: 1036 - OnListboxSelectionChanged called. This method no longer throws an Exception. It just silently does nothing. Ok, except for this logging message
2026-06-10 02:27:58,019 INFO  ExportPropertyManager.cs: 1036 - OnListboxSelectionChanged called. This method no longer throws an Exception. It just silently does nothing. Ok, except for this logging message
2026-06-10 02:28:00,152 INFO  ExportPropertyManager.cs: 1036 - OnListboxSelectionChanged called. This method no longer throws an Exception. It just silently does nothing. Ok, except for this logging message
2026-06-10 02:28:05,429 INFO  ExportPropertyManager.cs: 1036 - OnListboxSelectionChanged called. This method no longer throws an Exception. It just silently does nothing. Ok, except for this logging message
2026-06-10 02:28:06,896 INFO  ExportPropertyManager.cs: 1036 - OnListboxSelectionChanged called. This method no longer throws an Exception. It just silently does nothing. Ok, except for this logging message
2026-06-10 02:28:09,429 INFO  ExportPropertyManager.cs: 1036 - OnListboxSelectionChanged called. This method no longer throws an Exception. It just silently does nothing. Ok, except for this logging message
2026-06-10 02:28:13,874 INFO  ExportPropertyManager.cs: 1036 - OnListboxSelectionChanged called. This method no longer throws an Exception. It just silently does nothing. Ok, except for this logging message
2026-06-10 02:29:15,918 INFO  ExportPropertyManager.cs: 1142 - AfterClose called. This method no longer throws an Exception. It just silently does nothing. Ok, except for this logging message
2026-06-10 02:29:30,376 INFO  SwAddin.cs: 294 - Assembly export called for file Complete Arm Assembly
2026-06-10 02:29:31,769 INFO  SwAddin.cs: 313 - Saving assembly
2026-06-10 02:29:32,248 INFO  SwAddin.cs: 316 - Opening property manager
2026-06-10 02:29:32,250 INFO  ExportHelperExtension.cs: 1125 - Retrieving features of type [CoordSys] from Complete Arm Assembly
2026-06-10 02:29:32,252 INFO  ExportHelperExtension.cs: 1136 - Found 102 in Complete Arm Assembly
2026-06-10 02:29:32,253 INFO  ExportHelperExtension.cs: 1145 - Found 0 features of type [CoordSys] in Complete Arm Assembly
2026-06-10 02:29:32,253 INFO  ExportHelperExtension.cs: 1148 - Proceeding through assembly components
2026-06-10 02:29:32,254 INFO  ExportHelperExtension.cs: 1160 - 18 components to check
2026-06-10 02:29:32,254 INFO  ExportHelperExtension.cs: 1125 - Retrieving features of type [CoordSys] from End Effector Full Build-1
2026-06-10 02:29:32,255 INFO  ExportHelperExtension.cs: 1136 - Found 65 in End Effector Full Build-1
2026-06-10 02:29:32,255 INFO  ExportHelperExtension.cs: 1145 - Found 0 features of type [CoordSys] in End Effector Full Build-1
2026-06-10 02:29:32,256 INFO  ExportHelperExtension.cs: 1125 - Retrieving features of type [CoordSys] from 12. Joint 1-2
2026-06-10 02:29:32,256 INFO  ExportHelperExtension.cs: 1136 - Found 22 in 12. Joint 1-2
2026-06-10 02:29:32,256 INFO  ExportHelperExtension.cs: 1145 - Found 0 features of type [CoordSys] in 12. Joint 1-2
2026-06-10 02:29:32,257 INFO  ExportHelperExtension.cs: 1125 - Retrieving features of type [CoordSys] from 16. Link 3 arm-1
2026-06-10 02:29:32,257 INFO  ExportHelperExtension.cs: 1136 - Found 22 in 16. Link 3 arm-1
2026-06-10 02:29:32,257 INFO  ExportHelperExtension.cs: 1145 - Found 0 features of type [CoordSys] in 16. Link 3 arm-1
2026-06-10 02:29:32,258 INFO  ExportHelperExtension.cs: 1125 - Retrieving features of type [CoordSys] from 18. Link End Effector-1
2026-06-10 02:29:32,258 INFO  ExportHelperExtension.cs: 1136 - Found 22 in 18. Link End Effector-1
2026-06-10 02:29:32,258 INFO  ExportHelperExtension.cs: 1145 - Found 0 features of type [CoordSys] in 18. Link End Effector-1
2026-06-10 02:29:32,259 INFO  ExportHelperExtension.cs: 1125 - Retrieving features of type [CoordSys] from 15. Link 3 end-1
2026-06-10 02:29:32,259 INFO  ExportHelperExtension.cs: 1136 - Found 22 in 15. Link 3 end-1
2026-06-10 02:29:32,260 INFO  ExportHelperExtension.cs: 1145 - Found 0 features of type [CoordSys] in 15. Link 3 end-1
2026-06-10 02:29:32,260 INFO  ExportHelperExtension.cs: 1125 - Retrieving features of type [CoordSys] from 17. Joint 4-1
2026-06-10 02:29:32,261 INFO  ExportHelperExtension.cs: 1136 - Found 22 in 17. Joint 4-1
2026-06-10 02:29:32,261 INFO  ExportHelperExtension.cs: 1145 - Found 0 features of type [CoordSys] in 17. Joint 4-1
2026-06-10 02:29:32,262 INFO  ExportHelperExtension.cs: 1125 - Retrieving features of type [CoordSys] from 13. Link 2-1
2026-06-10 02:29:32,262 INFO  ExportHelperExtension.cs: 1136 - Found 22 in 13. Link 2-1
2026-06-10 02:29:32,262 INFO  ExportHelperExtension.cs: 1145 - Found 0 features of type [CoordSys] in 13. Link 2-1
2026-06-10 02:29:32,263 INFO  ExportHelperExtension.cs: 1125 - Retrieving features of type [CoordSys] from 14. Link 2 Mount-1
2026-06-10 02:29:32,263 INFO  ExportHelperExtension.cs: 1136 - Found 22 in 14. Link 2 Mount-1
2026-06-10 02:29:32,264 INFO  ExportHelperExtension.cs: 1145 - Found 0 features of type [CoordSys] in 14. Link 2 Mount-1
2026-06-10 02:29:32,266 INFO  ExportHelperExtension.cs: 1125 - Retrieving features of type [CoordSys] from 15. Joint 3-1
2026-06-10 02:29:32,266 INFO  ExportHelperExtension.cs: 1136 - Found 22 in 15. Joint 3-1
2026-06-10 02:29:32,266 INFO  ExportHelperExtension.cs: 1145 - Found 0 features of type [CoordSys] in 15. Joint 3-1
2026-06-10 02:29:32,267 INFO  ExportHelperExtension.cs: 1125 - Retrieving features of type [CoordSys] from 5. end effector mount-1
2026-06-10 02:29:32,267 INFO  ExportHelperExtension.cs: 1136 - Found 37 in 5. end effector mount-1
2026-06-10 02:29:32,268 INFO  ExportHelperExtension.cs: 1145 - Found 0 features of type [CoordSys] in 5. end effector mount-1
2026-06-10 02:29:32,269 INFO  ExportHelperExtension.cs: 1125 - Retrieving features of type [CoordSys] from 3. wrist joint mount-1
2026-06-10 02:29:32,269 INFO  ExportHelperExtension.cs: 1136 - Found 33 in 3. wrist joint mount-1
2026-06-10 02:29:32,269 INFO  ExportHelperExtension.cs: 1145 - Found 0 features of type [CoordSys] in 3. wrist joint mount-1
2026-06-10 02:29:32,270 INFO  ExportHelperExtension.cs: 1125 - Retrieving features of type [CoordSys] from 7. XL430_W250_T-1
2026-06-10 02:29:32,270 INFO  ExportHelperExtension.cs: 1136 - Found 36 in 7. XL430_W250_T-1
2026-06-10 02:29:32,271 INFO  ExportHelperExtension.cs: 1145 - Found 0 features of type [CoordSys] in 7. XL430_W250_T-1
2026-06-10 02:29:32,271 INFO  ExportHelperExtension.cs: 1125 - Retrieving features of type [CoordSys] from 2. wrist joint cover-1
2026-06-10 02:29:32,273 INFO  ExportHelperExtension.cs: 1136 - Found 25 in 2. wrist joint cover-1
2026-06-10 02:29:32,273 INFO  ExportHelperExtension.cs: 1145 - Found 0 features of type [CoordSys] in 2. wrist joint cover-1
2026-06-10 02:29:32,273 INFO  ExportHelperExtension.cs: 1125 - Retrieving features of type [CoordSys] from 4. Base Plate-1
2026-06-10 02:29:32,273 INFO  ExportHelperExtension.cs: 1136 - Found 25 in 4. Base Plate-1
2026-06-10 02:29:32,274 INFO  ExportHelperExtension.cs: 1145 - Found 0 features of type [CoordSys] in 4. Base Plate-1
2026-06-10 02:29:32,275 INFO  ExportHelperExtension.cs: 1125 - Retrieving features of type [CoordSys] from 8. Base Link-1
2026-06-10 02:29:32,276 INFO  ExportHelperExtension.cs: 1136 - Found 22 in 8. Base Link-1
2026-06-10 02:29:32,276 INFO  ExportHelperExtension.cs: 1145 - Found 0 features of type [CoordSys] in 8. Base Link-1
2026-06-10 02:29:32,277 INFO  ExportHelperExtension.cs: 1125 - Retrieving features of type [CoordSys] from 9. Base Joint-1
2026-06-10 02:29:32,277 INFO  ExportHelperExtension.cs: 1136 - Found 22 in 9. Base Joint-1
2026-06-10 02:29:32,278 INFO  ExportHelperExtension.cs: 1145 - Found 0 features of type [CoordSys] in 9. Base Joint-1
2026-06-10 02:29:32,278 INFO  ExportHelperExtension.cs: 1125 - Retrieving features of type [CoordSys] from 10. Link1-1
2026-06-10 02:29:32,279 INFO  ExportHelperExtension.cs: 1136 - Found 22 in 10. Link1-1
2026-06-10 02:29:32,279 INFO  ExportHelperExtension.cs: 1145 - Found 0 features of type [CoordSys] in 10. Link1-1
2026-06-10 02:29:32,280 INFO  ExportHelperExtension.cs: 1125 - Retrieving features of type [CoordSys] from 12. Joint 1-1
2026-06-10 02:29:32,281 INFO  ExportHelperExtension.cs: 1136 - Found 22 in 12. Joint 1-1
2026-06-10 02:29:32,282 INFO  ExportHelperExtension.cs: 1145 - Found 0 features of type [CoordSys] in 12. Joint 1-1
2026-06-10 02:29:32,282 INFO  ExportHelperExtension.cs: 1125 - Retrieving features of type [RefAxis] from Complete Arm Assembly
2026-06-10 02:29:32,283 INFO  ExportHelperExtension.cs: 1136 - Found 102 in Complete Arm Assembly
2026-06-10 02:29:32,284 INFO  ExportHelperExtension.cs: 1145 - Found 0 features of type [RefAxis] in Complete Arm Assembly
2026-06-10 02:29:32,284 INFO  ExportHelperExtension.cs: 1148 - Proceeding through assembly components
2026-06-10 02:29:32,285 INFO  ExportHelperExtension.cs: 1160 - 18 components to check
2026-06-10 02:29:32,285 INFO  ExportHelperExtension.cs: 1125 - Retrieving features of type [RefAxis] from End Effector Full Build-1
2026-06-10 02:29:32,286 INFO  ExportHelperExtension.cs: 1136 - Found 65 in End Effector Full Build-1
2026-06-10 02:29:32,287 INFO  ExportHelperExtension.cs: 1145 - Found 0 features of type [RefAxis] in End Effector Full Build-1
2026-06-10 02:29:32,287 INFO  ExportHelperExtension.cs: 1125 - Retrieving features of type [RefAxis] from 12. Joint 1-2
2026-06-10 02:29:32,288 INFO  ExportHelperExtension.cs: 1136 - Found 22 in 12. Joint 1-2
2026-06-10 02:29:32,289 INFO  ExportHelperExtension.cs: 1145 - Found 0 features of type [RefAxis] in 12. Joint 1-2
2026-06-10 02:29:32,289 INFO  ExportHelperExtension.cs: 1125 - Retrieving features of type [RefAxis] from 16. Link 3 arm-1
2026-06-10 02:29:32,290 INFO  ExportHelperExtension.cs: 1136 - Found 22 in 16. Link 3 arm-1
2026-06-10 02:29:32,290 INFO  ExportHelperExtension.cs: 1145 - Found 0 features of type [RefAxis] in 16. Link 3 arm-1
2026-06-10 02:29:32,291 INFO  ExportHelperExtension.cs: 1125 - Retrieving features of type [RefAxis] from 18. Link End Effector-1
2026-06-10 02:29:32,291 INFO  ExportHelperExtension.cs: 1136 - Found 22 in 18. Link End Effector-1
2026-06-10 02:29:32,292 INFO  ExportHelperExtension.cs: 1145 - Found 0 features of type [RefAxis] in 18. Link End Effector-1
2026-06-10 02:29:32,293 INFO  ExportHelperExtension.cs: 1125 - Retrieving features of type [RefAxis] from 15. Link 3 end-1
2026-06-10 02:29:32,293 INFO  ExportHelperExtension.cs: 1136 - Found 22 in 15. Link 3 end-1
2026-06-10 02:29:32,294 INFO  ExportHelperExtension.cs: 1145 - Found 0 features of type [RefAxis] in 15. Link 3 end-1
2026-06-10 02:29:32,294 INFO  ExportHelperExtension.cs: 1125 - Retrieving features of type [RefAxis] from 17. Joint 4-1
2026-06-10 02:29:32,295 INFO  ExportHelperExtension.cs: 1136 - Found 22 in 17. Joint 4-1
2026-06-10 02:29:32,295 INFO  ExportHelperExtension.cs: 1145 - Found 0 features of type [RefAxis] in 17. Joint 4-1
2026-06-10 02:29:32,296 INFO  ExportHelperExtension.cs: 1125 - Retrieving features of type [RefAxis] from 13. Link 2-1
2026-06-10 02:29:32,296 INFO  ExportHelperExtension.cs: 1136 - Found 22 in 13. Link 2-1
2026-06-10 02:29:32,297 INFO  ExportHelperExtension.cs: 1145 - Found 0 features of type [RefAxis] in 13. Link 2-1
2026-06-10 02:29:32,297 INFO  ExportHelperExtension.cs: 1125 - Retrieving features of type [RefAxis] from 14. Link 2 Mount-1
2026-06-10 02:29:32,298 INFO  ExportHelperExtension.cs: 1136 - Found 22 in 14. Link 2 Mount-1
2026-06-10 02:29:32,299 INFO  ExportHelperExtension.cs: 1145 - Found 0 features of type [RefAxis] in 14. Link 2 Mount-1
2026-06-10 02:29:32,299 INFO  ExportHelperExtension.cs: 1125 - Retrieving features of type [RefAxis] from 15. Joint 3-1
2026-06-10 02:29:32,300 INFO  ExportHelperExtension.cs: 1136 - Found 22 in 15. Joint 3-1
2026-06-10 02:29:32,300 INFO  ExportHelperExtension.cs: 1145 - Found 0 features of type [RefAxis] in 15. Joint 3-1
2026-06-10 02:29:32,301 INFO  ExportHelperExtension.cs: 1125 - Retrieving features of type [RefAxis] from 5. end effector mount-1
2026-06-10 02:29:32,302 INFO  ExportHelperExtension.cs: 1136 - Found 37 in 5. end effector mount-1
2026-06-10 02:29:32,302 INFO  ExportHelperExtension.cs: 1145 - Found 0 features of type [RefAxis] in 5. end effector mount-1
2026-06-10 02:29:32,303 INFO  ExportHelperExtension.cs: 1125 - Retrieving features of type [RefAxis] from 3. wrist joint mount-1
2026-06-10 02:29:32,303 INFO  ExportHelperExtension.cs: 1136 - Found 33 in 3. wrist joint mount-1
2026-06-10 02:29:32,304 INFO  ExportHelperExtension.cs: 1145 - Found 0 features of type [RefAxis] in 3. wrist joint mount-1
2026-06-10 02:29:32,304 INFO  ExportHelperExtension.cs: 1125 - Retrieving features of type [RefAxis] from 7. XL430_W250_T-1
2026-06-10 02:29:32,305 INFO  ExportHelperExtension.cs: 1136 - Found 36 in 7. XL430_W250_T-1
2026-06-10 02:29:32,305 INFO  ExportHelperExtension.cs: 1145 - Found 0 features of type [RefAxis] in 7. XL430_W250_T-1
2026-06-10 02:29:32,306 INFO  ExportHelperExtension.cs: 1125 - Retrieving features of type [RefAxis] from 2. wrist joint cover-1
2026-06-10 02:29:32,306 INFO  ExportHelperExtension.cs: 1136 - Found 25 in 2. wrist joint cover-1
2026-06-10 02:29:32,307 INFO  ExportHelperExtension.cs: 1145 - Found 0 features of type [RefAxis] in 2. wrist joint cover-1
2026-06-10 02:29:32,307 INFO  ExportHelperExtension.cs: 1125 - Retrieving features of type [RefAxis] from 4. Base Plate-1
2026-06-10 02:29:32,309 INFO  ExportHelperExtension.cs: 1136 - Found 25 in 4. Base Plate-1
2026-06-10 02:29:32,310 INFO  ExportHelperExtension.cs: 1145 - Found 0 features of type [RefAxis] in 4. Base Plate-1
2026-06-10 02:29:32,310 INFO  ExportHelperExtension.cs: 1125 - Retrieving features of type [RefAxis] from 8. Base Link-1
2026-06-10 02:29:32,311 INFO  ExportHelperExtension.cs: 1136 - Found 22 in 8. Base Link-1
2026-06-10 02:29:32,311 INFO  ExportHelperExtension.cs: 1145 - Found 0 features of type [RefAxis] in 8. Base Link-1
2026-06-10 02:29:32,311 INFO  ExportHelperExtension.cs: 1125 - Retrieving features of type [RefAxis] from 9. Base Joint-1
2026-06-10 02:29:32,311 INFO  ExportHelperExtension.cs: 1136 - Found 22 in 9. Base Joint-1
2026-06-10 02:29:32,312 INFO  ExportHelperExtension.cs: 1145 - Found 0 features of type [RefAxis] in 9. Base Joint-1
2026-06-10 02:29:32,312 INFO  ExportHelperExtension.cs: 1125 - Retrieving features of type [RefAxis] from 10. Link1-1
2026-06-10 02:29:32,312 INFO  ExportHelperExtension.cs: 1136 - Found 22 in 10. Link1-1
2026-06-10 02:29:32,313 INFO  ExportHelperExtension.cs: 1145 - Found 0 features of type [RefAxis] in 10. Link1-1
2026-06-10 02:29:32,313 INFO  ExportHelperExtension.cs: 1125 - Retrieving features of type [RefAxis] from 12. Joint 1-1
2026-06-10 02:29:32,313 INFO  ExportHelperExtension.cs: 1136 - Found 22 in 12. Joint 1-1
2026-06-10 02:29:32,314 INFO  ExportHelperExtension.cs: 1145 - Found 0 features of type [RefAxis] in 12. Joint 1-1
2026-06-10 02:29:32,696 INFO  SwAddin.cs: 339 - Loading config tree
2026-06-10 02:29:32,697 INFO  ExportPropertyManagerExtension.cs: 520 - Starting new configuration
2026-06-10 02:29:32,713 INFO  SwAddin.cs: 344 - Showing property manager
2026-06-10 02:29:38,378 INFO  ExportPropertyManager.cs: 416 - Configuration canceled
2026-06-10 02:29:38,463 INFO  ExportPropertyManager.cs: 1142 - AfterClose called. This method no longer throws an Exception. It just silently does nothing. Ok, except for this logging message
2026-06-10 02:29:48,621 INFO  SwAddin.cs: 294 - Assembly export called for file Complete Arm Assembly
2026-06-10 02:29:49,796 INFO  SwAddin.cs: 313 - Saving assembly
2026-06-10 02:29:50,159 INFO  SwAddin.cs: 316 - Opening property manager
2026-06-10 02:29:50,161 INFO  ExportHelperExtension.cs: 1125 - Retrieving features of type [CoordSys] from Complete Arm Assembly
2026-06-10 02:29:50,162 INFO  ExportHelperExtension.cs: 1136 - Found 102 in Complete Arm Assembly
2026-06-10 02:29:50,164 INFO  ExportHelperExtension.cs: 1145 - Found 0 features of type [CoordSys] in Complete Arm Assembly
2026-06-10 02:29:50,165 INFO  ExportHelperExtension.cs: 1148 - Proceeding through assembly components
2026-06-10 02:29:50,166 INFO  ExportHelperExtension.cs: 1160 - 18 components to check
2026-06-10 02:29:50,166 INFO  ExportHelperExtension.cs: 1125 - Retrieving features of type [CoordSys] from End Effector Full Build-1
2026-06-10 02:29:50,167 INFO  ExportHelperExtension.cs: 1136 - Found 65 in End Effector Full Build-1
2026-06-10 02:29:50,168 INFO  ExportHelperExtension.cs: 1145 - Found 0 features of type [CoordSys] in End Effector Full Build-1
2026-06-10 02:29:50,168 INFO  ExportHelperExtension.cs: 1125 - Retrieving features of type [CoordSys] from 12. Joint 1-2
2026-06-10 02:29:50,169 INFO  ExportHelperExtension.cs: 1136 - Found 22 in 12. Joint 1-2
2026-06-10 02:29:50,169 INFO  ExportHelperExtension.cs: 1145 - Found 0 features of type [CoordSys] in 12. Joint 1-2
2026-06-10 02:29:50,169 INFO  ExportHelperExtension.cs: 1125 - Retrieving features of type [CoordSys] from 16. Link 3 arm-1
2026-06-10 02:29:50,170 INFO  ExportHelperExtension.cs: 1136 - Found 22 in 16. Link 3 arm-1
2026-06-10 02:29:50,170 INFO  ExportHelperExtension.cs: 1145 - Found 0 features of type [CoordSys] in 16. Link 3 arm-1
2026-06-10 02:29:50,170 INFO  ExportHelperExtension.cs: 1125 - Retrieving features of type [CoordSys] from 18. Link End Effector-1
2026-06-10 02:29:50,171 INFO  ExportHelperExtension.cs: 1136 - Found 22 in 18. Link End Effector-1
2026-06-10 02:29:50,171 INFO  ExportHelperExtension.cs: 1145 - Found 0 features of type [CoordSys] in 18. Link End Effector-1
2026-06-10 02:29:50,171 INFO  ExportHelperExtension.cs: 1125 - Retrieving features of type [CoordSys] from 15. Link 3 end-1
2026-06-10 02:29:50,172 INFO  ExportHelperExtension.cs: 1136 - Found 22 in 15. Link 3 end-1
2026-06-10 02:29:50,172 INFO  ExportHelperExtension.cs: 1145 - Found 0 features of type [CoordSys] in 15. Link 3 end-1
2026-06-10 02:29:50,173 INFO  ExportHelperExtension.cs: 1125 - Retrieving features of type [CoordSys] from 17. Joint 4-1
2026-06-10 02:29:50,173 INFO  ExportHelperExtension.cs: 1136 - Found 22 in 17. Joint 4-1
2026-06-10 02:29:50,173 INFO  ExportHelperExtension.cs: 1145 - Found 0 features of type [CoordSys] in 17. Joint 4-1
2026-06-10 02:29:50,174 INFO  ExportHelperExtension.cs: 1125 - Retrieving features of type [CoordSys] from 13. Link 2-1
2026-06-10 02:29:50,174 INFO  ExportHelperExtension.cs: 1136 - Found 22 in 13. Link 2-1
2026-06-10 02:29:50,174 INFO  ExportHelperExtension.cs: 1145 - Found 0 features of type [CoordSys] in 13. Link 2-1
2026-06-10 02:29:50,175 INFO  ExportHelperExtension.cs: 1125 - Retrieving features of type [CoordSys] from 14. Link 2 Mount-1
2026-06-10 02:29:50,175 INFO  ExportHelperExtension.cs: 1136 - Found 22 in 14. Link 2 Mount-1
2026-06-10 02:29:50,176 INFO  ExportHelperExtension.cs: 1145 - Found 0 features of type [CoordSys] in 14. Link 2 Mount-1
2026-06-10 02:29:50,176 INFO  ExportHelperExtension.cs: 1125 - Retrieving features of type [CoordSys] from 15. Joint 3-1
2026-06-10 02:29:50,195 INFO  ExportHelperExtension.cs: 1136 - Found 22 in 15. Joint 3-1
2026-06-10 02:29:50,196 INFO  ExportHelperExtension.cs: 1145 - Found 0 features of type [CoordSys] in 15. Joint 3-1
2026-06-10 02:29:50,196 INFO  ExportHelperExtension.cs: 1125 - Retrieving features of type [CoordSys] from 5. end effector mount-1
2026-06-10 02:29:50,197 INFO  ExportHelperExtension.cs: 1136 - Found 37 in 5. end effector mount-1
2026-06-10 02:29:50,197 INFO  ExportHelperExtension.cs: 1145 - Found 0 features of type [CoordSys] in 5. end effector mount-1
2026-06-10 02:29:50,198 INFO  ExportHelperExtension.cs: 1125 - Retrieving features of type [CoordSys] from 3. wrist joint mount-1
2026-06-10 02:29:50,198 INFO  ExportHelperExtension.cs: 1136 - Found 33 in 3. wrist joint mount-1
2026-06-10 02:29:50,199 INFO  ExportHelperExtension.cs: 1145 - Found 0 features of type [CoordSys] in 3. wrist joint mount-1
2026-06-10 02:29:50,199 INFO  ExportHelperExtension.cs: 1125 - Retrieving features of type [CoordSys] from 7. XL430_W250_T-1
2026-06-10 02:29:50,199 INFO  ExportHelperExtension.cs: 1136 - Found 36 in 7. XL430_W250_T-1
2026-06-10 02:29:50,200 INFO  ExportHelperExtension.cs: 1145 - Found 0 features of type [CoordSys] in 7. XL430_W250_T-1
2026-06-10 02:29:50,201 INFO  ExportHelperExtension.cs: 1125 - Retrieving features of type [CoordSys] from 2. wrist joint cover-1
2026-06-10 02:29:50,201 INFO  ExportHelperExtension.cs: 1136 - Found 25 in 2. wrist joint cover-1
2026-06-10 02:29:50,201 INFO  ExportHelperExtension.cs: 1145 - Found 0 features of type [CoordSys] in 2. wrist joint cover-1
2026-06-10 02:29:50,202 INFO  ExportHelperExtension.cs: 1125 - Retrieving features of type [CoordSys] from 4. Base Plate-1
2026-06-10 02:29:50,202 INFO  ExportHelperExtension.cs: 1136 - Found 25 in 4. Base Plate-1
2026-06-10 02:29:50,202 INFO  ExportHelperExtension.cs: 1145 - Found 0 features of type [CoordSys] in 4. Base Plate-1
2026-06-10 02:29:50,203 INFO  ExportHelperExtension.cs: 1125 - Retrieving features of type [CoordSys] from 8. Base Link-1
2026-06-10 02:29:50,203 INFO  ExportHelperExtension.cs: 1136 - Found 22 in 8. Base Link-1
2026-06-10 02:29:50,203 INFO  ExportHelperExtension.cs: 1145 - Found 0 features of type [CoordSys] in 8. Base Link-1
2026-06-10 02:29:50,204 INFO  ExportHelperExtension.cs: 1125 - Retrieving features of type [CoordSys] from 9. Base Joint-1
2026-06-10 02:29:50,204 INFO  ExportHelperExtension.cs: 1136 - Found 22 in 9. Base Joint-1
2026-06-10 02:29:50,204 INFO  ExportHelperExtension.cs: 1145 - Found 0 features of type [CoordSys] in 9. Base Joint-1
2026-06-10 02:29:50,205 INFO  ExportHelperExtension.cs: 1125 - Retrieving features of type [CoordSys] from 10. Link1-1
2026-06-10 02:29:50,205 INFO  ExportHelperExtension.cs: 1136 - Found 22 in 10. Link1-1
2026-06-10 02:29:50,206 INFO  ExportHelperExtension.cs: 1145 - Found 0 features of type [CoordSys] in 10. Link1-1
2026-06-10 02:29:50,206 INFO  ExportHelperExtension.cs: 1125 - Retrieving features of type [CoordSys] from 12. Joint 1-1
2026-06-10 02:29:50,206 INFO  ExportHelperExtension.cs: 1136 - Found 22 in 12. Joint 1-1
2026-06-10 02:29:50,207 INFO  ExportHelperExtension.cs: 1145 - Found 0 features of type [CoordSys] in 12. Joint 1-1
2026-06-10 02:29:50,207 INFO  ExportHelperExtension.cs: 1125 - Retrieving features of type [RefAxis] from Complete Arm Assembly
2026-06-10 02:29:50,208 INFO  ExportHelperExtension.cs: 1136 - Found 102 in Complete Arm Assembly
2026-06-10 02:29:50,210 INFO  ExportHelperExtension.cs: 1145 - Found 0 features of type [RefAxis] in Complete Arm Assembly
2026-06-10 02:29:50,210 INFO  ExportHelperExtension.cs: 1148 - Proceeding through assembly components
2026-06-10 02:29:50,211 INFO  ExportHelperExtension.cs: 1160 - 18 components to check
2026-06-10 02:29:50,211 INFO  ExportHelperExtension.cs: 1125 - Retrieving features of type [RefAxis] from End Effector Full Build-1
2026-06-10 02:29:50,213 INFO  ExportHelperExtension.cs: 1136 - Found 65 in End Effector Full Build-1
2026-06-10 02:29:50,213 INFO  ExportHelperExtension.cs: 1145 - Found 0 features of type [RefAxis] in End Effector Full Build-1
2026-06-10 02:29:50,214 INFO  ExportHelperExtension.cs: 1125 - Retrieving features of type [RefAxis] from 12. Joint 1-2
2026-06-10 02:29:50,214 INFO  ExportHelperExtension.cs: 1136 - Found 22 in 12. Joint 1-2
2026-06-10 02:29:50,215 INFO  ExportHelperExtension.cs: 1145 - Found 0 features of type [RefAxis] in 12. Joint 1-2
2026-06-10 02:29:50,215 INFO  ExportHelperExtension.cs: 1125 - Retrieving features of type [RefAxis] from 16. Link 3 arm-1
2026-06-10 02:29:50,216 INFO  ExportHelperExtension.cs: 1136 - Found 22 in 16. Link 3 arm-1
2026-06-10 02:29:50,216 INFO  ExportHelperExtension.cs: 1145 - Found 0 features of type [RefAxis] in 16. Link 3 arm-1
2026-06-10 02:29:50,216 INFO  ExportHelperExtension.cs: 1125 - Retrieving features of type [RefAxis] from 18. Link End Effector-1
2026-06-10 02:29:50,217 INFO  ExportHelperExtension.cs: 1136 - Found 22 in 18. Link End Effector-1
2026-06-10 02:29:50,217 INFO  ExportHelperExtension.cs: 1145 - Found 0 features of type [RefAxis] in 18. Link End Effector-1
2026-06-10 02:29:50,217 INFO  ExportHelperExtension.cs: 1125 - Retrieving features of type [RefAxis] from 15. Link 3 end-1
2026-06-10 02:29:50,218 INFO  ExportHelperExtension.cs: 1136 - Found 22 in 15. Link 3 end-1
2026-06-10 02:29:50,218 INFO  ExportHelperExtension.cs: 1145 - Found 0 features of type [RefAxis] in 15. Link 3 end-1
2026-06-10 02:29:50,218 INFO  ExportHelperExtension.cs: 1125 - Retrieving features of type [RefAxis] from 17. Joint 4-1
2026-06-10 02:29:50,219 INFO  ExportHelperExtension.cs: 1136 - Found 22 in 17. Joint 4-1
2026-06-10 02:29:50,219 INFO  ExportHelperExtension.cs: 1145 - Found 0 features of type [RefAxis] in 17. Joint 4-1
2026-06-10 02:29:50,219 INFO  ExportHelperExtension.cs: 1125 - Retrieving features of type [RefAxis] from 13. Link 2-1
2026-06-10 02:29:50,220 INFO  ExportHelperExtension.cs: 1136 - Found 22 in 13. Link 2-1
2026-06-10 02:29:50,220 INFO  ExportHelperExtension.cs: 1145 - Found 0 features of type [RefAxis] in 13. Link 2-1
2026-06-10 02:29:50,220 INFO  ExportHelperExtension.cs: 1125 - Retrieving features of type [RefAxis] from 14. Link 2 Mount-1
2026-06-10 02:29:50,221 INFO  ExportHelperExtension.cs: 1136 - Found 22 in 14. Link 2 Mount-1
2026-06-10 02:29:50,221 INFO  ExportHelperExtension.cs: 1145 - Found 0 features of type [RefAxis] in 14. Link 2 Mount-1
2026-06-10 02:29:50,222 INFO  ExportHelperExtension.cs: 1125 - Retrieving features of type [RefAxis] from 15. Joint 3-1
2026-06-10 02:29:50,222 INFO  ExportHelperExtension.cs: 1136 - Found 22 in 15. Joint 3-1
2026-06-10 02:29:50,222 INFO  ExportHelperExtension.cs: 1145 - Found 0 features of type [RefAxis] in 15. Joint 3-1
2026-06-10 02:29:50,223 INFO  ExportHelperExtension.cs: 1125 - Retrieving features of type [RefAxis] from 5. end effector mount-1
2026-06-10 02:29:50,223 INFO  ExportHelperExtension.cs: 1136 - Found 37 in 5. end effector mount-1
2026-06-10 02:29:50,224 INFO  ExportHelperExtension.cs: 1145 - Found 0 features of type [RefAxis] in 5. end effector mount-1
2026-06-10 02:29:50,224 INFO  ExportHelperExtension.cs: 1125 - Retrieving features of type [RefAxis] from 3. wrist joint mount-1
2026-06-10 02:29:50,225 INFO  ExportHelperExtension.cs: 1136 - Found 33 in 3. wrist joint mount-1
2026-06-10 02:29:50,225 INFO  ExportHelperExtension.cs: 1145 - Found 0 features of type [RefAxis] in 3. wrist joint mount-1
2026-06-10 02:29:50,226 INFO  ExportHelperExtension.cs: 1125 - Retrieving features of type [RefAxis] from 7. XL430_W250_T-1
2026-06-10 02:29:50,226 INFO  ExportHelperExtension.cs: 1136 - Found 36 in 7. XL430_W250_T-1
2026-06-10 02:29:50,226 INFO  ExportHelperExtension.cs: 1145 - Found 0 features of type [RefAxis] in 7. XL430_W250_T-1
2026-06-10 02:29:50,227 INFO  ExportHelperExtension.cs: 1125 - Retrieving features of type [RefAxis] from 2. wrist joint cover-1
2026-06-10 02:29:50,227 INFO  ExportHelperExtension.cs: 1136 - Found 25 in 2. wrist joint cover-1
2026-06-10 02:29:50,227 INFO  ExportHelperExtension.cs: 1145 - Found 0 features of type [RefAxis] in 2. wrist joint cover-1
2026-06-10 02:29:50,228 INFO  ExportHelperExtension.cs: 1125 - Retrieving features of type [RefAxis] from 4. Base Plate-1
2026-06-10 02:29:50,228 INFO  ExportHelperExtension.cs: 1136 - Found 25 in 4. Base Plate-1
2026-06-10 02:29:50,228 INFO  ExportHelperExtension.cs: 1145 - Found 0 features of type [RefAxis] in 4. Base Plate-1
2026-06-10 02:29:50,229 INFO  ExportHelperExtension.cs: 1125 - Retrieving features of type [RefAxis] from 8. Base Link-1
2026-06-10 02:29:50,229 INFO  ExportHelperExtension.cs: 1136 - Found 22 in 8. Base Link-1
2026-06-10 02:29:50,229 INFO  ExportHelperExtension.cs: 1145 - Found 0 features of type [RefAxis] in 8. Base Link-1
2026-06-10 02:29:50,230 INFO  ExportHelperExtension.cs: 1125 - Retrieving features of type [RefAxis] from 9. Base Joint-1
2026-06-10 02:29:50,230 INFO  ExportHelperExtension.cs: 1136 - Found 22 in 9. Base Joint-1
2026-06-10 02:29:50,230 INFO  ExportHelperExtension.cs: 1145 - Found 0 features of type [RefAxis] in 9. Base Joint-1
2026-06-10 02:29:50,230 INFO  ExportHelperExtension.cs: 1125 - Retrieving features of type [RefAxis] from 10. Link1-1
2026-06-10 02:29:50,231 INFO  ExportHelperExtension.cs: 1136 - Found 22 in 10. Link1-1
2026-06-10 02:29:50,231 INFO  ExportHelperExtension.cs: 1145 - Found 0 features of type [RefAxis] in 10. Link1-1
2026-06-10 02:29:50,231 INFO  ExportHelperExtension.cs: 1125 - Retrieving features of type [RefAxis] from 12. Joint 1-1
2026-06-10 02:29:50,232 INFO  ExportHelperExtension.cs: 1136 - Found 22 in 12. Joint 1-1
2026-06-10 02:29:50,232 INFO  ExportHelperExtension.cs: 1145 - Found 0 features of type [RefAxis] in 12. Joint 1-1
2026-06-10 02:29:50,611 INFO  SwAddin.cs: 339 - Loading config tree
2026-06-10 02:29:50,612 INFO  ExportPropertyManagerExtension.cs: 520 - Starting new configuration
2026-06-10 02:29:50,617 INFO  SwAddin.cs: 344 - Showing property manager
2026-06-10 02:29:56,527 INFO  ExportPropertyManager.cs: 1136 - OnNumberBoxTrackingCompleted called. This method no longer throws an Exception. It just silently does nothing. Ok, except for this logging message
2026-06-10 02:30:09,501 INFO  ExportPropertyManager.cs: 1136 - OnNumberBoxTrackingCompleted called. This method no longer throws an Exception. It just silently does nothing. Ok, except for this logging message
2026-06-10 02:30:10,231 INFO  ExportPropertyManager.cs: 1018 - OnComboboxSelectionChanged called. This method no longer throws an Exception. It just silently does nothing. Ok, except for this logging message
2026-06-10 02:30:24,902 INFO  ExportPropertyManager.cs: 1018 - OnComboboxSelectionChanged called. This method no longer throws an Exception. It just silently does nothing. Ok, except for this logging message
2026-06-10 02:30:34,582 INFO  ExportPropertyManager.cs: 1136 - OnNumberBoxTrackingCompleted called. This method no longer throws an Exception. It just silently does nothing. Ok, except for this logging message
2026-06-10 02:30:41,920 INFO  ExportPropertyManager.cs: 1136 - OnNumberBoxTrackingCompleted called. This method no longer throws an Exception. It just silently does nothing. Ok, except for this logging message
2026-06-10 02:30:41,945 INFO  ExportPropertyManager.cs: 1136 - OnNumberBoxTrackingCompleted called. This method no longer throws an Exception. It just silently does nothing. Ok, except for this logging message
2026-06-10 02:30:41,976 INFO  ExportPropertyManager.cs: 1136 - OnNumberBoxTrackingCompleted called. This method no longer throws an Exception. It just silently does nothing. Ok, except for this logging message
2026-06-10 02:30:42,029 INFO  ExportPropertyManager.cs: 1136 - OnNumberBoxTrackingCompleted called. This method no longer throws an Exception. It just silently does nothing. Ok, except for this logging message
2026-06-10 02:30:46,837 INFO  ExportPropertyManager.cs: 1136 - OnNumberBoxTrackingCompleted called. This method no longer throws an Exception. It just silently does nothing. Ok, except for this logging message
2026-06-10 02:31:01,263 INFO  ExportPropertyManager.cs: 1018 - OnComboboxSelectionChanged called. This method no longer throws an Exception. It just silently does nothing. Ok, except for this logging message
2026-06-10 02:31:24,483 INFO  ExportPropertyManager.cs: 1018 - OnComboboxSelectionChanged called. This method no longer throws an Exception. It just silently does nothing. Ok, except for this logging message
2026-06-10 02:31:34,913 INFO  ExportPropertyManager.cs: 1136 - OnNumberBoxTrackingCompleted called. This method no longer throws an Exception. It just silently does nothing. Ok, except for this logging message
2026-06-10 02:31:46,536 INFO  ExportPropertyManager.cs: 1018 - OnComboboxSelectionChanged called. This method no longer throws an Exception. It just silently does nothing. Ok, except for this logging message
2026-06-10 02:32:04,342 INFO  ExportPropertyManager.cs: 1136 - OnNumberBoxTrackingCompleted called. This method no longer throws an Exception. It just silently does nothing. Ok, except for this logging message
2026-06-10 02:34:06,071 INFO  ExportPropertyManager.cs: 1018 - OnComboboxSelectionChanged called. This method no longer throws an Exception. It just silently does nothing. Ok, except for this logging message
2026-06-10 02:34:09,646 INFO  ExportPropertyManager.cs: 1018 - OnComboboxSelectionChanged called. This method no longer throws an Exception. It just silently does nothing. Ok, except for this logging message
2026-06-10 02:34:34,129 INFO  ExportPropertyManager.cs: 422 - Configuration saved
2026-06-10 02:34:39,941 INFO  ExportHelperExtension.cs: 347 - Creating joint link_1
2026-06-10 02:34:39,952 INFO  ExportHelperExtension.cs: 1397 - Fixing components for base_link
2026-06-10 02:34:39,956 INFO  ExportHelperExtension.cs: 1402 - Fixing 22
2026-06-10 02:34:39,956 INFO  ExportHelperExtension.cs: 1409 - Component 22 is already fixed
2026-06-10 02:34:39,957 INFO  ExportHelperExtension.cs: 1402 - Fixing 23
2026-06-10 02:34:40,633 INFO  : 0 - R1: 1, System.__ComObject, 1, System.Double[]
2026-06-10 02:34:40,643 INFO  ExportHelperExtension.cs: 841 - R2: 0, 0
2026-06-10 02:34:40,644 INFO  ExportHelperExtension.cs: 849 - L1: 0
2026-06-10 02:34:40,644 INFO  ExportHelperExtension.cs: 857 - L2: 0
2026-06-10 02:34:40,691 INFO  ExportHelperExtension.cs: 1352 - Unfixing component 23
2026-06-10 02:34:47,764 WARN  ExportHelperExtension.cs: 351 - Creating joint from parent base_link to child link_1 failed
2026-06-10 02:34:48,024 INFO  ExportHelperExtension.cs: 347 - Creating joint link_2
2026-06-10 02:34:48,025 INFO  ExportHelperExtension.cs: 1397 - Fixing components for link_1
2026-06-10 02:34:48,025 INFO  ExportHelperExtension.cs: 1402 - Fixing 31
2026-06-10 02:34:48,026 INFO  ExportHelperExtension.cs: 1402 - Fixing 34
2026-06-10 02:34:48,026 INFO  ExportHelperExtension.cs: 1402 - Fixing 22
2026-06-10 02:34:48,026 INFO  ExportHelperExtension.cs: 1409 - Component 22 is already fixed
2026-06-10 02:34:48,027 INFO  ExportHelperExtension.cs: 1402 - Fixing 23
2026-06-10 02:34:48,716 INFO  ExportHelperExtension.cs: 832 - R1: 0, 0
2026-06-10 02:34:48,716 INFO  ExportHelperExtension.cs: 841 - R2: 0, 0
2026-06-10 02:34:48,717 INFO  ExportHelperExtension.cs: 849 - L1: 0
2026-06-10 02:34:48,717 INFO  ExportHelperExtension.cs: 857 - L2: 0
2026-06-10 02:34:48,717 INFO  ExportHelperExtension.cs: 1352 - Unfixing component 31
2026-06-10 02:34:48,718 INFO  ExportHelperExtension.cs: 1352 - Unfixing component 34
2026-06-10 02:34:48,718 INFO  ExportHelperExtension.cs: 1352 - Unfixing component 23
2026-06-10 02:34:53,205 WARN  ExportHelperExtension.cs: 351 - Creating joint from parent link_1 to child link_2 failed
2026-06-10 02:34:53,606 INFO  ExportHelperExtension.cs: 347 - Creating joint link_3
2026-06-10 02:34:53,606 INFO  ExportHelperExtension.cs: 1397 - Fixing components for link_2
2026-06-10 02:34:53,607 INFO  ExportHelperExtension.cs: 1402 - Fixing 42
2026-06-10 02:34:53,607 INFO  ExportHelperExtension.cs: 1402 - Fixing 50
2026-06-10 02:34:53,607 INFO  ExportHelperExtension.cs: 1402 - Fixing 55
2026-06-10 02:34:53,608 INFO  ExportHelperExtension.cs: 1402 - Fixing 59
2026-06-10 02:34:53,608 INFO  ExportHelperExtension.cs: 1402 - Fixing 31
2026-06-10 02:34:53,608 INFO  ExportHelperExtension.cs: 1402 - Fixing 34
2026-06-10 02:34:53,609 INFO  ExportHelperExtension.cs: 1402 - Fixing 22
2026-06-10 02:34:53,609 INFO  ExportHelperExtension.cs: 1409 - Component 22 is already fixed
2026-06-10 02:34:53,610 INFO  ExportHelperExtension.cs: 1402 - Fixing 23
2026-06-10 02:34:54,449 INFO  ExportHelperExtension.cs: 832 - R1: 0, 0
2026-06-10 02:34:54,450 INFO  ExportHelperExtension.cs: 841 - R2: 0, 0
2026-06-10 02:34:54,451 INFO  ExportHelperExtension.cs: 849 - L1: 0
2026-06-10 02:34:54,451 INFO  ExportHelperExtension.cs: 857 - L2: 0
2026-06-10 02:34:54,451 INFO  ExportHelperExtension.cs: 1352 - Unfixing component 42
2026-06-10 02:34:54,452 INFO  ExportHelperExtension.cs: 1352 - Unfixing component 50
2026-06-10 02:34:54,452 INFO  ExportHelperExtension.cs: 1352 - Unfixing component 55
2026-06-10 02:34:54,453 INFO  ExportHelperExtension.cs: 1352 - Unfixing component 59
2026-06-10 02:34:54,453 INFO  ExportHelperExtension.cs: 1352 - Unfixing component 31
2026-06-10 02:34:54,453 INFO  ExportHelperExtension.cs: 1352 - Unfixing component 34
2026-06-10 02:34:54,453 INFO  ExportHelperExtension.cs: 1352 - Unfixing component 23
2026-06-10 02:34:58,858 WARN  ExportHelperExtension.cs: 351 - Creating joint from parent link_2 to child link_3 failed
2026-06-10 02:34:59,206 INFO  ExportHelperExtension.cs: 347 - Creating joint link_4
2026-06-10 02:34:59,207 INFO  ExportHelperExtension.cs: 1397 - Fixing components for link_3
2026-06-10 02:34:59,207 INFO  ExportHelperExtension.cs: 1402 - Fixing 66
2026-06-10 02:34:59,208 INFO  ExportHelperExtension.cs: 1402 - Fixing 74
2026-06-10 02:34:59,208 INFO  ExportHelperExtension.cs: 1402 - Fixing 82
2026-06-10 02:34:59,209 INFO  ExportHelperExtension.cs: 1402 - Fixing 78
2026-06-10 02:34:59,209 INFO  ExportHelperExtension.cs: 1402 - Fixing 42
2026-06-10 02:34:59,209 INFO  ExportHelperExtension.cs: 1402 - Fixing 50
2026-06-10 02:34:59,210 INFO  ExportHelperExtension.cs: 1402 - Fixing 55
2026-06-10 02:34:59,210 INFO  ExportHelperExtension.cs: 1402 - Fixing 59
2026-06-10 02:34:59,210 INFO  ExportHelperExtension.cs: 1402 - Fixing 31
2026-06-10 02:34:59,211 INFO  ExportHelperExtension.cs: 1402 - Fixing 34
2026-06-10 02:34:59,211 INFO  ExportHelperExtension.cs: 1402 - Fixing 22
2026-06-10 02:34:59,211 INFO  ExportHelperExtension.cs: 1409 - Component 22 is already fixed
2026-06-10 02:34:59,212 INFO  ExportHelperExtension.cs: 1402 - Fixing 23
2026-06-10 02:35:00,272 INFO  ExportHelperExtension.cs: 832 - R1: 0, 0
2026-06-10 02:35:00,273 INFO  ExportHelperExtension.cs: 841 - R2: 0, 0
2026-06-10 02:35:00,273 INFO  ExportHelperExtension.cs: 849 - L1: 0
2026-06-10 02:35:00,273 INFO  ExportHelperExtension.cs: 857 - L2: 0
2026-06-10 02:35:00,274 INFO  ExportHelperExtension.cs: 1352 - Unfixing component 66
2026-06-10 02:35:00,274 INFO  ExportHelperExtension.cs: 1352 - Unfixing component 74
2026-06-10 02:35:00,275 INFO  ExportHelperExtension.cs: 1352 - Unfixing component 82
2026-06-10 02:35:00,275 INFO  ExportHelperExtension.cs: 1352 - Unfixing component 78
2026-06-10 02:35:00,275 INFO  ExportHelperExtension.cs: 1352 - Unfixing component 42
2026-06-10 02:35:00,276 INFO  ExportHelperExtension.cs: 1352 - Unfixing component 50
2026-06-10 02:35:00,276 INFO  ExportHelperExtension.cs: 1352 - Unfixing component 55
2026-06-10 02:35:00,277 INFO  ExportHelperExtension.cs: 1352 - Unfixing component 59
2026-06-10 02:35:00,277 INFO  ExportHelperExtension.cs: 1352 - Unfixing component 31
2026-06-10 02:35:00,278 INFO  ExportHelperExtension.cs: 1352 - Unfixing component 34
2026-06-10 02:35:00,279 INFO  ExportHelperExtension.cs: 1352 - Unfixing component 23
2026-06-10 02:35:04,809 WARN  ExportHelperExtension.cs: 351 - Creating joint from parent link_3 to child link_4 failed
2026-06-10 02:35:05,022 INFO  ExportHelperExtension.cs: 347 - Creating joint end_effector
2026-06-10 02:35:05,023 INFO  ExportHelperExtension.cs: 1397 - Fixing components for link_4
2026-06-10 02:35:05,024 INFO  ExportHelperExtension.cs: 1402 - Fixing 86
2026-06-10 02:35:05,025 INFO  ExportHelperExtension.cs: 1402 - Fixing 91
2026-06-10 02:35:05,026 INFO  ExportHelperExtension.cs: 1402 - Fixing 99
2026-06-10 02:35:05,026 INFO  ExportHelperExtension.cs: 1402 - Fixing 103
2026-06-10 02:35:05,027 INFO  ExportHelperExtension.cs: 1402 - Fixing 66
2026-06-10 02:35:05,027 INFO  ExportHelperExtension.cs: 1402 - Fixing 74
2026-06-10 02:35:05,027 INFO  ExportHelperExtension.cs: 1402 - Fixing 82
2026-06-10 02:35:05,028 INFO  ExportHelperExtension.cs: 1402 - Fixing 78
2026-06-10 02:35:05,028 INFO  ExportHelperExtension.cs: 1402 - Fixing 42
2026-06-10 02:35:05,028 INFO  ExportHelperExtension.cs: 1402 - Fixing 50
2026-06-10 02:35:05,029 INFO  ExportHelperExtension.cs: 1402 - Fixing 55
2026-06-10 02:35:05,029 INFO  ExportHelperExtension.cs: 1402 - Fixing 59
2026-06-10 02:35:05,030 INFO  ExportHelperExtension.cs: 1402 - Fixing 31
2026-06-10 02:35:05,030 INFO  ExportHelperExtension.cs: 1402 - Fixing 34
2026-06-10 02:35:05,031 INFO  ExportHelperExtension.cs: 1402 - Fixing 22
2026-06-10 02:35:05,032 INFO  ExportHelperExtension.cs: 1409 - Component 22 is already fixed
2026-06-10 02:35:05,032 INFO  ExportHelperExtension.cs: 1402 - Fixing 23
2026-06-10 02:35:06,094 INFO  ExportHelperExtension.cs: 832 - R1: 0, 0
2026-06-10 02:35:06,094 INFO  ExportHelperExtension.cs: 841 - R2: 0, 0
2026-06-10 02:35:06,095 INFO  ExportHelperExtension.cs: 849 - L1: 0
2026-06-10 02:35:06,095 INFO  ExportHelperExtension.cs: 857 - L2: 0
2026-06-10 02:35:06,096 INFO  ExportHelperExtension.cs: 1352 - Unfixing component 86
2026-06-10 02:35:06,096 INFO  ExportHelperExtension.cs: 1352 - Unfixing component 91
2026-06-10 02:35:06,097 INFO  ExportHelperExtension.cs: 1352 - Unfixing component 99
2026-06-10 02:35:06,097 INFO  ExportHelperExtension.cs: 1352 - Unfixing component 103
2026-06-10 02:35:06,097 INFO  ExportHelperExtension.cs: 1352 - Unfixing component 66
2026-06-10 02:35:06,098 INFO  ExportHelperExtension.cs: 1352 - Unfixing component 74
2026-06-10 02:35:06,098 INFO  ExportHelperExtension.cs: 1352 - Unfixing component 82
2026-06-10 02:35:06,098 INFO  ExportHelperExtension.cs: 1352 - Unfixing component 78
2026-06-10 02:35:06,099 INFO  ExportHelperExtension.cs: 1352 - Unfixing component 42
2026-06-10 02:35:06,099 INFO  ExportHelperExtension.cs: 1352 - Unfixing component 50
2026-06-10 02:35:06,107 INFO  ExportHelperExtension.cs: 1352 - Unfixing component 55
2026-06-10 02:35:06,109 INFO  ExportHelperExtension.cs: 1352 - Unfixing component 59
2026-06-10 02:35:06,109 INFO  ExportHelperExtension.cs: 1352 - Unfixing component 31
2026-06-10 02:35:06,110 INFO  ExportHelperExtension.cs: 1352 - Unfixing component 34
2026-06-10 02:35:06,110 INFO  ExportHelperExtension.cs: 1352 - Unfixing component 23
2026-06-10 02:35:10,810 WARN  ExportHelperExtension.cs: 351 - Creating joint from parent link_4 to child end_effector failed
2026-06-10 02:35:10,881 INFO  ExportHelperExtension.cs: 347 - Creating joint right_finger
2026-06-10 02:35:10,882 INFO  ExportHelperExtension.cs: 1397 - Fixing components for end_effector
2026-06-10 02:35:10,882 INFO  ExportHelperExtension.cs: 1402 - Fixing 109
2026-06-10 02:35:10,883 INFO  ExportHelperExtension.cs: 1402 - Fixing 23
2026-06-10 02:35:10,883 INFO  ExportHelperExtension.cs: 1402 - Fixing 41
2026-06-10 02:35:10,884 INFO  ExportHelperExtension.cs: 1402 - Fixing 55
2026-06-10 02:35:10,885 INFO  ExportHelperExtension.cs: 1402 - Fixing 86
2026-06-10 02:35:10,885 INFO  ExportHelperExtension.cs: 1402 - Fixing 91
2026-06-10 02:35:10,886 INFO  ExportHelperExtension.cs: 1402 - Fixing 99
2026-06-10 02:35:10,886 INFO  ExportHelperExtension.cs: 1402 - Fixing 103
2026-06-10 02:35:10,887 INFO  ExportHelperExtension.cs: 1402 - Fixing 66
2026-06-10 02:35:10,888 INFO  ExportHelperExtension.cs: 1402 - Fixing 74
2026-06-10 02:35:10,888 INFO  ExportHelperExtension.cs: 1402 - Fixing 82
2026-06-10 02:35:10,889 INFO  ExportHelperExtension.cs: 1402 - Fixing 78
2026-06-10 02:35:10,898 INFO  ExportHelperExtension.cs: 1402 - Fixing 42
2026-06-10 02:35:10,898 INFO  ExportHelperExtension.cs: 1402 - Fixing 50
2026-06-10 02:35:10,899 INFO  ExportHelperExtension.cs: 1402 - Fixing 55
2026-06-10 02:35:10,900 INFO  ExportHelperExtension.cs: 1402 - Fixing 59
2026-06-10 02:35:10,900 INFO  ExportHelperExtension.cs: 1402 - Fixing 31
2026-06-10 02:35:10,900 INFO  ExportHelperExtension.cs: 1402 - Fixing 34
2026-06-10 02:35:10,901 INFO  ExportHelperExtension.cs: 1402 - Fixing 22
2026-06-10 02:35:10,901 INFO  ExportHelperExtension.cs: 1409 - Component 22 is already fixed
2026-06-10 02:35:10,902 INFO  ExportHelperExtension.cs: 1402 - Fixing 23
2026-06-10 02:35:12,303 INFO  ExportHelperExtension.cs: 832 - R1: 0, 0
2026-06-10 02:35:12,304 INFO  ExportHelperExtension.cs: 841 - R2: 0, 0
2026-06-10 02:35:12,304 INFO  ExportHelperExtension.cs: 849 - L1: 0
2026-06-10 02:35:12,305 INFO  ExportHelperExtension.cs: 857 - L2: 0
2026-06-10 02:35:12,305 INFO  ExportHelperExtension.cs: 1352 - Unfixing component 109
2026-06-10 02:35:12,305 INFO  ExportHelperExtension.cs: 1352 - Unfixing component 23
2026-06-10 02:35:12,306 INFO  ExportHelperExtension.cs: 1352 - Unfixing component 41
2026-06-10 02:35:12,307 INFO  ExportHelperExtension.cs: 1352 - Unfixing component 55
2026-06-10 02:35:12,307 INFO  ExportHelperExtension.cs: 1352 - Unfixing component 86
2026-06-10 02:35:12,307 INFO  ExportHelperExtension.cs: 1352 - Unfixing component 91
2026-06-10 02:35:12,308 INFO  ExportHelperExtension.cs: 1352 - Unfixing component 99
2026-06-10 02:35:12,309 INFO  ExportHelperExtension.cs: 1352 - Unfixing component 103
2026-06-10 02:35:12,309 INFO  ExportHelperExtension.cs: 1352 - Unfixing component 66
2026-06-10 02:35:12,310 INFO  ExportHelperExtension.cs: 1352 - Unfixing component 74
2026-06-10 02:35:12,310 INFO  ExportHelperExtension.cs: 1352 - Unfixing component 82
2026-06-10 02:35:12,310 INFO  ExportHelperExtension.cs: 1352 - Unfixing component 78
2026-06-10 02:35:12,311 INFO  ExportHelperExtension.cs: 1352 - Unfixing component 42
2026-06-10 02:35:12,311 INFO  ExportHelperExtension.cs: 1352 - Unfixing component 50
2026-06-10 02:35:12,311 INFO  ExportHelperExtension.cs: 1352 - Unfixing component 55
2026-06-10 02:35:12,312 INFO  ExportHelperExtension.cs: 1352 - Unfixing component 59
2026-06-10 02:35:12,312 INFO  ExportHelperExtension.cs: 1352 - Unfixing component 31
2026-06-10 02:35:12,312 INFO  ExportHelperExtension.cs: 1352 - Unfixing component 34
2026-06-10 02:35:12,313 INFO  ExportHelperExtension.cs: 1352 - Unfixing component 23
2026-06-10 02:35:17,063 WARN  ExportHelperExtension.cs: 351 - Creating joint from parent end_effector to child right_finger failed
2026-06-10 02:35:17,240 INFO  ExportHelperExtension.cs: 347 - Creating joint left_finger
2026-06-10 02:35:17,241 INFO  ExportHelperExtension.cs: 1397 - Fixing components for end_effector
2026-06-10 02:35:17,241 INFO  ExportHelperExtension.cs: 1402 - Fixing 109
2026-06-10 02:35:17,242 INFO  ExportHelperExtension.cs: 1402 - Fixing 23
2026-06-10 02:35:17,242 INFO  ExportHelperExtension.cs: 1402 - Fixing 41
2026-06-10 02:35:17,242 INFO  ExportHelperExtension.cs: 1402 - Fixing 55
2026-06-10 02:35:17,243 INFO  ExportHelperExtension.cs: 1402 - Fixing 86
2026-06-10 02:35:17,243 INFO  ExportHelperExtension.cs: 1402 - Fixing 91
2026-06-10 02:35:17,244 INFO  ExportHelperExtension.cs: 1402 - Fixing 99
2026-06-10 02:35:17,244 INFO  ExportHelperExtension.cs: 1402 - Fixing 103
2026-06-10 02:35:17,244 INFO  ExportHelperExtension.cs: 1402 - Fixing 66
2026-06-10 02:35:17,245 INFO  ExportHelperExtension.cs: 1402 - Fixing 74
2026-06-10 02:35:17,245 INFO  ExportHelperExtension.cs: 1402 - Fixing 82
2026-06-10 02:35:17,245 INFO  ExportHelperExtension.cs: 1402 - Fixing 78
2026-06-10 02:35:17,246 INFO  ExportHelperExtension.cs: 1402 - Fixing 42
2026-06-10 02:35:17,246 INFO  ExportHelperExtension.cs: 1402 - Fixing 50
2026-06-10 02:35:17,246 INFO  ExportHelperExtension.cs: 1402 - Fixing 55
2026-06-10 02:35:17,247 INFO  ExportHelperExtension.cs: 1402 - Fixing 59
2026-06-10 02:35:17,247 INFO  ExportHelperExtension.cs: 1402 - Fixing 31
2026-06-10 02:35:17,247 INFO  ExportHelperExtension.cs: 1402 - Fixing 34
2026-06-10 02:35:17,248 INFO  ExportHelperExtension.cs: 1402 - Fixing 22
2026-06-10 02:35:17,249 INFO  ExportHelperExtension.cs: 1409 - Component 22 is already fixed
2026-06-10 02:35:17,249 INFO  ExportHelperExtension.cs: 1402 - Fixing 23
2026-06-10 02:35:18,428 INFO  ExportHelperExtension.cs: 832 - R1: 0, 0
2026-06-10 02:35:18,429 INFO  ExportHelperExtension.cs: 841 - R2: 0, 0
2026-06-10 02:35:18,430 INFO  ExportHelperExtension.cs: 849 - L1: 0
2026-06-10 02:35:18,430 INFO  ExportHelperExtension.cs: 857 - L2: 0
2026-06-10 02:35:18,430 INFO  ExportHelperExtension.cs: 1352 - Unfixing component 109
2026-06-10 02:35:18,431 INFO  ExportHelperExtension.cs: 1352 - Unfixing component 23
2026-06-10 02:35:18,431 INFO  ExportHelperExtension.cs: 1352 - Unfixing component 41
2026-06-10 02:35:18,432 INFO  ExportHelperExtension.cs: 1352 - Unfixing component 55
2026-06-10 02:35:18,432 INFO  ExportHelperExtension.cs: 1352 - Unfixing component 86
2026-06-10 02:35:18,432 INFO  ExportHelperExtension.cs: 1352 - Unfixing component 91
2026-06-10 02:35:18,432 INFO  ExportHelperExtension.cs: 1352 - Unfixing component 99
2026-06-10 02:35:18,433 INFO  ExportHelperExtension.cs: 1352 - Unfixing component 103
2026-06-10 02:35:18,433 INFO  ExportHelperExtension.cs: 1352 - Unfixing component 66
2026-06-10 02:35:18,434 INFO  ExportHelperExtension.cs: 1352 - Unfixing component 74
2026-06-10 02:35:18,434 INFO  ExportHelperExtension.cs: 1352 - Unfixing component 82
2026-06-10 02:35:18,434 INFO  ExportHelperExtension.cs: 1352 - Unfixing component 78
2026-06-10 02:35:18,435 INFO  ExportHelperExtension.cs: 1352 - Unfixing component 42
2026-06-10 02:35:18,435 INFO  ExportHelperExtension.cs: 1352 - Unfixing component 50
2026-06-10 02:35:18,435 INFO  ExportHelperExtension.cs: 1352 - Unfixing component 55
2026-06-10 02:35:18,436 INFO  ExportHelperExtension.cs: 1352 - Unfixing component 59
2026-06-10 02:35:18,436 INFO  ExportHelperExtension.cs: 1352 - Unfixing component 31
2026-06-10 02:35:18,436 INFO  ExportHelperExtension.cs: 1352 - Unfixing component 34
2026-06-10 02:35:18,437 INFO  ExportHelperExtension.cs: 1352 - Unfixing component 23
2026-06-10 02:35:23,258 WARN  ExportHelperExtension.cs: 351 - Creating joint from parent end_effector to child left_finger failed
2026-06-10 02:35:23,705 INFO  ExportHelperExtension.cs: 1125 - Retrieving features of type [CoordSys] from Complete Arm Assembly
2026-06-10 02:35:23,711 INFO  ExportHelperExtension.cs: 1136 - Found 113 in Complete Arm Assembly
2026-06-10 02:35:23,713 INFO  ExportHelperExtension.cs: 1145 - Found 8 features of type [CoordSys] in Complete Arm Assembly
2026-06-10 02:35:23,713 INFO  ExportHelperExtension.cs: 1148 - Proceeding through assembly components
2026-06-10 02:35:23,714 INFO  ExportHelperExtension.cs: 1160 - 18 components to check
2026-06-10 02:35:23,715 INFO  ExportHelperExtension.cs: 1125 - Retrieving features of type [CoordSys] from End Effector Full Build-1
2026-06-10 02:35:23,715 INFO  ExportHelperExtension.cs: 1136 - Found 65 in End Effector Full Build-1
2026-06-10 02:35:23,716 INFO  ExportHelperExtension.cs: 1145 - Found 0 features of type [CoordSys] in End Effector Full Build-1
2026-06-10 02:35:23,716 INFO  ExportHelperExtension.cs: 1125 - Retrieving features of type [CoordSys] from 12. Joint 1-2
2026-06-10 02:35:23,717 INFO  ExportHelperExtension.cs: 1136 - Found 22 in 12. Joint 1-2
2026-06-10 02:35:23,717 INFO  ExportHelperExtension.cs: 1145 - Found 0 features of type [CoordSys] in 12. Joint 1-2
2026-06-10 02:35:23,717 INFO  ExportHelperExtension.cs: 1125 - Retrieving features of type [CoordSys] from 16. Link 3 arm-1
2026-06-10 02:35:23,718 INFO  ExportHelperExtension.cs: 1136 - Found 22 in 16. Link 3 arm-1
2026-06-10 02:35:23,718 INFO  ExportHelperExtension.cs: 1145 - Found 0 features of type [CoordSys] in 16. Link 3 arm-1
2026-06-10 02:35:23,718 INFO  ExportHelperExtension.cs: 1125 - Retrieving features of type [CoordSys] from 18. Link End Effector-1
2026-06-10 02:35:23,719 INFO  ExportHelperExtension.cs: 1136 - Found 22 in 18. Link End Effector-1
2026-06-10 02:35:23,720 INFO  ExportHelperExtension.cs: 1145 - Found 0 features of type [CoordSys] in 18. Link End Effector-1
2026-06-10 02:35:23,720 INFO  ExportHelperExtension.cs: 1125 - Retrieving features of type [CoordSys] from 15. Link 3 end-1
2026-06-10 02:35:23,721 INFO  ExportHelperExtension.cs: 1136 - Found 22 in 15. Link 3 end-1
2026-06-10 02:35:23,721 INFO  ExportHelperExtension.cs: 1145 - Found 0 features of type [CoordSys] in 15. Link 3 end-1
2026-06-10 02:35:23,722 INFO  ExportHelperExtension.cs: 1125 - Retrieving features of type [CoordSys] from 17. Joint 4-1
2026-06-10 02:35:23,722 INFO  ExportHelperExtension.cs: 1136 - Found 22 in 17. Joint 4-1
2026-06-10 02:35:23,723 INFO  ExportHelperExtension.cs: 1145 - Found 0 features of type [CoordSys] in 17. Joint 4-1
2026-06-10 02:35:23,723 INFO  ExportHelperExtension.cs: 1125 - Retrieving features of type [CoordSys] from 13. Link 2-1
2026-06-10 02:35:23,723 INFO  ExportHelperExtension.cs: 1136 - Found 22 in 13. Link 2-1
2026-06-10 02:35:23,724 INFO  ExportHelperExtension.cs: 1145 - Found 0 features of type [CoordSys] in 13. Link 2-1
2026-06-10 02:35:23,724 INFO  ExportHelperExtension.cs: 1125 - Retrieving features of type [CoordSys] from 14. Link 2 Mount-1
2026-06-10 02:35:23,725 INFO  ExportHelperExtension.cs: 1136 - Found 22 in 14. Link 2 Mount-1
2026-06-10 02:35:23,725 INFO  ExportHelperExtension.cs: 1145 - Found 0 features of type [CoordSys] in 14. Link 2 Mount-1
2026-06-10 02:35:23,726 INFO  ExportHelperExtension.cs: 1125 - Retrieving features of type [CoordSys] from 15. Joint 3-1
2026-06-10 02:35:23,726 INFO  ExportHelperExtension.cs: 1136 - Found 22 in 15. Joint 3-1
2026-06-10 02:35:23,727 INFO  ExportHelperExtension.cs: 1145 - Found 0 features of type [CoordSys] in 15. Joint 3-1
2026-06-10 02:35:23,728 INFO  ExportHelperExtension.cs: 1125 - Retrieving features of type [CoordSys] from 5. end effector mount-1
2026-06-10 02:35:23,728 INFO  ExportHelperExtension.cs: 1136 - Found 37 in 5. end effector mount-1
2026-06-10 02:35:23,729 INFO  ExportHelperExtension.cs: 1145 - Found 0 features of type [CoordSys] in 5. end effector mount-1
2026-06-10 02:35:23,729 INFO  ExportHelperExtension.cs: 1125 - Retrieving features of type [CoordSys] from 3. wrist joint mount-1
2026-06-10 02:35:23,730 INFO  ExportHelperExtension.cs: 1136 - Found 33 in 3. wrist joint mount-1
2026-06-10 02:35:23,737 INFO  ExportHelperExtension.cs: 1145 - Found 0 features of type [CoordSys] in 3. wrist joint mount-1
2026-06-10 02:35:23,738 INFO  ExportHelperExtension.cs: 1125 - Retrieving features of type [CoordSys] from 7. XL430_W250_T-1
2026-06-10 02:35:23,824 INFO  ExportHelperExtension.cs: 1136 - Found 36 in 7. XL430_W250_T-1
2026-06-10 02:35:23,826 INFO  ExportHelperExtension.cs: 1145 - Found 0 features of type [CoordSys] in 7. XL430_W250_T-1
2026-06-10 02:35:23,827 INFO  ExportHelperExtension.cs: 1125 - Retrieving features of type [CoordSys] from 2. wrist joint cover-1
2026-06-10 02:35:23,828 INFO  ExportHelperExtension.cs: 1136 - Found 25 in 2. wrist joint cover-1
2026-06-10 02:35:23,829 INFO  ExportHelperExtension.cs: 1145 - Found 0 features of type [CoordSys] in 2. wrist joint cover-1
2026-06-10 02:35:23,830 INFO  ExportHelperExtension.cs: 1125 - Retrieving features of type [CoordSys] from 4. Base Plate-1
2026-06-10 02:35:23,831 INFO  ExportHelperExtension.cs: 1136 - Found 25 in 4. Base Plate-1
2026-06-10 02:35:23,832 INFO  ExportHelperExtension.cs: 1145 - Found 0 features of type [CoordSys] in 4. Base Plate-1
2026-06-10 02:35:23,832 INFO  ExportHelperExtension.cs: 1125 - Retrieving features of type [CoordSys] from 8. Base Link-1
2026-06-10 02:35:23,833 INFO  ExportHelperExtension.cs: 1136 - Found 22 in 8. Base Link-1
2026-06-10 02:35:23,834 INFO  ExportHelperExtension.cs: 1145 - Found 0 features of type [CoordSys] in 8. Base Link-1
2026-06-10 02:35:23,834 INFO  ExportHelperExtension.cs: 1125 - Retrieving features of type [CoordSys] from 9. Base Joint-1
2026-06-10 02:35:23,835 INFO  ExportHelperExtension.cs: 1136 - Found 22 in 9. Base Joint-1
2026-06-10 02:35:23,835 INFO  ExportHelperExtension.cs: 1145 - Found 0 features of type [CoordSys] in 9. Base Joint-1
2026-06-10 02:35:23,836 INFO  ExportHelperExtension.cs: 1125 - Retrieving features of type [CoordSys] from 10. Link1-1
2026-06-10 02:35:23,836 INFO  ExportHelperExtension.cs: 1136 - Found 22 in 10. Link1-1
2026-06-10 02:35:23,837 INFO  ExportHelperExtension.cs: 1145 - Found 0 features of type [CoordSys] in 10. Link1-1
2026-06-10 02:35:23,837 INFO  ExportHelperExtension.cs: 1125 - Retrieving features of type [CoordSys] from 12. Joint 1-1
2026-06-10 02:35:23,839 INFO  ExportHelperExtension.cs: 1136 - Found 22 in 12. Joint 1-1
2026-06-10 02:35:23,839 INFO  ExportHelperExtension.cs: 1145 - Found 0 features of type [CoordSys] in 12. Joint 1-1
2026-06-10 02:35:23,840 INFO  ExportHelperExtension.cs: 1125 - Retrieving features of type [RefAxis] from Complete Arm Assembly
2026-06-10 02:35:23,841 INFO  ExportHelperExtension.cs: 1136 - Found 113 in Complete Arm Assembly
2026-06-10 02:35:23,842 INFO  ExportHelperExtension.cs: 1145 - Found 1 features of type [RefAxis] in Complete Arm Assembly
2026-06-10 02:35:23,842 INFO  ExportHelperExtension.cs: 1148 - Proceeding through assembly components
2026-06-10 02:35:23,843 INFO  ExportHelperExtension.cs: 1160 - 18 components to check
2026-06-10 02:35:23,844 INFO  ExportHelperExtension.cs: 1125 - Retrieving features of type [RefAxis] from End Effector Full Build-1
2026-06-10 02:35:23,844 INFO  ExportHelperExtension.cs: 1136 - Found 65 in End Effector Full Build-1
2026-06-10 02:35:23,845 INFO  ExportHelperExtension.cs: 1145 - Found 0 features of type [RefAxis] in End Effector Full Build-1
2026-06-10 02:35:23,845 INFO  ExportHelperExtension.cs: 1125 - Retrieving features of type [RefAxis] from 12. Joint 1-2
2026-06-10 02:35:23,846 INFO  ExportHelperExtension.cs: 1136 - Found 22 in 12. Joint 1-2
2026-06-10 02:35:23,846 INFO  ExportHelperExtension.cs: 1145 - Found 0 features of type [RefAxis] in 12. Joint 1-2
2026-06-10 02:35:23,847 INFO  ExportHelperExtension.cs: 1125 - Retrieving features of type [RefAxis] from 16. Link 3 arm-1
2026-06-10 02:35:23,848 INFO  ExportHelperExtension.cs: 1136 - Found 22 in 16. Link 3 arm-1
2026-06-10 02:35:23,849 INFO  ExportHelperExtension.cs: 1145 - Found 0 features of type [RefAxis] in 16. Link 3 arm-1
2026-06-10 02:35:23,849 INFO  ExportHelperExtension.cs: 1125 - Retrieving features of type [RefAxis] from 18. Link End Effector-1
2026-06-10 02:35:23,850 INFO  ExportHelperExtension.cs: 1136 - Found 22 in 18. Link End Effector-1
2026-06-10 02:35:23,851 INFO  ExportHelperExtension.cs: 1145 - Found 0 features of type [RefAxis] in 18. Link End Effector-1
2026-06-10 02:35:23,851 INFO  ExportHelperExtension.cs: 1125 - Retrieving features of type [RefAxis] from 15. Link 3 end-1
2026-06-10 02:35:23,852 INFO  ExportHelperExtension.cs: 1136 - Found 22 in 15. Link 3 end-1
2026-06-10 02:35:23,852 INFO  ExportHelperExtension.cs: 1145 - Found 0 features of type [RefAxis] in 15. Link 3 end-1
2026-06-10 02:35:23,852 INFO  ExportHelperExtension.cs: 1125 - Retrieving features of type [RefAxis] from 17. Joint 4-1
2026-06-10 02:35:23,853 INFO  ExportHelperExtension.cs: 1136 - Found 22 in 17. Joint 4-1
2026-06-10 02:35:23,853 INFO  ExportHelperExtension.cs: 1145 - Found 0 features of type [RefAxis] in 17. Joint 4-1
2026-06-10 02:35:23,854 INFO  ExportHelperExtension.cs: 1125 - Retrieving features of type [RefAxis] from 13. Link 2-1
2026-06-10 02:35:23,854 INFO  ExportHelperExtension.cs: 1136 - Found 22 in 13. Link 2-1
2026-06-10 02:35:23,855 INFO  ExportHelperExtension.cs: 1145 - Found 0 features of type [RefAxis] in 13. Link 2-1
2026-06-10 02:35:23,855 INFO  ExportHelperExtension.cs: 1125 - Retrieving features of type [RefAxis] from 14. Link 2 Mount-1
2026-06-10 02:35:23,856 INFO  ExportHelperExtension.cs: 1136 - Found 22 in 14. Link 2 Mount-1
2026-06-10 02:35:23,857 INFO  ExportHelperExtension.cs: 1145 - Found 0 features of type [RefAxis] in 14. Link 2 Mount-1
2026-06-10 02:35:23,857 INFO  ExportHelperExtension.cs: 1125 - Retrieving features of type [RefAxis] from 15. Joint 3-1
2026-06-10 02:35:23,858 INFO  ExportHelperExtension.cs: 1136 - Found 22 in 15. Joint 3-1
2026-06-10 02:35:23,859 INFO  ExportHelperExtension.cs: 1145 - Found 0 features of type [RefAxis] in 15. Joint 3-1
2026-06-10 02:35:23,859 INFO  ExportHelperExtension.cs: 1125 - Retrieving features of type [RefAxis] from 5. end effector mount-1
2026-06-10 02:35:23,860 INFO  ExportHelperExtension.cs: 1136 - Found 37 in 5. end effector mount-1
2026-06-10 02:35:23,860 INFO  ExportHelperExtension.cs: 1145 - Found 0 features of type [RefAxis] in 5. end effector mount-1
2026-06-10 02:35:23,861 INFO  ExportHelperExtension.cs: 1125 - Retrieving features of type [RefAxis] from 3. wrist joint mount-1
2026-06-10 02:35:23,861 INFO  ExportHelperExtension.cs: 1136 - Found 33 in 3. wrist joint mount-1
2026-06-10 02:35:23,861 INFO  ExportHelperExtension.cs: 1145 - Found 0 features of type [RefAxis] in 3. wrist joint mount-1
2026-06-10 02:35:23,862 INFO  ExportHelperExtension.cs: 1125 - Retrieving features of type [RefAxis] from 7. XL430_W250_T-1
2026-06-10 02:35:23,862 INFO  ExportHelperExtension.cs: 1136 - Found 36 in 7. XL430_W250_T-1
2026-06-10 02:35:23,863 INFO  ExportHelperExtension.cs: 1145 - Found 0 features of type [RefAxis] in 7. XL430_W250_T-1
2026-06-10 02:35:23,863 INFO  ExportHelperExtension.cs: 1125 - Retrieving features of type [RefAxis] from 2. wrist joint cover-1
2026-06-10 02:35:23,864 INFO  ExportHelperExtension.cs: 1136 - Found 25 in 2. wrist joint cover-1
2026-06-10 02:35:23,864 INFO  ExportHelperExtension.cs: 1145 - Found 0 features of type [RefAxis] in 2. wrist joint cover-1
2026-06-10 02:35:23,864 INFO  ExportHelperExtension.cs: 1125 - Retrieving features of type [RefAxis] from 4. Base Plate-1
2026-06-10 02:35:23,865 INFO  ExportHelperExtension.cs: 1136 - Found 25 in 4. Base Plate-1
2026-06-10 02:35:23,866 INFO  ExportHelperExtension.cs: 1145 - Found 0 features of type [RefAxis] in 4. Base Plate-1
2026-06-10 02:35:23,866 INFO  ExportHelperExtension.cs: 1125 - Retrieving features of type [RefAxis] from 8. Base Link-1
2026-06-10 02:35:23,866 INFO  ExportHelperExtension.cs: 1136 - Found 22 in 8. Base Link-1
2026-06-10 02:35:23,867 INFO  ExportHelperExtension.cs: 1145 - Found 0 features of type [RefAxis] in 8. Base Link-1
2026-06-10 02:35:23,867 INFO  ExportHelperExtension.cs: 1125 - Retrieving features of type [RefAxis] from 9. Base Joint-1
2026-06-10 02:35:23,868 INFO  ExportHelperExtension.cs: 1136 - Found 22 in 9. Base Joint-1
2026-06-10 02:35:23,868 INFO  ExportHelperExtension.cs: 1145 - Found 0 features of type [RefAxis] in 9. Base Joint-1
2026-06-10 02:35:23,868 INFO  ExportHelperExtension.cs: 1125 - Retrieving features of type [RefAxis] from 10. Link1-1
2026-06-10 02:35:23,869 INFO  ExportHelperExtension.cs: 1136 - Found 22 in 10. Link1-1
2026-06-10 02:35:23,869 INFO  ExportHelperExtension.cs: 1145 - Found 0 features of type [RefAxis] in 10. Link1-1
2026-06-10 02:35:23,869 INFO  ExportHelperExtension.cs: 1125 - Retrieving features of type [RefAxis] from 12. Joint 1-1
2026-06-10 02:35:23,870 INFO  ExportHelperExtension.cs: 1136 - Found 22 in 12. Joint 1-1
2026-06-10 02:35:23,870 INFO  ExportHelperExtension.cs: 1145 - Found 0 features of type [RefAxis] in 12. Joint 1-1
2026-06-10 02:35:23,987 INFO  ExportPropertyManager.cs: 1142 - AfterClose called. This method no longer throws an Exception. It just silently does nothing. Ok, except for this logging message
2026-06-10 02:37:16,188 INFO  AssemblyExportForm.cs: 253 - Completing URDF export
2026-06-10 02:37:16,199 INFO  ConfigurationSerialization.cs: 276 - URDF Configuration found
<Link z:Id="i1" xmlns="http://schemas.datacontract.org/2004/07/SW2URDF" xmlns:i="http://www.w3.org/2001/XMLSchema-instance" xmlns:z="http://schemas.microsoft.com/2003/10/Serialization/"><Attributes><Attribute z:Id="i2"><AttributeType>name</AttributeType><IsRequired>true</IsRequired><Value i:type="a:string" xmlns:a="http://www.w3.org/2001/XMLSchema">base_link</Value></Attribute></Attributes><ChildElements><URDFElement z:Id="i3" i:type="Inertial"><Attributes/><ChildElements><URDFElement z:Id="i4" i:type="Origin"><Attributes><Attribute z:Id="i5"><AttributeType>xyz</AttributeType><IsRequired>true</IsRequired><Value i:type="a:ArrayOfdouble" xmlns:a="http://schemas.microsoft.com/2003/10/Serialization/Arrays"><a:double>0</a:double><a:double>0</a:double><a:double>0</a:double></Value></Attribute><Attribute z:Id="i6"><AttributeType>rpy</AttributeType><IsRequired>true</IsRequired><Value i:type="a:ArrayOfdouble" xmlns:a="http://schemas.microsoft.com/2003/10/Serialization/Arrays"><a:double>0</a:double><a:double>0</a:double><a:double>0</a:double></Value></Attribute></Attributes><ChildElements/><ElementName>origin</ElementName><required>false</required><RPYAttribute z:Ref="i6"/><XYZAttribute z:Ref="i5"/><isCustomized>false</isCustomized></URDFElement><URDFElement z:Id="i7" i:type="Mass"><Attributes><Attribute z:Id="i8"><AttributeType>value</AttributeType><IsRequired>true</IsRequired><Value i:type="a:double" xmlns:a="http://www.w3.org/2001/XMLSchema">0</Value></Attribute></Attributes><ChildElements/><ElementName>mass</ElementName><required>false</required><ValueAttribute z:Ref="i8"/></URDFElement><URDFElement z:Id="i9" i:type="Inertia"><Attributes><Attribute z:Id="i10"><AttributeType>ixx</AttributeType><IsRequired>true</IsRequired><Value i:type="a:double" xmlns:a="http://www.w3.org/2001/XMLSchema">0</Value></Attribute><Attribute z:Id="i11"><AttributeType>ixy</AttributeType><IsRequired>true</IsRequired><Value i:type="a:double" xmlns:a="http://www.w3.org/2001/XMLSchema">0</Value></Attribute><Attribute z:Id="i12"><AttributeType>ixz</AttributeType><IsRequired>true</IsRequired><Value i:type="a:double" xmlns:a="http://www.w3.org/2001/XMLSchema">0</Value></Attribute><Attribute z:Id="i13"><AttributeType>iyy</AttributeType><IsRequired>true</IsRequired><Value i:type="a:double" xmlns:a="http://www.w3.org/2001/XMLSchema">0</Value></Attribute><Attribute z:Id="i14"><AttributeType>iyz</AttributeType><IsRequired>true</IsRequired><Value i:type="a:double" xmlns:a="http://www.w3.org/2001/XMLSchema">0</Value></Attribute><Attribute z:Id="i15"><AttributeType>izz</AttributeType><IsRequired>true</IsRequired><Value i:type="a:double" xmlns:a="http://www.w3.org/2001/XMLSchema">0</Value></Attribute></Attributes><ChildElements/><ElementName>inertia</ElementName><required>false</required><IxxAttribute z:Ref="i10"/><IxyAttribute z:Ref="i11"/><IxzAttribute z:Ref="i12"/><IyyAttribute z:Ref="i13"/><IyzAttribute z:Ref="i14"/><IzzAttribute z:Ref="i15"/></URDFElement></ChildElements><ElementName>inertial</ElementName><required>false</required><Inertia z:Ref="i9"/><Mass z:Ref="i7"/><Origin z:Ref="i4"/></URDFElement><URDFElement z:Id="i16" i:type="Visual"><Attributes/><ChildElements><URDFElement z:Id="i17" i:type="Origin"><Attributes><Attribute z:Id="i18"><AttributeType>xyz</AttributeType><IsRequired>true</IsRequired><Value i:type="a:ArrayOfdouble" xmlns:a="http://schemas.microsoft.com/2003/10/Serialization/Arrays"><a:double>0</a:double><a:double>0</a:double><a:double>0</a:double></Value></Attribute><Attribute z:Id="i19"><AttributeType>rpy</AttributeType><IsRequired>true</IsRequired><Value i:type="a:ArrayOfdouble" xmlns:a="http://schemas.microsoft.com/2003/10/Serialization/Arrays"><a:double>0</a:double><a:double>0</a:double><a:double>0</a:double></Value></Attribute></Attributes><ChildElements/><ElementName>origin</ElementName><required>false</required><RPYAttribute z:Ref="i19"/><XYZAttribute z:Ref="i18"/><isCustomized>false</isCustomized></URDFElement><URDFElement z:Id="i20" i:type="Geometry"><Attributes/><ChildElements><URDFElement z:Id="i21" i:type="Mesh"><Attributes><Attribute z:Id="i22"><AttributeType>filename</AttributeType><IsRequired>true</IsRequired><Value i:nil="true"/></Attribute></Attributes><ChildElements/><ElementName>mesh</ElementName><required>false</required><FilenameAttribute z:Ref="i22"/></URDFElement></ChildElements><ElementName>geometry</ElementName><required>true</required><Mesh z:Ref="i21"/></URDFElement><URDFElement z:Id="i23" i:type="Material"><Attributes><Attribute z:Id="i24"><AttributeType>name</AttributeType><IsRequired>true</IsRequired><Value i:type="a:string" xmlns:a="http://www.w3.org/2001/XMLSchema"/></Attribute></Attributes><ChildElements><URDFElement z:Id="i25" i:type="Color"><Attributes><Attribute z:Id="i26"><AttributeType>rgba</AttributeType><IsRequired>true</IsRequired><Value i:type="a:ArrayOfdouble" xmlns:a="http://schemas.microsoft.com/2003/10/Serialization/Arrays"><a:double>1</a:double><a:double>1</a:double><a:double>1</a:double><a:double>1</a:double></Value></Attribute></Attributes><ChildElements/><ElementName>color</ElementName><required>false</required><RGBAAttribute z:Ref="i26"/></URDFElement><URDFElement z:Id="i27" i:type="Texture"><Attributes><Attribute z:Id="i28"><AttributeType>filename</AttributeType><IsRequired>true</IsRequired><Value i:nil="true"/></Attribute></Attributes><ChildElements/><ElementName>texture</ElementName><required>false</required><FilenameAttribute z:Ref="i28"/><wFilename/></URDFElement></ChildElements><ElementName>material</ElementName><required>false</required><Color z:Ref="i25"/><NameAttribute z:Ref="i24"/><Texture z:Ref="i27"/></URDFElement></ChildElements><ElementName>visual</ElementName><required>false</required><Geometry z:Ref="i20"/><Material z:Ref="i23"/><Origin z:Ref="i17"/></URDFElement><URDFElement z:Id="i29" i:type="Collision"><Attributes/><ChildElements><URDFElement z:Id="i30" i:type="Origin"><Attributes><Attribute z:Id="i31"><AttributeType>xyz</AttributeType><IsRequired>true</IsRequired><Value i:type="a:ArrayOfdouble" xmlns:a="http://schemas.microsoft.com/2003/10/Serialization/Arrays"><a:double>0</a:double><a:double>0</a:double><a:double>0</a:double></Value></Attribute><Attribute z:Id="i32"><AttributeType>rpy</AttributeType><IsRequired>true</IsRequired><Value i:type="a:ArrayOfdouble" xmlns:a="http://schemas.microsoft.com/2003/10/Serialization/Arrays"><a:double>0</a:double><a:double>0</a:double><a:double>0</a:double></Value></Attribute></Attributes><ChildElements/><ElementName>origin</ElementName><required>false</required><RPYAttribute z:Ref="i32"/><XYZAttribute z:Ref="i31"/><isCustomized>false</isCustomized></URDFElement><URDFElement z:Id="i33" i:type="Geometry"><Attributes/><ChildElements><URDFElement z:Id="i34" i:type="Mesh"><Attributes><Attribute z:Id="i35"><AttributeType>filename</AttributeType><IsRequired>true</IsRequired><Value i:nil="true"/></Attribute></Attributes><ChildElements/><ElementName>mesh</ElementName><required>false</required><FilenameAttribute z:Ref="i35"/></URDFElement></ChildElements><ElementName>geometry</ElementName><required>true</required><Mesh z:Ref="i34"/></URDFElement></ChildElements><ElementName>collision</ElementName><required>false</required><Geometry z:Ref="i33"/><Origin z:Ref="i30"/></URDFElement><URDFElement z:Id="i36" i:type="Joint"><Attributes><Attribute z:Id="i37"><AttributeType>name</AttributeType><IsRequired>true</IsRequired><Value i:type="a:string" xmlns:a="http://www.w3.org/2001/XMLSchema"/></Attribute><Attribute z:Id="i38"><AttributeType>type</AttributeType><IsRequired>true</IsRequired><Value i:type="a:string" xmlns:a="http://www.w3.org/2001/XMLSchema"/></Attribute></Attributes><ChildElements><URDFElement z:Id="i39" i:type="Origin"><Attributes><Attribute z:Id="i40"><AttributeType>xyz</AttributeType><IsRequired>true</IsRequired><Value i:type="a:ArrayOfdouble" xmlns:a="http://schemas.microsoft.com/2003/10/Serialization/Arrays"><a:double>0</a:double><a:double>0</a:double><a:double>0</a:double></Value></Attribute><Attribute z:Id="i41"><AttributeType>rpy</AttributeType><IsRequired>true</IsRequired><Value i:type="a:ArrayOfdouble" xmlns:a="http://schemas.microsoft.com/2003/10/Serialization/Arrays"><a:double>0</a:double><a:double>0</a:double><a:double>0</a:double></Value></Attribute></Attributes><ChildElements/><ElementName>origin</ElementName><required>false</required><RPYAttribute z:Ref="i41"/><XYZAttribute z:Ref="i40"/><isCustomized>false</isCustomized></URDFElement><URDFElement z:Id="i42" i:type="ParentLink"><Attributes><Attribute z:Id="i43"><AttributeType>link</AttributeType><IsRequired>true</IsRequired><Value i:type="a:string" xmlns:a="http://www.w3.org/2001/XMLSchema"/></Attribute></Attributes><ChildElements/><ElementName>parent</ElementName><required>true</required><NameAttribute z:Ref="i43"/></URDFElement><URDFElement z:Id="i44" i:type="ChildLink"><Attributes><Attribute z:Id="i45"><AttributeType>link</AttributeType><IsRequired>true</IsRequired><Value i:type="a:string" xmlns:a="http://www.w3.org/2001/XMLSchema"/></Attribute></Attributes><ChildElements/><ElementName>child</ElementName><required>true</required><NameAttribute z:Ref="i45"/></URDFElement><URDFElement z:Id="i46" i:type="Axis"><Attributes><Attribute z:Id="i47"><AttributeType>xyz</AttributeType><IsRequired>true</IsRequired><Value i:type="a:ArrayOfdouble" xmlns:a="http://schemas.microsoft.com/2003/10/Serialization/Arrays"><a:double>0</a:double><a:double>0</a:double><a:double>0</a:double></Value></Attribute></Attributes><ChildElements/><ElementName>axis</ElementName><required>false</required><XYZAttribute z:Ref="i47"/></URDFElement><URDFElement z:Id="i48" i:type="Limit"><Attributes><Attribute z:Id="i49"><AttributeType>lower</AttributeType><IsRequired>false</IsRequired><Value i:nil="true"/></Attribute><Attribute z:Id="i50"><AttributeType>upper</AttributeType><IsRequired>false</IsRequired><Value i:nil="true"/></Attribute><Attribute z:Id="i51"><AttributeType>effort</AttributeType><IsRequired>true</IsRequired><Value i:nil="true"/></Attribute><Attribute z:Id="i52"><AttributeType>velocity</AttributeType><IsRequired>true</IsRequired><Value i:nil="true"/></Attribute></Attributes><ChildElements/><ElementName>limit</ElementName><required>false</required><EffortAttribute z:Ref="i51"/><LowerAttribute z:Ref="i49"/><UpperAttribute z:Ref="i50"/><VelocityAttribute z:Ref="i52"/></URDFElement><URDFElement z:Id="i53" i:type="Calibration"><Attributes><Attribute z:Id="i54"><AttributeType>rising</AttributeType><IsRequired>false</IsRequired><Value i:nil="true"/></Attribute><Attribute z:Id="i55"><AttributeType>falling</AttributeType><IsRequired>false</IsRequired><Value i:nil="true"/></Attribute></Attributes><ChildElements/><ElementName>calibration</ElementName><required>false</required><FallingAttribute z:Ref="i55"/><RisingAttribute z:Ref="i54"/></URDFElement><URDFElement z:Id="i56" i:type="Dynamics"><Attributes><Attribute z:Id="i57"><AttributeType>damping</AttributeType><IsRequired>false</IsRequired><Value i:nil="true"/></Attribute><Attribute z:Id="i58"><AttributeType>friction</AttributeType><IsRequired>false</IsRequired><Value i:nil="true"/></Attribute></Attributes><ChildElements/><ElementName>dynamics</ElementName><required>false</required><DampingAttribute z:Ref="i57"/><FrictionAttribute z:Ref="i58"/></URDFElement><URDFElement z:Id="i59" i:type="SafetyController"><Attributes><Attribute z:Id="i60"><AttributeType>soft_upper_limit</AttributeType><IsRequired>false</IsRequired><Value i:nil="true"/></Attribute><Attribute z:Id="i61"><AttributeType>soft_lower_limit</AttributeType><IsRequired>false</IsRequired><Value i:nil="true"/></Attribute><Attribute z:Id="i62"><AttributeType>k_position</AttributeType><IsRequired>false</IsRequired><Value i:nil="true"/></Attribute><Attribute z:Id="i63"><AttributeType>k_velocity</AttributeType><IsRequired>true</IsRequired><Value i:nil="true"/></Attribute></Attributes><ChildElements/><ElementName>safety_controller</ElementName><required>false</required><KPositionAttribute z:Ref="i62"/><KVelocityAttribute z:Ref="i63"/><SoftLowerAttribute z:Ref="i61"/><SoftUpperAttribute z:Ref="i60"/></URDFElement><URDFElement z:Id="i64" i:type="Mimic"><Attributes><Attribute z:Id="i65"><AttributeType>joint</AttributeType><IsRequired>true</IsRequired><Value i:nil="true"/></Attribute><Attribute z:Id="i66"><AttributeType>multiplier</AttributeType><IsRequired>false</IsRequired><Value i:nil="true"/></Attribute><Attribute z:Id="i67"><AttributeType>offset</AttributeType><IsRequired>false</IsRequired><Value i:nil="true"/></Attribute></Attributes><ChildElements/><ElementName>mimic</ElementName><required>false</required><JointNameAttribute z:Ref="i65"/><MultiplierAttribute z:Ref="i66"/><OffsetAttribute z:Ref="i67"/></URDFElement></ChildElements><ElementName>joint</ElementName><required>false</required><Axis z:Ref="i46"/><AxisName/><Calibration z:Ref="i53"/><Child z:Ref="i44"/><CoordinateSystemName>Automatically Generate</CoordinateSystemName><Dynamics z:Ref="i56"/><Limit z:Ref="i48"/><Mimic z:Ref="i64"/><NameAttribute z:Ref="i37"/><Origin z:Ref="i39"/><Parent z:Ref="i42"/><Safety z:Ref="i59"/><TypeAttribute z:Ref="i38"/></URDFElement></ChildElements><ElementName>link</ElementName><required>true</required><Children><Link z:Id="i68"><Attributes><Attribute z:Id="i69"><AttributeType>name</AttributeType><IsRequired>true</IsRequired><Value i:type="a:string" xmlns:a="http://www.w3.org/2001/XMLSchema">link_1</Value></Attribute></Attributes><ChildElements><URDFElement z:Id="i70" i:type="Inertial"><Attributes/><ChildElements><URDFElement z:Id="i71" i:type="Origin"><Attributes><Attribute z:Id="i72"><AttributeType>xyz</AttributeType><IsRequired>true</IsRequired><Value i:type="a:ArrayOfdouble" xmlns:a="http://schemas.microsoft.com/2003/10/Serialization/Arrays"><a:double>0</a:double><a:double>0</a:double><a:double>0</a:double></Value></Attribute><Attribute z:Id="i73"><AttributeType>rpy</AttributeType><IsRequired>true</IsRequired><Value i:type="a:ArrayOfdouble" xmlns:a="http://schemas.microsoft.com/2003/10/Serialization/Arrays"><a:double>0</a:double><a:double>0</a:double><a:double>0</a:double></Value></Attribute></Attributes><ChildElements/><ElementName>origin</ElementName><required>false</required><RPYAttribute z:Ref="i73"/><XYZAttribute z:Ref="i72"/><isCustomized>false</isCustomized></URDFElement><URDFElement z:Id="i74" i:type="Mass"><Attributes><Attribute z:Id="i75"><AttributeType>value</AttributeType><IsRequired>true</IsRequired><Value i:type="a:double" xmlns:a="http://www.w3.org/2001/XMLSchema">0</Value></Attribute></Attributes><ChildElements/><ElementName>mass</ElementName><required>false</required><ValueAttribute z:Ref="i75"/></URDFElement><URDFElement z:Id="i76" i:type="Inertia"><Attributes><Attribute z:Id="i77"><AttributeType>ixx</AttributeType><IsRequired>true</IsRequired><Value i:type="a:double" xmlns:a="http://www.w3.org/2001/XMLSchema">0</Value></Attribute><Attribute z:Id="i78"><AttributeType>ixy</AttributeType><IsRequired>true</IsRequired><Value i:type="a:double" xmlns:a="http://www.w3.org/2001/XMLSchema">0</Value></Attribute><Attribute z:Id="i79"><AttributeType>ixz</AttributeType><IsRequired>true</IsRequired><Value i:type="a:double" xmlns:a="http://www.w3.org/2001/XMLSchema">0</Value></Attribute><Attribute z:Id="i80"><AttributeType>iyy</AttributeType><IsRequired>true</IsRequired><Value i:type="a:double" xmlns:a="http://www.w3.org/2001/XMLSchema">0</Value></Attribute><Attribute z:Id="i81"><AttributeType>iyz</AttributeType><IsRequired>true</IsRequired><Value i:type="a:double" xmlns:a="http://www.w3.org/2001/XMLSchema">0</Value></Attribute><Attribute z:Id="i82"><AttributeType>izz</AttributeType><IsRequired>true</IsRequired><Value i:type="a:double" xmlns:a="http://www.w3.org/2001/XMLSchema">0</Value></Attribute></Attributes><ChildElements/><ElementName>inertia</ElementName><required>false</required><IxxAttribute z:Ref="i77"/><IxyAttribute z:Ref="i78"/><IxzAttribute z:Ref="i79"/><IyyAttribute z:Ref="i80"/><IyzAttribute z:Ref="i81"/><IzzAttribute z:Ref="i82"/></URDFElement></ChildElements><ElementName>inertial</ElementName><required>false</required><Inertia z:Ref="i76"/><Mass z:Ref="i74"/><Origin z:Ref="i71"/></URDFElement><URDFElement z:Id="i83" i:type="Visual"><Attributes/><ChildElements><URDFElement z:Id="i84" i:type="Origin"><Attributes><Attribute z:Id="i85"><AttributeType>xyz</AttributeType><IsRequired>true</IsRequired><Value i:type="a:ArrayOfdouble" xmlns:a="http://schemas.microsoft.com/2003/10/Serialization/Arrays"><a:double>0</a:double><a:double>0</a:double><a:double>0</a:double></Value></Attribute><Attribute z:Id="i86"><AttributeType>rpy</AttributeType><IsRequired>true</IsRequired><Value i:type="a:ArrayOfdouble" xmlns:a="http://schemas.microsoft.com/2003/10/Serialization/Arrays"><a:double>0</a:double><a:double>0</a:double><a:double>0</a:double></Value></Attribute></Attributes><ChildElements/><ElementName>origin</ElementName><required>false</required><RPYAttribute z:Ref="i86"/><XYZAttribute z:Ref="i85"/><isCustomized>false</isCustomized></URDFElement><URDFElement z:Id="i87" i:type="Geometry"><Attributes/><ChildElements><URDFElement z:Id="i88" i:type="Mesh"><Attributes><Attribute z:Id="i89"><AttributeType>filename</AttributeType><IsRequired>true</IsRequired><Value i:nil="true"/></Attribute></Attributes><ChildElements/><ElementName>mesh</ElementName><required>false</required><FilenameAttribute z:Ref="i89"/></URDFElement></ChildElements><ElementName>geometry</ElementName><required>true</required><Mesh z:Ref="i88"/></URDFElement><URDFElement z:Id="i90" i:type="Material"><Attributes><Attribute z:Id="i91"><AttributeType>name</AttributeType><IsRequired>true</IsRequired><Value i:type="a:string" xmlns:a="http://www.w3.org/2001/XMLSchema"/></Attribute></Attributes><ChildElements><URDFElement z:Id="i92" i:type="Color"><Attributes><Attribute z:Id="i93"><AttributeType>rgba</AttributeType><IsRequired>true</IsRequired><Value i:type="a:ArrayOfdouble" xmlns:a="http://schemas.microsoft.com/2003/10/Serialization/Arrays"><a:double>1</a:double><a:double>1</a:double><a:double>1</a:double><a:double>1</a:double></Value></Attribute></Attributes><ChildElements/><ElementName>color</ElementName><required>false</required><RGBAAttribute z:Ref="i93"/></URDFElement><URDFElement z:Id="i94" i:type="Texture"><Attributes><Attribute z:Id="i95"><AttributeType>filename</AttributeType><IsRequired>true</IsRequired><Value i:nil="true"/></Attribute></Attributes><ChildElements/><ElementName>texture</ElementName><required>false</required><FilenameAttribute z:Ref="i95"/><wFilename/></URDFElement></ChildElements><ElementName>material</ElementName><required>false</required><Color z:Ref="i92"/><NameAttribute z:Ref="i91"/><Texture z:Ref="i94"/></URDFElement></ChildElements><ElementName>visual</ElementName><required>false</required><Geometry z:Ref="i87"/><Material z:Ref="i90"/><Origin z:Ref="i84"/></URDFElement><URDFElement z:Id="i96" i:type="Collision"><Attributes/><ChildElements><URDFElement z:Id="i97" i:type="Origin"><Attributes><Attribute z:Id="i98"><AttributeType>xyz</AttributeType><IsRequired>true</IsRequired><Value i:type="a:ArrayOfdouble" xmlns:a="http://schemas.microsoft.com/2003/10/Serialization/Arrays"><a:double>0</a:double><a:double>0</a:double><a:double>0</a:double></Value></Attribute><Attribute z:Id="i99"><AttributeType>rpy</AttributeType><IsRequired>true</IsRequired><Value i:type="a:ArrayOfdouble" xmlns:a="http://schemas.microsoft.com/2003/10/Serialization/Arrays"><a:double>0</a:double><a:double>0</a:double><a:double>0</a:double></Value></Attribute></Attributes><ChildElements/><ElementName>origin</ElementName><required>false</required><RPYAttribute z:Ref="i99"/><XYZAttribute z:Ref="i98"/><isCustomized>false</isCustomized></URDFElement><URDFElement z:Id="i100" i:type="Geometry"><Attributes/><ChildElements><URDFElement z:Id="i101" i:type="Mesh"><Attributes><Attribute z:Id="i102"><AttributeType>filename</AttributeType><IsRequired>true</IsRequired><Value i:nil="true"/></Attribute></Attributes><ChildElements/><ElementName>mesh</ElementName><required>false</required><FilenameAttribute z:Ref="i102"/></URDFElement></ChildElements><ElementName>geometry</ElementName><required>true</required><Mesh z:Ref="i101"/></URDFElement></ChildElements><ElementName>collision</ElementName><required>false</required><Geometry z:Ref="i100"/><Origin z:Ref="i97"/></URDFElement><URDFElement z:Id="i103" i:type="Joint"><Attributes><Attribute z:Id="i104"><AttributeType>name</AttributeType><IsRequired>true</IsRequired><Value i:type="a:string" xmlns:a="http://www.w3.org/2001/XMLSchema">joint_1</Value></Attribute><Attribute z:Id="i105"><AttributeType>type</AttributeType><IsRequired>true</IsRequired><Value i:type="a:string" xmlns:a="http://www.w3.org/2001/XMLSchema">revolute</Value></Attribute></Attributes><ChildElements><URDFElement z:Id="i106" i:type="Origin"><Attributes><Attribute z:Id="i107"><AttributeType>xyz</AttributeType><IsRequired>true</IsRequired><Value i:type="a:ArrayOfdouble" xmlns:a="http://schemas.microsoft.com/2003/10/Serialization/Arrays"><a:double>0</a:double><a:double>0</a:double><a:double>0</a:double></Value></Attribute><Attribute z:Id="i108"><AttributeType>rpy</AttributeType><IsRequired>true</IsRequired><Value i:type="a:ArrayOfdouble" xmlns:a="http://schemas.microsoft.com/2003/10/Serialization/Arrays"><a:double>0</a:double><a:double>0</a:double><a:double>0</a:double></Value></Attribute></Attributes><ChildElements/><ElementName>origin</ElementName><required>false</required><RPYAttribute z:Ref="i108"/><XYZAttribute z:Ref="i107"/><isCustomized>false</isCustomized></URDFElement><URDFElement z:Id="i109" i:type="ParentLink"><Attributes><Attribute z:Id="i110"><AttributeType>link</AttributeType><IsRequired>true</IsRequired><Value i:type="a:string" xmlns:a="http://www.w3.org/2001/XMLSchema"/></Attribute></Attributes><ChildElements/><ElementName>parent</ElementName><required>true</required><NameAttribute z:Ref="i110"/></URDFElement><URDFElement z:Id="i111" i:type="ChildLink"><Attributes><Attribute z:Id="i112"><AttributeType>link</AttributeType><IsRequired>true</IsRequired><Value i:type="a:string" xmlns:a="http://www.w3.org/2001/XMLSchema"/></Attribute></Attributes><ChildElements/><ElementName>child</ElementName><required>true</required><NameAttribute z:Ref="i112"/></URDFElement><URDFElement z:Id="i113" i:type="Axis"><Attributes><Attribute z:Id="i114"><AttributeType>xyz</AttributeType><IsRequired>true</IsRequired><Value i:type="a:ArrayOfdouble" xmlns:a="http://schemas.microsoft.com/2003/10/Serialization/Arrays"><a:double>0</a:double><a:double>0</a:double><a:double>0</a:double></Value></Attribute></Attributes><ChildElements/><ElementName>axis</ElementName><required>false</required><XYZAttribute z:Ref="i114"/></URDFElement><URDFElement z:Id="i115" i:type="Limit"><Attributes><Attribute z:Id="i116"><AttributeType>lower</AttributeType><IsRequired>false</IsRequired><Value i:nil="true"/></Attribute><Attribute z:Id="i117"><AttributeType>upper</AttributeType><IsRequired>false</IsRequired><Value i:nil="true"/></Attribute><Attribute z:Id="i118"><AttributeType>effort</AttributeType><IsRequired>true</IsRequired><Value i:nil="true"/></Attribute><Attribute z:Id="i119"><AttributeType>velocity</AttributeType><IsRequired>true</IsRequired><Value i:nil="true"/></Attribute></Attributes><ChildElements/><ElementName>limit</ElementName><required>false</required><EffortAttribute z:Ref="i118"/><LowerAttribute z:Ref="i116"/><UpperAttribute z:Ref="i117"/><VelocityAttribute z:Ref="i119"/></URDFElement><URDFElement z:Id="i120" i:type="Calibration"><Attributes><Attribute z:Id="i121"><AttributeType>rising</AttributeType><IsRequired>false</IsRequired><Value i:nil="true"/></Attribute><Attribute z:Id="i122"><AttributeType>falling</AttributeType><IsRequired>false</IsRequired><Value i:nil="true"/></Attribute></Attributes><ChildElements/><ElementName>calibration</ElementName><required>false</required><FallingAttribute z:Ref="i122"/><RisingAttribute z:Ref="i121"/></URDFElement><URDFElement z:Id="i123" i:type="Dynamics"><Attributes><Attribute z:Id="i124"><AttributeType>damping</AttributeType><IsRequired>false</IsRequired><Value i:nil="true"/></Attribute><Attribute z:Id="i125"><AttributeType>friction</AttributeType><IsRequired>false</IsRequired><Value i:nil="true"/></Attribute></Attributes><ChildElements/><ElementName>dynamics</ElementName><required>false</required><DampingAttribute z:Ref="i124"/><FrictionAttribute z:Ref="i125"/></URDFElement><URDFElement z:Id="i126" i:type="SafetyController"><Attributes><Attribute z:Id="i127"><AttributeType>soft_upper_limit</AttributeType><IsRequired>false</IsRequired><Value i:nil="true"/></Attribute><Attribute z:Id="i128"><AttributeType>soft_lower_limit</AttributeType><IsRequired>false</IsRequired><Value i:nil="true"/></Attribute><Attribute z:Id="i129"><AttributeType>k_position</AttributeType><IsRequired>false</IsRequired><Value i:nil="true"/></Attribute><Attribute z:Id="i130"><AttributeType>k_velocity</AttributeType><IsRequired>true</IsRequired><Value i:nil="true"/></Attribute></Attributes><ChildElements/><ElementName>safety_controller</ElementName><required>false</required><KPositionAttribute z:Ref="i129"/><KVelocityAttribute z:Ref="i130"/><SoftLowerAttribute z:Ref="i128"/><SoftUpperAttribute z:Ref="i127"/></URDFElement><URDFElement z:Id="i131" i:type="Mimic"><Attributes><Attribute z:Id="i132"><AttributeType>joint</AttributeType><IsRequired>true</IsRequired><Value i:nil="true"/></Attribute><Attribute z:Id="i133"><AttributeType>multiplier</AttributeType><IsRequired>false</IsRequired><Value i:nil="true"/></Attribute><Attribute z:Id="i134"><AttributeType>offset</AttributeType><IsRequired>false</IsRequired><Value i:nil="true"/></Attribute></Attributes><ChildElements/><ElementName>mimic</ElementName><required>false</required><JointNameAttribute z:Ref="i132"/><MultiplierAttribute z:Ref="i133"/><OffsetAttribute z:Ref="i134"/></URDFElement></ChildElements><ElementName>joint</ElementName><required>false</required><Axis z:Ref="i113"/><AxisName>Automatically Generate</AxisName><Calibration z:Ref="i120"/><Child z:Ref="i111"/><CoordinateSystemName>Automatically Generate</CoordinateSystemName><Dynamics z:Ref="i123"/><Limit z:Ref="i115"/><Mimic z:Ref="i131"/><NameAttribute z:Ref="i104"/><Origin z:Ref="i106"/><Parent z:Ref="i109"/><Safety z:Ref="i126"/><TypeAttribute z:Ref="i105"/></URDFElement></ChildElements><ElementName>link</ElementName><required>true</required><Children><Link z:Id="i135"><Attributes><Attribute z:Id="i136"><AttributeType>name</AttributeType><IsRequired>true</IsRequired><Value i:type="a:string" xmlns:a="http://www.w3.org/2001/XMLSchema">link_2</Value></Attribute></Attributes><ChildElements><URDFElement z:Id="i137" i:type="Inertial"><Attributes/><ChildElements><URDFElement z:Id="i138" i:type="Origin"><Attributes><Attribute z:Id="i139"><AttributeType>xyz</AttributeType><IsRequired>true</IsRequired><Value i:type="a:ArrayOfdouble" xmlns:a="http://schemas.microsoft.com/2003/10/Serialization/Arrays"><a:double>0</a:double><a:double>0</a:double><a:double>0</a:double></Value></Attribute><Attribute z:Id="i140"><AttributeType>rpy</AttributeType><IsRequired>true</IsRequired><Value i:type="a:ArrayOfdouble" xmlns:a="http://schemas.microsoft.com/2003/10/Serialization/Arrays"><a:double>0</a:double><a:double>0</a:double><a:double>0</a:double></Value></Attribute></Attributes><ChildElements/><ElementName>origin</ElementName><required>false</required><RPYAttribute z:Ref="i140"/><XYZAttribute z:Ref="i139"/><isCustomized>false</isCustomized></URDFElement><URDFElement z:Id="i141" i:type="Mass"><Attributes><Attribute z:Id="i142"><AttributeType>value</AttributeType><IsRequired>true</IsRequired><Value i:type="a:double" xmlns:a="http://www.w3.org/2001/XMLSchema">0</Value></Attribute></Attributes><ChildElements/><ElementName>mass</ElementName><required>false</required><ValueAttribute z:Ref="i142"/></URDFElement><URDFElement z:Id="i143" i:type="Inertia"><Attributes><Attribute z:Id="i144"><AttributeType>ixx</AttributeType><IsRequired>true</IsRequired><Value i:type="a:double" xmlns:a="http://www.w3.org/2001/XMLSchema">0</Value></Attribute><Attribute z:Id="i145"><AttributeType>ixy</AttributeType><IsRequired>true</IsRequired><Value i:type="a:double" xmlns:a="http://www.w3.org/2001/XMLSchema">0</Value></Attribute><Attribute z:Id="i146"><AttributeType>ixz</AttributeType><IsRequired>true</IsRequired><Value i:type="a:double" xmlns:a="http://www.w3.org/2001/XMLSchema">0</Value></Attribute><Attribute z:Id="i147"><AttributeType>iyy</AttributeType><IsRequired>true</IsRequired><Value i:type="a:double" xmlns:a="http://www.w3.org/2001/XMLSchema">0</Value></Attribute><Attribute z:Id="i148"><AttributeType>iyz</AttributeType><IsRequired>true</IsRequired><Value i:type="a:double" xmlns:a="http://www.w3.org/2001/XMLSchema">0</Value></Attribute><Attribute z:Id="i149"><AttributeType>izz</AttributeType><IsRequired>true</IsRequired><Value i:type="a:double" xmlns:a="http://www.w3.org/2001/XMLSchema">0</Value></Attribute></Attributes><ChildElements/><ElementName>inertia</ElementName><required>false</required><IxxAttribute z:Ref="i144"/><IxyAttribute z:Ref="i145"/><IxzAttribute z:Ref="i146"/><IyyAttribute z:Ref="i147"/><IyzAttribute z:Ref="i148"/><IzzAttribute z:Ref="i149"/></URDFElement></ChildElements><ElementName>inertial</ElementName><required>false</required><Inertia z:Ref="i143"/><Mass z:Ref="i141"/><Origin z:Ref="i138"/></URDFElement><URDFElement z:Id="i150" i:type="Visual"><Attributes/><ChildElements><URDFElement z:Id="i151" i:type="Origin"><Attributes><Attribute z:Id="i152"><AttributeType>xyz</AttributeType><IsRequired>true</IsRequired><Value i:type="a:ArrayOfdouble" xmlns:a="http://schemas.microsoft.com/2003/10/Serialization/Arrays"><a:double>0</a:double><a:double>0</a:double><a:double>0</a:double></Value></Attribute><Attribute z:Id="i153"><AttributeType>rpy</AttributeType><IsRequired>true</IsRequired><Value i:type="a:ArrayOfdouble" xmlns:a="http://schemas.microsoft.com/2003/10/Serialization/Arrays"><a:double>0</a:double><a:double>0</a:double><a:double>0</a:double></Value></Attribute></Attributes><ChildElements/><ElementName>origin</ElementName><required>false</required><RPYAttribute z:Ref="i153"/><XYZAttribute z:Ref="i152"/><isCustomized>false</isCustomized></URDFElement><URDFElement z:Id="i154" i:type="Geometry"><Attributes/><ChildElements><URDFElement z:Id="i155" i:type="Mesh"><Attributes><Attribute z:Id="i156"><AttributeType>filename</AttributeType><IsRequired>true</IsRequired><Value i:nil="true"/></Attribute></Attributes><ChildElements/><ElementName>mesh</ElementName><required>false</required><FilenameAttribute z:Ref="i156"/></URDFElement></ChildElements><ElementName>geometry</ElementName><required>true</required><Mesh z:Ref="i155"/></URDFElement><URDFElement z:Id="i157" i:type="Material"><Attributes><Attribute z:Id="i158"><AttributeType>name</AttributeType><IsRequired>true</IsRequired><Value i:type="a:string" xmlns:a="http://www.w3.org/2001/XMLSchema"/></Attribute></Attributes><ChildElements><URDFElement z:Id="i159" i:type="Color"><Attributes><Attribute z:Id="i160"><AttributeType>rgba</AttributeType><IsRequired>true</IsRequired><Value i:type="a:ArrayOfdouble" xmlns:a="http://schemas.microsoft.com/2003/10/Serialization/Arrays"><a:double>1</a:double><a:double>1</a:double><a:double>1</a:double><a:double>1</a:double></Value></Attribute></Attributes><ChildElements/><ElementName>color</ElementName><required>false</required><RGBAAttribute z:Ref="i160"/></URDFElement><URDFElement z:Id="i161" i:type="Texture"><Attributes><Attribute z:Id="i162"><AttributeType>filename</AttributeType><IsRequired>true</IsRequired><Value i:nil="true"/></Attribute></Attributes><ChildElements/><ElementName>texture</ElementName><required>false</required><FilenameAttribute z:Ref="i162"/><wFilename/></URDFElement></ChildElements><ElementName>material</ElementName><required>false</required><Color z:Ref="i159"/><NameAttribute z:Ref="i158"/><Texture z:Ref="i161"/></URDFElement></ChildElements><ElementName>visual</ElementName><required>false</required><Geometry z:Ref="i154"/><Material z:Ref="i157"/><Origin z:Ref="i151"/></URDFElement><URDFElement z:Id="i163" i:type="Collision"><Attributes/><ChildElements><URDFElement z:Id="i164" i:type="Origin"><Attributes><Attribute z:Id="i165"><AttributeType>xyz</AttributeType><IsRequired>true</IsRequired><Value i:type="a:ArrayOfdouble" xmlns:a="http://schemas.microsoft.com/2003/10/Serialization/Arrays"><a:double>0</a:double><a:double>0</a:double><a:double>0</a:double></Value></Attribute><Attribute z:Id="i166"><AttributeType>rpy</AttributeType><IsRequired>true</IsRequired><Value i:type="a:ArrayOfdouble" xmlns:a="http://schemas.microsoft.com/2003/10/Serialization/Arrays"><a:double>0</a:double><a:double>0</a:double><a:double>0</a:double></Value></Attribute></Attributes><ChildElements/><ElementName>origin</ElementName><required>false</required><RPYAttribute z:Ref="i166"/><XYZAttribute z:Ref="i165"/><isCustomized>false</isCustomized></URDFElement><URDFElement z:Id="i167" i:type="Geometry"><Attributes/><ChildElements><URDFElement z:Id="i168" i:type="Mesh"><Attributes><Attribute z:Id="i169"><AttributeType>filename</AttributeType><IsRequired>true</IsRequired><Value i:nil="true"/></Attribute></Attributes><ChildElements/><ElementName>mesh</ElementName><required>false</required><FilenameAttribute z:Ref="i169"/></URDFElement></ChildElements><ElementName>geometry</ElementName><required>true</required><Mesh z:Ref="i168"/></URDFElement></ChildElements><ElementName>collision</ElementName><required>false</required><Geometry z:Ref="i167"/><Origin z:Ref="i164"/></URDFElement><URDFElement z:Id="i170" i:type="Joint"><Attributes><Attribute z:Id="i171"><AttributeType>name</AttributeType><IsRequired>true</IsRequired><Value i:type="a:string" xmlns:a="http://www.w3.org/2001/XMLSchema">joint_2</Value></Attribute><Attribute z:Id="i172"><AttributeType>type</AttributeType><IsRequired>true</IsRequired><Value i:type="a:string" xmlns:a="http://www.w3.org/2001/XMLSchema">revolute</Value></Attribute></Attributes><ChildElements><URDFElement z:Id="i173" i:type="Origin"><Attributes><Attribute z:Id="i174"><AttributeType>xyz</AttributeType><IsRequired>true</IsRequired><Value i:type="a:ArrayOfdouble" xmlns:a="http://schemas.microsoft.com/2003/10/Serialization/Arrays"><a:double>0</a:double><a:double>0</a:double><a:double>0</a:double></Value></Attribute><Attribute z:Id="i175"><AttributeType>rpy</AttributeType><IsRequired>true</IsRequired><Value i:type="a:ArrayOfdouble" xmlns:a="http://schemas.microsoft.com/2003/10/Serialization/Arrays"><a:double>0</a:double><a:double>0</a:double><a:double>0</a:double></Value></Attribute></Attributes><ChildElements/><ElementName>origin</ElementName><required>false</required><RPYAttribute z:Ref="i175"/><XYZAttribute z:Ref="i174"/><isCustomized>false</isCustomized></URDFElement><URDFElement z:Id="i176" i:type="ParentLink"><Attributes><Attribute z:Id="i177"><AttributeType>link</AttributeType><IsRequired>true</IsRequired><Value i:type="a:string" xmlns:a="http://www.w3.org/2001/XMLSchema"/></Attribute></Attributes><ChildElements/><ElementName>parent</ElementName><required>true</required><NameAttribute z:Ref="i177"/></URDFElement><URDFElement z:Id="i178" i:type="ChildLink"><Attributes><Attribute z:Id="i179"><AttributeType>link</AttributeType><IsRequired>true</IsRequired><Value i:type="a:string" xmlns:a="http://www.w3.org/2001/XMLSchema"/></Attribute></Attributes><ChildElements/><ElementName>child</ElementName><required>true</required><NameAttribute z:Ref="i179"/></URDFElement><URDFElement z:Id="i180" i:type="Axis"><Attributes><Attribute z:Id="i181"><AttributeType>xyz</AttributeType><IsRequired>true</IsRequired><Value i:type="a:ArrayOfdouble" xmlns:a="http://schemas.microsoft.com/2003/10/Serialization/Arrays"><a:double>0</a:double><a:double>0</a:double><a:double>0</a:double></Value></Attribute></Attributes><ChildElements/><ElementName>axis</ElementName><required>false</required><XYZAttribute z:Ref="i181"/></URDFElement><URDFElement z:Id="i182" i:type="Limit"><Attributes><Attribute z:Id="i183"><AttributeType>lower</AttributeType><IsRequired>false</IsRequired><Value i:nil="true"/></Attribute><Attribute z:Id="i184"><AttributeType>upper</AttributeType><IsRequired>false</IsRequired><Value i:nil="true"/></Attribute><Attribute z:Id="i185"><AttributeType>effort</AttributeType><IsRequired>true</IsRequired><Value i:nil="true"/></Attribute><Attribute z:Id="i186"><AttributeType>velocity</AttributeType><IsRequired>true</IsRequired><Value i:nil="true"/></Attribute></Attributes><ChildElements/><ElementName>limit</ElementName><required>false</required><EffortAttribute z:Ref="i185"/><LowerAttribute z:Ref="i183"/><UpperAttribute z:Ref="i184"/><VelocityAttribute z:Ref="i186"/></URDFElement><URDFElement z:Id="i187" i:type="Calibration"><Attributes><Attribute z:Id="i188"><AttributeType>rising</AttributeType><IsRequired>false</IsRequired><Value i:nil="true"/></Attribute><Attribute z:Id="i189"><AttributeType>falling</AttributeType><IsRequired>false</IsRequired><Value i:nil="true"/></Attribute></Attributes><ChildElements/><ElementName>calibration</ElementName><required>false</required><FallingAttribute z:Ref="i189"/><RisingAttribute z:Ref="i188"/></URDFElement><URDFElement z:Id="i190" i:type="Dynamics"><Attributes><Attribute z:Id="i191"><AttributeType>damping</AttributeType><IsRequired>false</IsRequired><Value i:nil="true"/></Attribute><Attribute z:Id="i192"><AttributeType>friction</AttributeType><IsRequired>false</IsRequired><Value i:nil="true"/></Attribute></Attributes><ChildElements/><ElementName>dynamics</ElementName><required>false</required><DampingAttribute z:Ref="i191"/><FrictionAttribute z:Ref="i192"/></URDFElement><URDFElement z:Id="i193" i:type="SafetyController"><Attributes><Attribute z:Id="i194"><AttributeType>soft_upper_limit</AttributeType><IsRequired>false</IsRequired><Value i:nil="true"/></Attribute><Attribute z:Id="i195"><AttributeType>soft_lower_limit</AttributeType><IsRequired>false</IsRequired><Value i:nil="true"/></Attribute><Attribute z:Id="i196"><AttributeType>k_position</AttributeType><IsRequired>false</IsRequired><Value i:nil="true"/></Attribute><Attribute z:Id="i197"><AttributeType>k_velocity</AttributeType><IsRequired>true</IsRequired><Value i:nil="true"/></Attribute></Attributes><ChildElements/><ElementName>safety_controller</ElementName><required>false</required><KPositionAttribute z:Ref="i196"/><KVelocityAttribute z:Ref="i197"/><SoftLowerAttribute z:Ref="i195"/><SoftUpperAttribute z:Ref="i194"/></URDFElement><URDFElement z:Id="i198" i:type="Mimic"><Attributes><Attribute z:Id="i199"><AttributeType>joint</AttributeType><IsRequired>true</IsRequired><Value i:nil="true"/></Attribute><Attribute z:Id="i200"><AttributeType>multiplier</AttributeType><IsRequired>false</IsRequired><Value i:nil="true"/></Attribute><Attribute z:Id="i201"><AttributeType>offset</AttributeType><IsRequired>false</IsRequired><Value i:nil="true"/></Attribute></Attributes><ChildElements/><ElementName>mimic</ElementName><required>false</required><JointNameAttribute z:Ref="i199"/><MultiplierAttribute z:Ref="i200"/><OffsetAttribute z:Ref="i201"/></URDFElement></ChildElements><ElementName>joint</ElementName><required>false</required><Axis z:Ref="i180"/><AxisName>Automatically Generate</AxisName><Calibration z:Ref="i187"/><Child z:Ref="i178"/><CoordinateSystemName>Automatically Generate</CoordinateSystemName><Dynamics z:Ref="i190"/><Limit z:Ref="i182"/><Mimic z:Ref="i198"/><NameAttribute z:Ref="i171"/><Origin z:Ref="i173"/><Parent z:Ref="i176"/><Safety z:Ref="i193"/><TypeAttribute z:Ref="i172"/></URDFElement></ChildElements><ElementName>link</ElementName><required>true</required><Children><Link z:Id="i202"><Attributes><Attribute z:Id="i203"><AttributeType>name</AttributeType><IsRequired>true</IsRequired><Value i:type="a:string" xmlns:a="http://www.w3.org/2001/XMLSchema">link_3</Value></Attribute></Attributes><ChildElements><URDFElement z:Id="i204" i:type="Inertial"><Attributes/><ChildElements><URDFElement z:Id="i205" i:type="Origin"><Attributes><Attribute z:Id="i206"><AttributeType>xyz</AttributeType><IsRequired>true</IsRequired><Value i:type="a:ArrayOfdouble" xmlns:a="http://schemas.microsoft.com/2003/10/Serialization/Arrays"><a:double>0</a:double><a:double>0</a:double><a:double>0</a:double></Value></Attribute><Attribute z:Id="i207"><AttributeType>rpy</AttributeType><IsRequired>true</IsRequired><Value i:type="a:ArrayOfdouble" xmlns:a="http://schemas.microsoft.com/2003/10/Serialization/Arrays"><a:double>0</a:double><a:double>0</a:double><a:double>0</a:double></Value></Attribute></Attributes><ChildElements/><ElementName>origin</ElementName><required>false</required><RPYAttribute z:Ref="i207"/><XYZAttribute z:Ref="i206"/><isCustomized>false</isCustomized></URDFElement><URDFElement z:Id="i208" i:type="Mass"><Attributes><Attribute z:Id="i209"><AttributeType>value</AttributeType><IsRequired>true</IsRequired><Value i:type="a:double" xmlns:a="http://www.w3.org/2001/XMLSchema">0</Value></Attribute></Attributes><ChildElements/><ElementName>mass</ElementName><required>false</required><ValueAttribute z:Ref="i209"/></URDFElement><URDFElement z:Id="i210" i:type="Inertia"><Attributes><Attribute z:Id="i211"><AttributeType>ixx</AttributeType><IsRequired>true</IsRequired><Value i:type="a:double" xmlns:a="http://www.w3.org/2001/XMLSchema">0</Value></Attribute><Attribute z:Id="i212"><AttributeType>ixy</AttributeType><IsRequired>true</IsRequired><Value i:type="a:double" xmlns:a="http://www.w3.org/2001/XMLSchema">0</Value></Attribute><Attribute z:Id="i213"><AttributeType>ixz</AttributeType><IsRequired>true</IsRequired><Value i:type="a:double" xmlns:a="http://www.w3.org/2001/XMLSchema">0</Value></Attribute><Attribute z:Id="i214"><AttributeType>iyy</AttributeType><IsRequired>true</IsRequired><Value i:type="a:double" xmlns:a="http://www.w3.org/2001/XMLSchema">0</Value></Attribute><Attribute z:Id="i215"><AttributeType>iyz</AttributeType><IsRequired>true</IsRequired><Value i:type="a:double" xmlns:a="http://www.w3.org/2001/XMLSchema">0</Value></Attribute><Attribute z:Id="i216"><AttributeType>izz</AttributeType><IsRequired>true</IsRequired><Value i:type="a:double" xmlns:a="http://www.w3.org/2001/XMLSchema">0</Value></Attribute></Attributes><ChildElements/><ElementName>inertia</ElementName><required>false</required><IxxAttribute z:Ref="i211"/><IxyAttribute z:Ref="i212"/><IxzAttribute z:Ref="i213"/><IyyAttribute z:Ref="i214"/><IyzAttribute z:Ref="i215"/><IzzAttribute z:Ref="i216"/></URDFElement></ChildElements><ElementName>inertial</ElementName><required>false</required><Inertia z:Ref="i210"/><Mass z:Ref="i208"/><Origin z:Ref="i205"/></URDFElement><URDFElement z:Id="i217" i:type="Visual"><Attributes/><ChildElements><URDFElement z:Id="i218" i:type="Origin"><Attributes><Attribute z:Id="i219"><AttributeType>xyz</AttributeType><IsRequired>true</IsRequired><Value i:type="a:ArrayOfdouble" xmlns:a="http://schemas.microsoft.com/2003/10/Serialization/Arrays"><a:double>0</a:double><a:double>0</a:double><a:double>0</a:double></Value></Attribute><Attribute z:Id="i220"><AttributeType>rpy</AttributeType><IsRequired>true</IsRequired><Value i:type="a:ArrayOfdouble" xmlns:a="http://schemas.microsoft.com/2003/10/Serialization/Arrays"><a:double>0</a:double><a:double>0</a:double><a:double>0</a:double></Value></Attribute></Attributes><ChildElements/><ElementName>origin</ElementName><required>false</required><RPYAttribute z:Ref="i220"/><XYZAttribute z:Ref="i219"/><isCustomized>false</isCustomized></URDFElement><URDFElement z:Id="i221" i:type="Geometry"><Attributes/><ChildElements><URDFElement z:Id="i222" i:type="Mesh"><Attributes><Attribute z:Id="i223"><AttributeType>filename</AttributeType><IsRequired>true</IsRequired><Value i:nil="true"/></Attribute></Attributes><ChildElements/><ElementName>mesh</ElementName><required>false</required><FilenameAttribute z:Ref="i223"/></URDFElement></ChildElements><ElementName>geometry</ElementName><required>true</required><Mesh z:Ref="i222"/></URDFElement><URDFElement z:Id="i224" i:type="Material"><Attributes><Attribute z:Id="i225"><AttributeType>name</AttributeType><IsRequired>true</IsRequired><Value i:type="a:string" xmlns:a="http://www.w3.org/2001/XMLSchema"/></Attribute></Attributes><ChildElements><URDFElement z:Id="i226" i:type="Color"><Attributes><Attribute z:Id="i227"><AttributeType>rgba</AttributeType><IsRequired>true</IsRequired><Value i:type="a:ArrayOfdouble" xmlns:a="http://schemas.microsoft.com/2003/10/Serialization/Arrays"><a:double>1</a:double><a:double>1</a:double><a:double>1</a:double><a:double>1</a:double></Value></Attribute></Attributes><ChildElements/><ElementName>color</ElementName><required>false</required><RGBAAttribute z:Ref="i227"/></URDFElement><URDFElement z:Id="i228" i:type="Texture"><Attributes><Attribute z:Id="i229"><AttributeType>filename</AttributeType><IsRequired>true</IsRequired><Value i:nil="true"/></Attribute></Attributes><ChildElements/><ElementName>texture</ElementName><required>false</required><FilenameAttribute z:Ref="i229"/><wFilename/></URDFElement></ChildElements><ElementName>material</ElementName><required>false</required><Color z:Ref="i226"/><NameAttribute z:Ref="i225"/><Texture z:Ref="i228"/></URDFElement></ChildElements><ElementName>visual</ElementName><required>false</required><Geometry z:Ref="i221"/><Material z:Ref="i224"/><Origin z:Ref="i218"/></URDFElement><URDFElement z:Id="i230" i:type="Collision"><Attributes/><ChildElements><URDFElement z:Id="i231" i:type="Origin"><Attributes><Attribute z:Id="i232"><AttributeType>xyz</AttributeType><IsRequired>true</IsRequired><Value i:type="a:ArrayOfdouble" xmlns:a="http://schemas.microsoft.com/2003/10/Serialization/Arrays"><a:double>0</a:double><a:double>0</a:double><a:double>0</a:double></Value></Attribute><Attribute z:Id="i233"><AttributeType>rpy</AttributeType><IsRequired>true</IsRequired><Value i:type="a:ArrayOfdouble" xmlns:a="http://schemas.microsoft.com/2003/10/Serialization/Arrays"><a:double>0</a:double><a:double>0</a:double><a:double>0</a:double></Value></Attribute></Attributes><ChildElements/><ElementName>origin</ElementName><required>false</required><RPYAttribute z:Ref="i233"/><XYZAttribute z:Ref="i232"/><isCustomized>false</isCustomized></URDFElement><URDFElement z:Id="i234" i:type="Geometry"><Attributes/><ChildElements><URDFElement z:Id="i235" i:type="Mesh"><Attributes><Attribute z:Id="i236"><AttributeType>filename</AttributeType><IsRequired>true</IsRequired><Value i:nil="true"/></Attribute></Attributes><ChildElements/><ElementName>mesh</ElementName><required>false</required><FilenameAttribute z:Ref="i236"/></URDFElement></ChildElements><ElementName>geometry</ElementName><required>true</required><Mesh z:Ref="i235"/></URDFElement></ChildElements><ElementName>collision</ElementName><required>false</required><Geometry z:Ref="i234"/><Origin z:Ref="i231"/></URDFElement><URDFElement z:Id="i237" i:type="Joint"><Attributes><Attribute z:Id="i238"><AttributeType>name</AttributeType><IsRequired>true</IsRequired><Value i:type="a:string" xmlns:a="http://www.w3.org/2001/XMLSchema">joint_3</Value></Attribute><Attribute z:Id="i239"><AttributeType>type</AttributeType><IsRequired>true</IsRequired><Value i:type="a:string" xmlns:a="http://www.w3.org/2001/XMLSchema">revolute</Value></Attribute></Attributes><ChildElements><URDFElement z:Id="i240" i:type="Origin"><Attributes><Attribute z:Id="i241"><AttributeType>xyz</AttributeType><IsRequired>true</IsRequired><Value i:type="a:ArrayOfdouble" xmlns:a="http://schemas.microsoft.com/2003/10/Serialization/Arrays"><a:double>0</a:double><a:double>0</a:double><a:double>0</a:double></Value></Attribute><Attribute z:Id="i242"><AttributeType>rpy</AttributeType><IsRequired>true</IsRequired><Value i:type="a:ArrayOfdouble" xmlns:a="http://schemas.microsoft.com/2003/10/Serialization/Arrays"><a:double>0</a:double><a:double>0</a:double><a:double>0</a:double></Value></Attribute></Attributes><ChildElements/><ElementName>origin</ElementName><required>false</required><RPYAttribute z:Ref="i242"/><XYZAttribute z:Ref="i241"/><isCustomized>false</isCustomized></URDFElement><URDFElement z:Id="i243" i:type="ParentLink"><Attributes><Attribute z:Id="i244"><AttributeType>link</AttributeType><IsRequired>true</IsRequired><Value i:type="a:string" xmlns:a="http://www.w3.org/2001/XMLSchema"/></Attribute></Attributes><ChildElements/><ElementName>parent</ElementName><required>true</required><NameAttribute z:Ref="i244"/></URDFElement><URDFElement z:Id="i245" i:type="ChildLink"><Attributes><Attribute z:Id="i246"><AttributeType>link</AttributeType><IsRequired>true</IsRequired><Value i:type="a:string" xmlns:a="http://www.w3.org/2001/XMLSchema"/></Attribute></Attributes><ChildElements/><ElementName>child</ElementName><required>true</required><NameAttribute z:Ref="i246"/></URDFElement><URDFElement z:Id="i247" i:type="Axis"><Attributes><Attribute z:Id="i248"><AttributeType>xyz</AttributeType><IsRequired>true</IsRequired><Value i:type="a:ArrayOfdouble" xmlns:a="http://schemas.microsoft.com/2003/10/Serialization/Arrays"><a:double>0</a:double><a:double>0</a:double><a:double>0</a:double></Value></Attribute></Attributes><ChildElements/><ElementName>axis</ElementName><required>false</required><XYZAttribute z:Ref="i248"/></URDFElement><URDFElement z:Id="i249" i:type="Limit"><Attributes><Attribute z:Id="i250"><AttributeType>lower</AttributeType><IsRequired>false</IsRequired><Value i:nil="true"/></Attribute><Attribute z:Id="i251"><AttributeType>upper</AttributeType><IsRequired>false</IsRequired><Value i:nil="true"/></Attribute><Attribute z:Id="i252"><AttributeType>effort</AttributeType><IsRequired>true</IsRequired><Value i:nil="true"/></Attribute><Attribute z:Id="i253"><AttributeType>velocity</AttributeType><IsRequired>true</IsRequired><Value i:nil="true"/></Attribute></Attributes><ChildElements/><ElementName>limit</ElementName><required>false</required><EffortAttribute z:Ref="i252"/><LowerAttribute z:Ref="i250"/><UpperAttribute z:Ref="i251"/><VelocityAttribute z:Ref="i253"/></URDFElement><URDFElement z:Id="i254" i:type="Calibration"><Attributes><Attribute z:Id="i255"><AttributeType>rising</AttributeType><IsRequired>false</IsRequired><Value i:nil="true"/></Attribute><Attribute z:Id="i256"><AttributeType>falling</AttributeType><IsRequired>false</IsRequired><Value i:nil="true"/></Attribute></Attributes><ChildElements/><ElementName>calibration</ElementName><required>false</required><FallingAttribute z:Ref="i256"/><RisingAttribute z:Ref="i255"/></URDFElement><URDFElement z:Id="i257" i:type="Dynamics"><Attributes><Attribute z:Id="i258"><AttributeType>damping</AttributeType><IsRequired>false</IsRequired><Value i:nil="true"/></Attribute><Attribute z:Id="i259"><AttributeType>friction</AttributeType><IsRequired>false</IsRequired><Value i:nil="true"/></Attribute></Attributes><ChildElements/><ElementName>dynamics</ElementName><required>false</required><DampingAttribute z:Ref="i258"/><FrictionAttribute z:Ref="i259"/></URDFElement><URDFElement z:Id="i260" i:type="SafetyController"><Attributes><Attribute z:Id="i261"><AttributeType>soft_upper_limit</AttributeType><IsRequired>false</IsRequired><Value i:nil="true"/></Attribute><Attribute z:Id="i262"><AttributeType>soft_lower_limit</AttributeType><IsRequired>false</IsRequired><Value i:nil="true"/></Attribute><Attribute z:Id="i263"><AttributeType>k_position</AttributeType><IsRequired>false</IsRequired><Value i:nil="true"/></Attribute><Attribute z:Id="i264"><AttributeType>k_velocity</AttributeType><IsRequired>true</IsRequired><Value i:nil="true"/></Attribute></Attributes><ChildElements/><ElementName>safety_controller</ElementName><required>false</required><KPositionAttribute z:Ref="i263"/><KVelocityAttribute z:Ref="i264"/><SoftLowerAttribute z:Ref="i262"/><SoftUpperAttribute z:Ref="i261"/></URDFElement><URDFElement z:Id="i265" i:type="Mimic"><Attributes><Attribute z:Id="i266"><AttributeType>joint</AttributeType><IsRequired>true</IsRequired><Value i:nil="true"/></Attribute><Attribute z:Id="i267"><AttributeType>multiplier</AttributeType><IsRequired>false</IsRequired><Value i:nil="true"/></Attribute><Attribute z:Id="i268"><AttributeType>offset</AttributeType><IsRequired>false</IsRequired><Value i:nil="true"/></Attribute></Attributes><ChildElements/><ElementName>mimic</ElementName><required>false</required><JointNameAttribute z:Ref="i266"/><MultiplierAttribute z:Ref="i267"/><OffsetAttribute z:Ref="i268"/></URDFElement></ChildElements><ElementName>joint</ElementName><required>false</required><Axis z:Ref="i247"/><AxisName>Automatically Generate</AxisName><Calibration z:Ref="i254"/><Child z:Ref="i245"/><CoordinateSystemName>Automatically Generate</CoordinateSystemName><Dynamics z:Ref="i257"/><Limit z:Ref="i249"/><Mimic z:Ref="i265"/><NameAttribute z:Ref="i238"/><Origin z:Ref="i240"/><Parent z:Ref="i243"/><Safety z:Ref="i260"/><TypeAttribute z:Ref="i239"/></URDFElement></ChildElements><ElementName>link</ElementName><required>true</required><Children><Link z:Id="i269"><Attributes><Attribute z:Id="i270"><AttributeType>name</AttributeType><IsRequired>true</IsRequired><Value i:type="a:string" xmlns:a="http://www.w3.org/2001/XMLSchema">link_4</Value></Attribute></Attributes><ChildElements><URDFElement z:Id="i271" i:type="Inertial"><Attributes/><ChildElements><URDFElement z:Id="i272" i:type="Origin"><Attributes><Attribute z:Id="i273"><AttributeType>xyz</AttributeType><IsRequired>true</IsRequired><Value i:type="a:ArrayOfdouble" xmlns:a="http://schemas.microsoft.com/2003/10/Serialization/Arrays"><a:double>0</a:double><a:double>0</a:double><a:double>0</a:double></Value></Attribute><Attribute z:Id="i274"><AttributeType>rpy</AttributeType><IsRequired>true</IsRequired><Value i:type="a:ArrayOfdouble" xmlns:a="http://schemas.microsoft.com/2003/10/Serialization/Arrays"><a:double>0</a:double><a:double>0</a:double><a:double>0</a:double></Value></Attribute></Attributes><ChildElements/><ElementName>origin</ElementName><required>false</required><RPYAttribute z:Ref="i274"/><XYZAttribute z:Ref="i273"/><isCustomized>false</isCustomized></URDFElement><URDFElement z:Id="i275" i:type="Mass"><Attributes><Attribute z:Id="i276"><AttributeType>value</AttributeType><IsRequired>true</IsRequired><Value i:type="a:double" xmlns:a="http://www.w3.org/2001/XMLSchema">0</Value></Attribute></Attributes><ChildElements/><ElementName>mass</ElementName><required>false</required><ValueAttribute z:Ref="i276"/></URDFElement><URDFElement z:Id="i277" i:type="Inertia"><Attributes><Attribute z:Id="i278"><AttributeType>ixx</AttributeType><IsRequired>true</IsRequired><Value i:type="a:double" xmlns:a="http://www.w3.org/2001/XMLSchema">0</Value></Attribute><Attribute z:Id="i279"><AttributeType>ixy</AttributeType><IsRequired>true</IsRequired><Value i:type="a:double" xmlns:a="http://www.w3.org/2001/XMLSchema">0</Value></Attribute><Attribute z:Id="i280"><AttributeType>ixz</AttributeType><IsRequired>true</IsRequired><Value i:type="a:double" xmlns:a="http://www.w3.org/2001/XMLSchema">0</Value></Attribute><Attribute z:Id="i281"><AttributeType>iyy</AttributeType><IsRequired>true</IsRequired><Value i:type="a:double" xmlns:a="http://www.w3.org/2001/XMLSchema">0</Value></Attribute><Attribute z:Id="i282"><AttributeType>iyz</AttributeType><IsRequired>true</IsRequired><Value i:type="a:double" xmlns:a="http://www.w3.org/2001/XMLSchema">0</Value></Attribute><Attribute z:Id="i283"><AttributeType>izz</AttributeType><IsRequired>true</IsRequired><Value i:type="a:double" xmlns:a="http://www.w3.org/2001/XMLSchema">0</Value></Attribute></Attributes><ChildElements/><ElementName>inertia</ElementName><required>false</required><IxxAttribute z:Ref="i278"/><IxyAttribute z:Ref="i279"/><IxzAttribute z:Ref="i280"/><IyyAttribute z:Ref="i281"/><IyzAttribute z:Ref="i282"/><IzzAttribute z:Ref="i283"/></URDFElement></ChildElements><ElementName>inertial</ElementName><required>false</required><Inertia z:Ref="i277"/><Mass z:Ref="i275"/><Origin z:Ref="i272"/></URDFElement><URDFElement z:Id="i284" i:type="Visual"><Attributes/><ChildElements><URDFElement z:Id="i285" i:type="Origin"><Attributes><Attribute z:Id="i286"><AttributeType>xyz</AttributeType><IsRequired>true</IsRequired><Value i:type="a:ArrayOfdouble" xmlns:a="http://schemas.microsoft.com/2003/10/Serialization/Arrays"><a:double>0</a:double><a:double>0</a:double><a:double>0</a:double></Value></Attribute><Attribute z:Id="i287"><AttributeType>rpy</AttributeType><IsRequired>true</IsRequired><Value i:type="a:ArrayOfdouble" xmlns:a="http://schemas.microsoft.com/2003/10/Serialization/Arrays"><a:double>0</a:double><a:double>0</a:double><a:double>0</a:double></Value></Attribute></Attributes><ChildElements/><ElementName>origin</ElementName><required>false</required><RPYAttribute z:Ref="i287"/><XYZAttribute z:Ref="i286"/><isCustomized>false</isCustomized></URDFElement><URDFElement z:Id="i288" i:type="Geometry"><Attributes/><ChildElements><URDFElement z:Id="i289" i:type="Mesh"><Attributes><Attribute z:Id="i290"><AttributeType>filename</AttributeType><IsRequired>true</IsRequired><Value i:nil="true"/></Attribute></Attributes><ChildElements/><ElementName>mesh</ElementName><required>false</required><FilenameAttribute z:Ref="i290"/></URDFElement></ChildElements><ElementName>geometry</ElementName><required>true</required><Mesh z:Ref="i289"/></URDFElement><URDFElement z:Id="i291" i:type="Material"><Attributes><Attribute z:Id="i292"><AttributeType>name</AttributeType><IsRequired>true</IsRequired><Value i:type="a:string" xmlns:a="http://www.w3.org/2001/XMLSchema"/></Attribute></Attributes><ChildElements><URDFElement z:Id="i293" i:type="Color"><Attributes><Attribute z:Id="i294"><AttributeType>rgba</AttributeType><IsRequired>true</IsRequired><Value i:type="a:ArrayOfdouble" xmlns:a="http://schemas.microsoft.com/2003/10/Serialization/Arrays"><a:double>1</a:double><a:double>1</a:double><a:double>1</a:double><a:double>1</a:double></Value></Attribute></Attributes><ChildElements/><ElementName>color</ElementName><required>false</required><RGBAAttribute z:Ref="i294"/></URDFElement><URDFElement z:Id="i295" i:type="Texture"><Attributes><Attribute z:Id="i296"><AttributeType>filename</AttributeType><IsRequired>true</IsRequired><Value i:nil="true"/></Attribute></Attributes><ChildElements/><ElementName>texture</ElementName><required>false</required><FilenameAttribute z:Ref="i296"/><wFilename/></URDFElement></ChildElements><ElementName>material</ElementName><required>false</required><Color z:Ref="i293"/><NameAttribute z:Ref="i292"/><Texture z:Ref="i295"/></URDFElement></ChildElements><ElementName>visual</ElementName><required>false</required><Geometry z:Ref="i288"/><Material z:Ref="i291"/><Origin z:Ref="i285"/></URDFElement><URDFElement z:Id="i297" i:type="Collision"><Attributes/><ChildElements><URDFElement z:Id="i298" i:type="Origin"><Attributes><Attribute z:Id="i299"><AttributeType>xyz</AttributeType><IsRequired>true</IsRequired><Value i:type="a:ArrayOfdouble" xmlns:a="http://schemas.microsoft.com/2003/10/Serialization/Arrays"><a:double>0</a:double><a:double>0</a:double><a:double>0</a:double></Value></Attribute><Attribute z:Id="i300"><AttributeType>rpy</AttributeType><IsRequired>true</IsRequired><Value i:type="a:ArrayOfdouble" xmlns:a="http://schemas.microsoft.com/2003/10/Serialization/Arrays"><a:double>0</a:double><a:double>0</a:double><a:double>0</a:double></Value></Attribute></Attributes><ChildElements/><ElementName>origin</ElementName><required>false</required><RPYAttribute z:Ref="i300"/><XYZAttribute z:Ref="i299"/><isCustomized>false</isCustomized></URDFElement><URDFElement z:Id="i301" i:type="Geometry"><Attributes/><ChildElements><URDFElement z:Id="i302" i:type="Mesh"><Attributes><Attribute z:Id="i303"><AttributeType>filename</AttributeType><IsRequired>true</IsRequired><Value i:nil="true"/></Attribute></Attributes><ChildElements/><ElementName>mesh</ElementName><required>false</required><FilenameAttribute z:Ref="i303"/></URDFElement></ChildElements><ElementName>geometry</ElementName><required>true</required><Mesh z:Ref="i302"/></URDFElement></ChildElements><ElementName>collision</ElementName><required>false</required><Geometry z:Ref="i301"/><Origin z:Ref="i298"/></URDFElement><URDFElement z:Id="i304" i:type="Joint"><Attributes><Attribute z:Id="i305"><AttributeType>name</AttributeType><IsRequired>true</IsRequired><Value i:type="a:string" xmlns:a="http://www.w3.org/2001/XMLSchema">joint_4</Value></Attribute><Attribute z:Id="i306"><AttributeType>type</AttributeType><IsRequired>true</IsRequired><Value i:type="a:string" xmlns:a="http://www.w3.org/2001/XMLSchema">revolute</Value></Attribute></Attributes><ChildElements><URDFElement z:Id="i307" i:type="Origin"><Attributes><Attribute z:Id="i308"><AttributeType>xyz</AttributeType><IsRequired>true</IsRequired><Value i:type="a:ArrayOfdouble" xmlns:a="http://schemas.microsoft.com/2003/10/Serialization/Arrays"><a:double>0</a:double><a:double>0</a:double><a:double>0</a:double></Value></Attribute><Attribute z:Id="i309"><AttributeType>rpy</AttributeType><IsRequired>true</IsRequired><Value i:type="a:ArrayOfdouble" xmlns:a="http://schemas.microsoft.com/2003/10/Serialization/Arrays"><a:double>0</a:double><a:double>0</a:double><a:double>0</a:double></Value></Attribute></Attributes><ChildElements/><ElementName>origin</ElementName><required>false</required><RPYAttribute z:Ref="i309"/><XYZAttribute z:Ref="i308"/><isCustomized>false</isCustomized></URDFElement><URDFElement z:Id="i310" i:type="ParentLink"><Attributes><Attribute z:Id="i311"><AttributeType>link</AttributeType><IsRequired>true</IsRequired><Value i:type="a:string" xmlns:a="http://www.w3.org/2001/XMLSchema"/></Attribute></Attributes><ChildElements/><ElementName>parent</ElementName><required>true</required><NameAttribute z:Ref="i311"/></URDFElement><URDFElement z:Id="i312" i:type="ChildLink"><Attributes><Attribute z:Id="i313"><AttributeType>link</AttributeType><IsRequired>true</IsRequired><Value i:type="a:string" xmlns:a="http://www.w3.org/2001/XMLSchema"/></Attribute></Attributes><ChildElements/><ElementName>child</ElementName><required>true</required><NameAttribute z:Ref="i313"/></URDFElement><URDFElement z:Id="i314" i:type="Axis"><Attributes><Attribute z:Id="i315"><AttributeType>xyz</AttributeType><IsRequired>true</IsRequired><Value i:type="a:ArrayOfdouble" xmlns:a="http://schemas.microsoft.com/2003/10/Serialization/Arrays"><a:double>0</a:double><a:double>0</a:double><a:double>0</a:double></Value></Attribute></Attributes><ChildElements/><ElementName>axis</ElementName><required>false</required><XYZAttribute z:Ref="i315"/></URDFElement><URDFElement z:Id="i316" i:type="Limit"><Attributes><Attribute z:Id="i317"><AttributeType>lower</AttributeType><IsRequired>false</IsRequired><Value i:nil="true"/></Attribute><Attribute z:Id="i318"><AttributeType>upper</AttributeType><IsRequired>false</IsRequired><Value i:nil="true"/></Attribute><Attribute z:Id="i319"><AttributeType>effort</AttributeType><IsRequired>true</IsRequired><Value i:nil="true"/></Attribute><Attribute z:Id="i320"><AttributeType>velocity</AttributeType><IsRequired>true</IsRequired><Value i:nil="true"/></Attribute></Attributes><ChildElements/><ElementName>limit</ElementName><required>false</required><EffortAttribute z:Ref="i319"/><LowerAttribute z:Ref="i317"/><UpperAttribute z:Ref="i318"/><VelocityAttribute z:Ref="i320"/></URDFElement><URDFElement z:Id="i321" i:type="Calibration"><Attributes><Attribute z:Id="i322"><AttributeType>rising</AttributeType><IsRequired>false</IsRequired><Value i:nil="true"/></Attribute><Attribute z:Id="i323"><AttributeType>falling</AttributeType><IsRequired>false</IsRequired><Value i:nil="true"/></Attribute></Attributes><ChildElements/><ElementName>calibration</ElementName><required>false</required><FallingAttribute z:Ref="i323"/><RisingAttribute z:Ref="i322"/></URDFElement><URDFElement z:Id="i324" i:type="Dynamics"><Attributes><Attribute z:Id="i325"><AttributeType>damping</AttributeType><IsRequired>false</IsRequired><Value i:nil="true"/></Attribute><Attribute z:Id="i326"><AttributeType>friction</AttributeType><IsRequired>false</IsRequired><Value i:nil="true"/></Attribute></Attributes><ChildElements/><ElementName>dynamics</ElementName><required>false</required><DampingAttribute z:Ref="i325"/><FrictionAttribute z:Ref="i326"/></URDFElement><URDFElement z:Id="i327" i:type="SafetyController"><Attributes><Attribute z:Id="i328"><AttributeType>soft_upper_limit</AttributeType><IsRequired>false</IsRequired><Value i:nil="true"/></Attribute><Attribute z:Id="i329"><AttributeType>soft_lower_limit</AttributeType><IsRequired>false</IsRequired><Value i:nil="true"/></Attribute><Attribute z:Id="i330"><AttributeType>k_position</AttributeType><IsRequired>false</IsRequired><Value i:nil="true"/></Attribute><Attribute z:Id="i331"><AttributeType>k_velocity</AttributeType><IsRequired>true</IsRequired><Value i:nil="true"/></Attribute></Attributes><ChildElements/><ElementName>safety_controller</ElementName><required>false</required><KPositionAttribute z:Ref="i330"/><KVelocityAttribute z:Ref="i331"/><SoftLowerAttribute z:Ref="i329"/><SoftUpperAttribute z:Ref="i328"/></URDFElement><URDFElement z:Id="i332" i:type="Mimic"><Attributes><Attribute z:Id="i333"><AttributeType>joint</AttributeType><IsRequired>true</IsRequired><Value i:nil="true"/></Attribute><Attribute z:Id="i334"><AttributeType>multiplier</AttributeType><IsRequired>false</IsRequired><Value i:nil="true"/></Attribute><Attribute z:Id="i335"><AttributeType>offset</AttributeType><IsRequired>false</IsRequired><Value i:nil="true"/></Attribute></Attributes><ChildElements/><ElementName>mimic</ElementName><required>false</required><JointNameAttribute z:Ref="i333"/><MultiplierAttribute z:Ref="i334"/><OffsetAttribute z:Ref="i335"/></URDFElement></ChildElements><ElementName>joint</ElementName><required>false</required><Axis z:Ref="i314"/><AxisName>Automatically Generate</AxisName><Calibration z:Ref="i321"/><Child z:Ref="i312"/><CoordinateSystemName>Automatically Generate</CoordinateSystemName><Dynamics z:Ref="i324"/><Limit z:Ref="i316"/><Mimic z:Ref="i332"/><NameAttribute z:Ref="i305"/><Origin z:Ref="i307"/><Parent z:Ref="i310"/><Safety z:Ref="i327"/><TypeAttribute z:Ref="i306"/></URDFElement></ChildElements><ElementName>link</ElementName><required>true</required><Children><Link z:Id="i336"><Attributes><Attribute z:Id="i337"><AttributeType>name</AttributeType><IsRequired>true</IsRequired><Value i:type="a:string" xmlns:a="http://www.w3.org/2001/XMLSchema">end_effector</Value></Attribute></Attributes><ChildElements><URDFElement z:Id="i338" i:type="Inertial"><Attributes/><ChildElements><URDFElement z:Id="i339" i:type="Origin"><Attributes><Attribute z:Id="i340"><AttributeType>xyz</AttributeType><IsRequired>true</IsRequired><Value i:type="a:ArrayOfdouble" xmlns:a="http://schemas.microsoft.com/2003/10/Serialization/Arrays"><a:double>0</a:double><a:double>0</a:double><a:double>0</a:double></Value></Attribute><Attribute z:Id="i341"><AttributeType>rpy</AttributeType><IsRequired>true</IsRequired><Value i:type="a:ArrayOfdouble" xmlns:a="http://schemas.microsoft.com/2003/10/Serialization/Arrays"><a:double>0</a:double><a:double>0</a:double><a:double>0</a:double></Value></Attribute></Attributes><ChildElements/><ElementName>origin</ElementName><required>false</required><RPYAttribute z:Ref="i341"/><XYZAttribute z:Ref="i340"/><isCustomized>false</isCustomized></URDFElement><URDFElement z:Id="i342" i:type="Mass"><Attributes><Attribute z:Id="i343"><AttributeType>value</AttributeType><IsRequired>true</IsRequired><Value i:type="a:double" xmlns:a="http://www.w3.org/2001/XMLSchema">0</Value></Attribute></Attributes><ChildElements/><ElementName>mass</ElementName><required>false</required><ValueAttribute z:Ref="i343"/></URDFElement><URDFElement z:Id="i344" i:type="Inertia"><Attributes><Attribute z:Id="i345"><AttributeType>ixx</AttributeType><IsRequired>true</IsRequired><Value i:type="a:double" xmlns:a="http://www.w3.org/2001/XMLSchema">0</Value></Attribute><Attribute z:Id="i346"><AttributeType>ixy</AttributeType><IsRequired>true</IsRequired><Value i:type="a:double" xmlns:a="http://www.w3.org/2001/XMLSchema">0</Value></Attribute><Attribute z:Id="i347"><AttributeType>ixz</AttributeType><IsRequired>true</IsRequired><Value i:type="a:double" xmlns:a="http://www.w3.org/2001/XMLSchema">0</Value></Attribute><Attribute z:Id="i348"><AttributeType>iyy</AttributeType><IsRequired>true</IsRequired><Value i:type="a:double" xmlns:a="http://www.w3.org/2001/XMLSchema">0</Value></Attribute><Attribute z:Id="i349"><AttributeType>iyz</AttributeType><IsRequired>true</IsRequired><Value i:type="a:double" xmlns:a="http://www.w3.org/2001/XMLSchema">0</Value></Attribute><Attribute z:Id="i350"><AttributeType>izz</AttributeType><IsRequired>true</IsRequired><Value i:type="a:double" xmlns:a="http://www.w3.org/2001/XMLSchema">0</Value></Attribute></Attributes><ChildElements/><ElementName>inertia</ElementName><required>false</required><IxxAttribute z:Ref="i345"/><IxyAttribute z:Ref="i346"/><IxzAttribute z:Ref="i347"/><IyyAttribute z:Ref="i348"/><IyzAttribute z:Ref="i349"/><IzzAttribute z:Ref="i350"/></URDFElement></ChildElements><ElementName>inertial</ElementName><required>false</required><Inertia z:Ref="i344"/><Mass z:Ref="i342"/><Origin z:Ref="i339"/></URDFElement><URDFElement z:Id="i351" i:type="Visual"><Attributes/><ChildElements><URDFElement z:Id="i352" i:type="Origin"><Attributes><Attribute z:Id="i353"><AttributeType>xyz</AttributeType><IsRequired>true</IsRequired><Value i:type="a:ArrayOfdouble" xmlns:a="http://schemas.microsoft.com/2003/10/Serialization/Arrays"><a:double>0</a:double><a:double>0</a:double><a:double>0</a:double></Value></Attribute><Attribute z:Id="i354"><AttributeType>rpy</AttributeType><IsRequired>true</IsRequired><Value i:type="a:ArrayOfdouble" xmlns:a="http://schemas.microsoft.com/2003/10/Serialization/Arrays"><a:double>0</a:double><a:double>0</a:double><a:double>0</a:double></Value></Attribute></Attributes><ChildElements/><ElementName>origin</ElementName><required>false</required><RPYAttribute z:Ref="i354"/><XYZAttribute z:Ref="i353"/><isCustomized>false</isCustomized></URDFElement><URDFElement z:Id="i355" i:type="Geometry"><Attributes/><ChildElements><URDFElement z:Id="i356" i:type="Mesh"><Attributes><Attribute z:Id="i357"><AttributeType>filename</AttributeType><IsRequired>true</IsRequired><Value i:nil="true"/></Attribute></Attributes><ChildElements/><ElementName>mesh</ElementName><required>false</required><FilenameAttribute z:Ref="i357"/></URDFElement></ChildElements><ElementName>geometry</ElementName><required>true</required><Mesh z:Ref="i356"/></URDFElement><URDFElement z:Id="i358" i:type="Material"><Attributes><Attribute z:Id="i359"><AttributeType>name</AttributeType><IsRequired>true</IsRequired><Value i:type="a:string" xmlns:a="http://www.w3.org/2001/XMLSchema"/></Attribute></Attributes><ChildElements><URDFElement z:Id="i360" i:type="Color"><Attributes><Attribute z:Id="i361"><AttributeType>rgba</AttributeType><IsRequired>true</IsRequired><Value i:type="a:ArrayOfdouble" xmlns:a="http://schemas.microsoft.com/2003/10/Serialization/Arrays"><a:double>1</a:double><a:double>1</a:double><a:double>1</a:double><a:double>1</a:double></Value></Attribute></Attributes><ChildElements/><ElementName>color</ElementName><required>false</required><RGBAAttribute z:Ref="i361"/></URDFElement><URDFElement z:Id="i362" i:type="Texture"><Attributes><Attribute z:Id="i363"><AttributeType>filename</AttributeType><IsRequired>true</IsRequired><Value i:nil="true"/></Attribute></Attributes><ChildElements/><ElementName>texture</ElementName><required>false</required><FilenameAttribute z:Ref="i363"/><wFilename/></URDFElement></ChildElements><ElementName>material</ElementName><required>false</required><Color z:Ref="i360"/><NameAttribute z:Ref="i359"/><Texture z:Ref="i362"/></URDFElement></ChildElements><ElementName>visual</ElementName><required>false</required><Geometry z:Ref="i355"/><Material z:Ref="i358"/><Origin z:Ref="i352"/></URDFElement><URDFElement z:Id="i364" i:type="Collision"><Attributes/><ChildElements><URDFElement z:Id="i365" i:type="Origin"><Attributes><Attribute z:Id="i366"><AttributeType>xyz</AttributeType><IsRequired>true</IsRequired><Value i:type="a:ArrayOfdouble" xmlns:a="http://schemas.microsoft.com/2003/10/Serialization/Arrays"><a:double>0</a:double><a:double>0</a:double><a:double>0</a:double></Value></Attribute><Attribute z:Id="i367"><AttributeType>rpy</AttributeType><IsRequired>true</IsRequired><Value i:type="a:ArrayOfdouble" xmlns:a="http://schemas.microsoft.com/2003/10/Serialization/Arrays"><a:double>0</a:double><a:double>0</a:double><a:double>0</a:double></Value></Attribute></Attributes><ChildElements/><ElementName>origin</ElementName><required>false</required><RPYAttribute z:Ref="i367"/><XYZAttribute z:Ref="i366"/><isCustomized>false</isCustomized></URDFElement><URDFElement z:Id="i368" i:type="Geometry"><Attributes/><ChildElements><URDFElement z:Id="i369" i:type="Mesh"><Attributes><Attribute z:Id="i370"><AttributeType>filename</AttributeType><IsRequired>true</IsRequired><Value i:nil="true"/></Attribute></Attributes><ChildElements/><ElementName>mesh</ElementName><required>false</required><FilenameAttribute z:Ref="i370"/></URDFElement></ChildElements><ElementName>geometry</ElementName><required>true</required><Mesh z:Ref="i369"/></URDFElement></ChildElements><ElementName>collision</ElementName><required>false</required><Geometry z:Ref="i368"/><Origin z:Ref="i365"/></URDFElement><URDFElement z:Id="i371" i:type="Joint"><Attributes><Attribute z:Id="i372"><AttributeType>name</AttributeType><IsRequired>true</IsRequired><Value i:type="a:string" xmlns:a="http://www.w3.org/2001/XMLSchema">joint_5</Value></Attribute><Attribute z:Id="i373"><AttributeType>type</AttributeType><IsRequired>true</IsRequired><Value i:type="a:string" xmlns:a="http://www.w3.org/2001/XMLSchema">revolute</Value></Attribute></Attributes><ChildElements><URDFElement z:Id="i374" i:type="Origin"><Attributes><Attribute z:Id="i375"><AttributeType>xyz</AttributeType><IsRequired>true</IsRequired><Value i:type="a:ArrayOfdouble" xmlns:a="http://schemas.microsoft.com/2003/10/Serialization/Arrays"><a:double>0</a:double><a:double>0</a:double><a:double>0</a:double></Value></Attribute><Attribute z:Id="i376"><AttributeType>rpy</AttributeType><IsRequired>true</IsRequired><Value i:type="a:ArrayOfdouble" xmlns:a="http://schemas.microsoft.com/2003/10/Serialization/Arrays"><a:double>0</a:double><a:double>0</a:double><a:double>0</a:double></Value></Attribute></Attributes><ChildElements/><ElementName>origin</ElementName><required>false</required><RPYAttribute z:Ref="i376"/><XYZAttribute z:Ref="i375"/><isCustomized>false</isCustomized></URDFElement><URDFElement z:Id="i377" i:type="ParentLink"><Attributes><Attribute z:Id="i378"><AttributeType>link</AttributeType><IsRequired>true</IsRequired><Value i:type="a:string" xmlns:a="http://www.w3.org/2001/XMLSchema"/></Attribute></Attributes><ChildElements/><ElementName>parent</ElementName><required>true</required><NameAttribute z:Ref="i378"/></URDFElement><URDFElement z:Id="i379" i:type="ChildLink"><Attributes><Attribute z:Id="i380"><AttributeType>link</AttributeType><IsRequired>true</IsRequired><Value i:type="a:string" xmlns:a="http://www.w3.org/2001/XMLSchema"/></Attribute></Attributes><ChildElements/><ElementName>child</ElementName><required>true</required><NameAttribute z:Ref="i380"/></URDFElement><URDFElement z:Id="i381" i:type="Axis"><Attributes><Attribute z:Id="i382"><AttributeType>xyz</AttributeType><IsRequired>true</IsRequired><Value i:type="a:ArrayOfdouble" xmlns:a="http://schemas.microsoft.com/2003/10/Serialization/Arrays"><a:double>0</a:double><a:double>0</a:double><a:double>0</a:double></Value></Attribute></Attributes><ChildElements/><ElementName>axis</ElementName><required>false</required><XYZAttribute z:Ref="i382"/></URDFElement><URDFElement z:Id="i383" i:type="Limit"><Attributes><Attribute z:Id="i384"><AttributeType>lower</AttributeType><IsRequired>false</IsRequired><Value i:nil="true"/></Attribute><Attribute z:Id="i385"><AttributeType>upper</AttributeType><IsRequired>false</IsRequired><Value i:nil="true"/></Attribute><Attribute z:Id="i386"><AttributeType>effort</AttributeType><IsRequired>true</IsRequired><Value i:nil="true"/></Attribute><Attribute z:Id="i387"><AttributeType>velocity</AttributeType><IsRequired>true</IsRequired><Value i:nil="true"/></Attribute></Attributes><ChildElements/><ElementName>limit</ElementName><required>false</required><EffortAttribute z:Ref="i386"/><LowerAttribute z:Ref="i384"/><UpperAttribute z:Ref="i385"/><VelocityAttribute z:Ref="i387"/></URDFElement><URDFElement z:Id="i388" i:type="Calibration"><Attributes><Attribute z:Id="i389"><AttributeType>rising</AttributeType><IsRequired>false</IsRequired><Value i:nil="true"/></Attribute><Attribute z:Id="i390"><AttributeType>falling</AttributeType><IsRequired>false</IsRequired><Value i:nil="true"/></Attribute></Attributes><ChildElements/><ElementName>calibration</ElementName><required>false</required><FallingAttribute z:Ref="i390"/><RisingAttribute z:Ref="i389"/></URDFElement><URDFElement z:Id="i391" i:type="Dynamics"><Attributes><Attribute z:Id="i392"><AttributeType>damping</AttributeType><IsRequired>false</IsRequired><Value i:nil="true"/></Attribute><Attribute z:Id="i393"><AttributeType>friction</AttributeType><IsRequired>false</IsRequired><Value i:nil="true"/></Attribute></Attributes><ChildElements/><ElementName>dynamics</ElementName><required>false</required><DampingAttribute z:Ref="i392"/><FrictionAttribute z:Ref="i393"/></URDFElement><URDFElement z:Id="i394" i:type="SafetyController"><Attributes><Attribute z:Id="i395"><AttributeType>soft_upper_limit</AttributeType><IsRequired>false</IsRequired><Value i:nil="true"/></Attribute><Attribute z:Id="i396"><AttributeType>soft_lower_limit</AttributeType><IsRequired>false</IsRequired><Value i:nil="true"/></Attribute><Attribute z:Id="i397"><AttributeType>k_position</AttributeType><IsRequired>false</IsRequired><Value i:nil="true"/></Attribute><Attribute z:Id="i398"><AttributeType>k_velocity</AttributeType><IsRequired>true</IsRequired><Value i:nil="true"/></Attribute></Attributes><ChildElements/><ElementName>safety_controller</ElementName><required>false</required><KPositionAttribute z:Ref="i397"/><KVelocityAttribute z:Ref="i398"/><SoftLowerAttribute z:Ref="i396"/><SoftUpperAttribute z:Ref="i395"/></URDFElement><URDFElement z:Id="i399" i:type="Mimic"><Attributes><Attribute z:Id="i400"><AttributeType>joint</AttributeType><IsRequired>true</IsRequired><Value i:nil="true"/></Attribute><Attribute z:Id="i401"><AttributeType>multiplier</AttributeType><IsRequired>false</IsRequired><Value i:nil="true"/></Attribute><Attribute z:Id="i402"><AttributeType>offset</AttributeType><IsRequired>false</IsRequired><Value i:nil="true"/></Attribute></Attributes><ChildElements/><ElementName>mimic</ElementName><required>false</required><JointNameAttribute z:Ref="i400"/><MultiplierAttribute z:Ref="i401"/><OffsetAttribute z:Ref="i402"/></URDFElement></ChildElements><ElementName>joint</ElementName><required>false</required><Axis z:Ref="i381"/><AxisName>Automatically Generate</AxisName><Calibration z:Ref="i388"/><Child z:Ref="i379"/><CoordinateSystemName>Automatically Generate</CoordinateSystemName><Dynamics z:Ref="i391"/><Limit z:Ref="i383"/><Mimic z:Ref="i399"/><NameAttribute z:Ref="i372"/><Origin z:Ref="i374"/><Parent z:Ref="i377"/><Safety z:Ref="i394"/><TypeAttribute z:Ref="i373"/></URDFElement></ChildElements><ElementName>link</ElementName><required>true</required><Children><Link z:Id="i403"><Attributes><Attribute z:Id="i404"><AttributeType>name</AttributeType><IsRequired>true</IsRequired><Value i:type="a:string" xmlns:a="http://www.w3.org/2001/XMLSchema">right_finger</Value></Attribute></Attributes><ChildElements><URDFElement z:Id="i405" i:type="Inertial"><Attributes/><ChildElements><URDFElement z:Id="i406" i:type="Origin"><Attributes><Attribute z:Id="i407"><AttributeType>xyz</AttributeType><IsRequired>true</IsRequired><Value i:type="a:ArrayOfdouble" xmlns:a="http://schemas.microsoft.com/2003/10/Serialization/Arrays"><a:double>0</a:double><a:double>0</a:double><a:double>0</a:double></Value></Attribute><Attribute z:Id="i408"><AttributeType>rpy</AttributeType><IsRequired>true</IsRequired><Value i:type="a:ArrayOfdouble" xmlns:a="http://schemas.microsoft.com/2003/10/Serialization/Arrays"><a:double>0</a:double><a:double>0</a:double><a:double>0</a:double></Value></Attribute></Attributes><ChildElements/><ElementName>origin</ElementName><required>false</required><RPYAttribute z:Ref="i408"/><XYZAttribute z:Ref="i407"/><isCustomized>false</isCustomized></URDFElement><URDFElement z:Id="i409" i:type="Mass"><Attributes><Attribute z:Id="i410"><AttributeType>value</AttributeType><IsRequired>true</IsRequired><Value i:type="a:double" xmlns:a="http://www.w3.org/2001/XMLSchema">0</Value></Attribute></Attributes><ChildElements/><ElementName>mass</ElementName><required>false</required><ValueAttribute z:Ref="i410"/></URDFElement><URDFElement z:Id="i411" i:type="Inertia"><Attributes><Attribute z:Id="i412"><AttributeType>ixx</AttributeType><IsRequired>true</IsRequired><Value i:type="a:double" xmlns:a="http://www.w3.org/2001/XMLSchema">0</Value></Attribute><Attribute z:Id="i413"><AttributeType>ixy</AttributeType><IsRequired>true</IsRequired><Value i:type="a:double" xmlns:a="http://www.w3.org/2001/XMLSchema">0</Value></Attribute><Attribute z:Id="i414"><AttributeType>ixz</AttributeType><IsRequired>true</IsRequired><Value i:type="a:double" xmlns:a="http://www.w3.org/2001/XMLSchema">0</Value></Attribute><Attribute z:Id="i415"><AttributeType>iyy</AttributeType><IsRequired>true</IsRequired><Value i:type="a:double" xmlns:a="http://www.w3.org/2001/XMLSchema">0</Value></Attribute><Attribute z:Id="i416"><AttributeType>iyz</AttributeType><IsRequired>true</IsRequired><Value i:type="a:double" xmlns:a="http://www.w3.org/2001/XMLSchema">0</Value></Attribute><Attribute z:Id="i417"><AttributeType>izz</AttributeType><IsRequired>true</IsRequired><Value i:type="a:double" xmlns:a="http://www.w3.org/2001/XMLSchema">0</Value></Attribute></Attributes><ChildElements/><ElementName>inertia</ElementName><required>false</required><IxxAttribute z:Ref="i412"/><IxyAttribute z:Ref="i413"/><IxzAttribute z:Ref="i414"/><IyyAttribute z:Ref="i415"/><IyzAttribute z:Ref="i416"/><IzzAttribute z:Ref="i417"/></URDFElement></ChildElements><ElementName>inertial</ElementName><required>false</required><Inertia z:Ref="i411"/><Mass z:Ref="i409"/><Origin z:Ref="i406"/></URDFElement><URDFElement z:Id="i418" i:type="Visual"><Attributes/><ChildElements><URDFElement z:Id="i419" i:type="Origin"><Attributes><Attribute z:Id="i420"><AttributeType>xyz</AttributeType><IsRequired>true</IsRequired><Value i:type="a:ArrayOfdouble" xmlns:a="http://schemas.microsoft.com/2003/10/Serialization/Arrays"><a:double>0</a:double><a:double>0</a:double><a:double>0</a:double></Value></Attribute><Attribute z:Id="i421"><AttributeType>rpy</AttributeType><IsRequired>true</IsRequired><Value i:type="a:ArrayOfdouble" xmlns:a="http://schemas.microsoft.com/2003/10/Serialization/Arrays"><a:double>0</a:double><a:double>0</a:double><a:double>0</a:double></Value></Attribute></Attributes><ChildElements/><ElementName>origin</ElementName><required>false</required><RPYAttribute z:Ref="i421"/><XYZAttribute z:Ref="i420"/><isCustomized>false</isCustomized></URDFElement><URDFElement z:Id="i422" i:type="Geometry"><Attributes/><ChildElements><URDFElement z:Id="i423" i:type="Mesh"><Attributes><Attribute z:Id="i424"><AttributeType>filename</AttributeType><IsRequired>true</IsRequired><Value i:nil="true"/></Attribute></Attributes><ChildElements/><ElementName>mesh</ElementName><required>false</required><FilenameAttribute z:Ref="i424"/></URDFElement></ChildElements><ElementName>geometry</ElementName><required>true</required><Mesh z:Ref="i423"/></URDFElement><URDFElement z:Id="i425" i:type="Material"><Attributes><Attribute z:Id="i426"><AttributeType>name</AttributeType><IsRequired>true</IsRequired><Value i:type="a:string" xmlns:a="http://www.w3.org/2001/XMLSchema"/></Attribute></Attributes><ChildElements><URDFElement z:Id="i427" i:type="Color"><Attributes><Attribute z:Id="i428"><AttributeType>rgba</AttributeType><IsRequired>true</IsRequired><Value i:type="a:ArrayOfdouble" xmlns:a="http://schemas.microsoft.com/2003/10/Serialization/Arrays"><a:double>1</a:double><a:double>1</a:double><a:double>1</a:double><a:double>1</a:double></Value></Attribute></Attributes><ChildElements/><ElementName>color</ElementName><required>false</required><RGBAAttribute z:Ref="i428"/></URDFElement><URDFElement z:Id="i429" i:type="Texture"><Attributes><Attribute z:Id="i430"><AttributeType>filename</AttributeType><IsRequired>true</IsRequired><Value i:nil="true"/></Attribute></Attributes><ChildElements/><ElementName>texture</ElementName><required>false</required><FilenameAttribute z:Ref="i430"/><wFilename/></URDFElement></ChildElements><ElementName>material</ElementName><required>false</required><Color z:Ref="i427"/><NameAttribute z:Ref="i426"/><Texture z:Ref="i429"/></URDFElement></ChildElements><ElementName>visual</ElementName><required>false</required><Geometry z:Ref="i422"/><Material z:Ref="i425"/><Origin z:Ref="i419"/></URDFElement><URDFElement z:Id="i431" i:type="Collision"><Attributes/><ChildElements><URDFElement z:Id="i432" i:type="Origin"><Attributes><Attribute z:Id="i433"><AttributeType>xyz</AttributeType><IsRequired>true</IsRequired><Value i:type="a:ArrayOfdouble" xmlns:a="http://schemas.microsoft.com/2003/10/Serialization/Arrays"><a:double>0</a:double><a:double>0</a:double><a:double>0</a:double></Value></Attribute><Attribute z:Id="i434"><AttributeType>rpy</AttributeType><IsRequired>true</IsRequired><Value i:type="a:ArrayOfdouble" xmlns:a="http://schemas.microsoft.com/2003/10/Serialization/Arrays"><a:double>0</a:double><a:double>0</a:double><a:double>0</a:double></Value></Attribute></Attributes><ChildElements/><ElementName>origin</ElementName><required>false</required><RPYAttribute z:Ref="i434"/><XYZAttribute z:Ref="i433"/><isCustomized>false</isCustomized></URDFElement><URDFElement z:Id="i435" i:type="Geometry"><Attributes/><ChildElements><URDFElement z:Id="i436" i:type="Mesh"><Attributes><Attribute z:Id="i437"><AttributeType>filename</AttributeType><IsRequired>true</IsRequired><Value i:nil="true"/></Attribute></Attributes><ChildElements/><ElementName>mesh</ElementName><required>false</required><FilenameAttribute z:Ref="i437"/></URDFElement></ChildElements><ElementName>geometry</ElementName><required>true</required><Mesh z:Ref="i436"/></URDFElement></ChildElements><ElementName>collision</ElementName><required>false</required><Geometry z:Ref="i435"/><Origin z:Ref="i432"/></URDFElement><URDFElement z:Id="i438" i:type="Joint"><Attributes><Attribute z:Id="i439"><AttributeType>name</AttributeType><IsRequired>true</IsRequired><Value i:type="a:string" xmlns:a="http://www.w3.org/2001/XMLSchema">joint_5</Value></Attribute><Attribute z:Id="i440"><AttributeType>type</AttributeType><IsRequired>true</IsRequired><Value i:type="a:string" xmlns:a="http://www.w3.org/2001/XMLSchema">prismatic</Value></Attribute></Attributes><ChildElements><URDFElement z:Id="i441" i:type="Origin"><Attributes><Attribute z:Id="i442"><AttributeType>xyz</AttributeType><IsRequired>true</IsRequired><Value i:type="a:ArrayOfdouble" xmlns:a="http://schemas.microsoft.com/2003/10/Serialization/Arrays"><a:double>0</a:double><a:double>0</a:double><a:double>0</a:double></Value></Attribute><Attribute z:Id="i443"><AttributeType>rpy</AttributeType><IsRequired>true</IsRequired><Value i:type="a:ArrayOfdouble" xmlns:a="http://schemas.microsoft.com/2003/10/Serialization/Arrays"><a:double>0</a:double><a:double>0</a:double><a:double>0</a:double></Value></Attribute></Attributes><ChildElements/><ElementName>origin</ElementName><required>false</required><RPYAttribute z:Ref="i443"/><XYZAttribute z:Ref="i442"/><isCustomized>false</isCustomized></URDFElement><URDFElement z:Id="i444" i:type="ParentLink"><Attributes><Attribute z:Id="i445"><AttributeType>link</AttributeType><IsRequired>true</IsRequired><Value i:type="a:string" xmlns:a="http://www.w3.org/2001/XMLSchema"/></Attribute></Attributes><ChildElements/><ElementName>parent</ElementName><required>true</required><NameAttribute z:Ref="i445"/></URDFElement><URDFElement z:Id="i446" i:type="ChildLink"><Attributes><Attribute z:Id="i447"><AttributeType>link</AttributeType><IsRequired>true</IsRequired><Value i:type="a:string" xmlns:a="http://www.w3.org/2001/XMLSchema"/></Attribute></Attributes><ChildElements/><ElementName>child</ElementName><required>true</required><NameAttribute z:Ref="i447"/></URDFElement><URDFElement z:Id="i448" i:type="Axis"><Attributes><Attribute z:Id="i449"><AttributeType>xyz</AttributeType><IsRequired>true</IsRequired><Value i:type="a:ArrayOfdouble" xmlns:a="http://schemas.microsoft.com/2003/10/Serialization/Arrays"><a:double>0</a:double><a:double>0</a:double><a:double>0</a:double></Value></Attribute></Attributes><ChildElements/><ElementName>axis</ElementName><required>false</required><XYZAttribute z:Ref="i449"/></URDFElement><URDFElement z:Id="i450" i:type="Limit"><Attributes><Attribute z:Id="i451"><AttributeType>lower</AttributeType><IsRequired>false</IsRequired><Value i:nil="true"/></Attribute><Attribute z:Id="i452"><AttributeType>upper</AttributeType><IsRequired>false</IsRequired><Value i:nil="true"/></Attribute><Attribute z:Id="i453"><AttributeType>effort</AttributeType><IsRequired>true</IsRequired><Value i:nil="true"/></Attribute><Attribute z:Id="i454"><AttributeType>velocity</AttributeType><IsRequired>true</IsRequired><Value i:nil="true"/></Attribute></Attributes><ChildElements/><ElementName>limit</ElementName><required>false</required><EffortAttribute z:Ref="i453"/><LowerAttribute z:Ref="i451"/><UpperAttribute z:Ref="i452"/><VelocityAttribute z:Ref="i454"/></URDFElement><URDFElement z:Id="i455" i:type="Calibration"><Attributes><Attribute z:Id="i456"><AttributeType>rising</AttributeType><IsRequired>false</IsRequired><Value i:nil="true"/></Attribute><Attribute z:Id="i457"><AttributeType>falling</AttributeType><IsRequired>false</IsRequired><Value i:nil="true"/></Attribute></Attributes><ChildElements/><ElementName>calibration</ElementName><required>false</required><FallingAttribute z:Ref="i457"/><RisingAttribute z:Ref="i456"/></URDFElement><URDFElement z:Id="i458" i:type="Dynamics"><Attributes><Attribute z:Id="i459"><AttributeType>damping</AttributeType><IsRequired>false</IsRequired><Value i:nil="true"/></Attribute><Attribute z:Id="i460"><AttributeType>friction</AttributeType><IsRequired>false</IsRequired><Value i:nil="true"/></Attribute></Attributes><ChildElements/><ElementName>dynamics</ElementName><required>false</required><DampingAttribute z:Ref="i459"/><FrictionAttribute z:Ref="i460"/></URDFElement><URDFElement z:Id="i461" i:type="SafetyController"><Attributes><Attribute z:Id="i462"><AttributeType>soft_upper_limit</AttributeType><IsRequired>false</IsRequired><Value i:nil="true"/></Attribute><Attribute z:Id="i463"><AttributeType>soft_lower_limit</AttributeType><IsRequired>false</IsRequired><Value i:nil="true"/></Attribute><Attribute z:Id="i464"><AttributeType>k_position</AttributeType><IsRequired>false</IsRequired><Value i:nil="true"/></Attribute><Attribute z:Id="i465"><AttributeType>k_velocity</AttributeType><IsRequired>true</IsRequired><Value i:nil="true"/></Attribute></Attributes><ChildElements/><ElementName>safety_controller</ElementName><required>false</required><KPositionAttribute z:Ref="i464"/><KVelocityAttribute z:Ref="i465"/><SoftLowerAttribute z:Ref="i463"/><SoftUpperAttribute z:Ref="i462"/></URDFElement><URDFElement z:Id="i466" i:type="Mimic"><Attributes><Attribute z:Id="i467"><AttributeType>joint</AttributeType><IsRequired>true</IsRequired><Value i:nil="true"/></Attribute><Attribute z:Id="i468"><AttributeType>multiplier</AttributeType><IsRequired>false</IsRequired><Value i:nil="true"/></Attribute><Attribute z:Id="i469"><AttributeType>offset</AttributeType><IsRequired>false</IsRequired><Value i:nil="true"/></Attribute></Attributes><ChildElements/><ElementName>mimic</ElementName><required>false</required><JointNameAttribute z:Ref="i467"/><MultiplierAttribute z:Ref="i468"/><OffsetAttribute z:Ref="i469"/></URDFElement></ChildElements><ElementName>joint</ElementName><required>false</required><Axis z:Ref="i448"/><AxisName>Automatically Generate</AxisName><Calibration z:Ref="i455"/><Child z:Ref="i446"/><CoordinateSystemName>Automatically Generate</CoordinateSystemName><Dynamics z:Ref="i458"/><Limit z:Ref="i450"/><Mimic z:Ref="i466"/><NameAttribute z:Ref="i439"/><Origin z:Ref="i441"/><Parent z:Ref="i444"/><Safety z:Ref="i461"/><TypeAttribute z:Ref="i440"/></URDFElement></ChildElements><ElementName>link</ElementName><required>true</required><Children/><Collision z:Ref="i431"/><Inertial z:Ref="i405"/><Joint z:Ref="i438"/><NameAttribute z:Ref="i404"/><Parent z:Ref="i336"/><STLQualityFine>false</STLQualityFine><SWComponentPIDs xmlns:a="http://schemas.microsoft.com/2003/10/Serialization/Arrays"><a:base64Binary>OEoAAAUAAAD//v9YRQBuAGQAIABFAGYAZgBlAGMAdABvAHIAIABGAHUAbABsACAAQgB1AGkAbABkAC0AMQBAAEMAbwBtAHAAbABlAHQAZQAgAEEAcgBtACAAQQBzAHMAZQBtAGIAbAB5AC8ANQAuACAAUgBpAGcAaAB0ACAATQBvAHUAbgB0AC0AMQBAAEUAbgBkACAARQBmAGYAZQBjAHQAbwByACAARgB1AGwAbAAgAEIAdQBpAGwAZAAEAAAAEAAAAAEAAAACAAAAdQAAABgAAAA=</a:base64Binary><a:base64Binary>OEoAAAUAAAD//v9YRQBuAGQAIABFAGYAZgBlAGMAdABvAHIAIABGAHUAbABsACAAQgB1AGkAbABkAC0AMQBAAEMAbwBtAHAAbABlAHQAZQAgAEEAcgBtACAAQQBzAHMAZQBtAGIAbAB5AC8ANgAuACAAUgBpAGcAaAB0ACAAUAByAG8AbgBnAC0AMQBAAEUAbgBkACAARQBmAGYAZQBjAHQAbwByACAARgB1AGwAbAAgAEIAdQBpAGwAZAAEAAAAEAAAAAEAAAACAAAAdQAAACQAAAA=</a:base64Binary><a:base64Binary>OEoAAAUAAAD//v9WRQBuAGQAIABFAGYAZgBlAGMAdABvAHIAIABGAHUAbABsACAAQgB1AGkAbABkAC0AMQBAAEMAbwBtAHAAbABlAHQAZQAgAEEAcgBtACAAQQBzAHMAZQBtAGIAbAB5AC8ANAAuACAATABlAGYAdAAgAEgAbwBvAGsALQAxAEAARQBuAGQAIABFAGYAZgBlAGMAdABvAHIAIABGAHUAbABsACAAQgB1AGkAbABkAAQAAAAQAAAAAQAAAAIAAAB1AAAAOgAAAA==</a:base64Binary><a:base64Binary>OEoAAAUAAAD//v9WRQBuAGQAIABFAGYAZgBlAGMAdABvAHIAIABGAHUAbABsACAAQgB1AGkAbABkAC0AMQBAAEMAbwBtAHAAbABlAHQAZQAgAEEAcgBtACAAQQBzAHMAZQBtAGIAbAB5AC8AOQAuACAAUgBpAGcAaAB0ACAAVABhAGIALQAxAEAARQBuAGQAIABFAGYAZgBlAGMAdABvAHIAIABGAHUAbABsACAAQgB1AGkAbABkAAQAAAAQAAAAAQAAAAIAAAB1AAAASQAAAA==</a:base64Binary></SWComponentPIDs><SWMainComponentPID i:nil="true"/><Visual z:Ref="i418"/><isFixedFrame>false</isFixedFrame><isIncomplete>false</isIncomplete></Link><Link z:Id="i470"><Attributes><Attribute z:Id="i471"><AttributeType>name</AttributeType><IsRequired>true</IsRequired><Value i:type="a:string" xmlns:a="http://www.w3.org/2001/XMLSchema">left_finger</Value></Attribute></Attributes><ChildElements><URDFElement z:Id="i472" i:type="Inertial"><Attributes/><ChildElements><URDFElement z:Id="i473" i:type="Origin"><Attributes><Attribute z:Id="i474"><AttributeType>xyz</AttributeType><IsRequired>true</IsRequired><Value i:type="a:ArrayOfdouble" xmlns:a="http://schemas.microsoft.com/2003/10/Serialization/Arrays"><a:double>0</a:double><a:double>0</a:double><a:double>0</a:double></Value></Attribute><Attribute z:Id="i475"><AttributeType>rpy</AttributeType><IsRequired>true</IsRequired><Value i:type="a:ArrayOfdouble" xmlns:a="http://schemas.microsoft.com/2003/10/Serialization/Arrays"><a:double>0</a:double><a:double>0</a:double><a:double>0</a:double></Value></Attribute></Attributes><ChildElements/><ElementName>origin</ElementName><required>false</required><RPYAttribute z:Ref="i475"/><XYZAttribute z:Ref="i474"/><isCustomized>false</isCustomized></URDFElement><URDFElement z:Id="i476" i:type="Mass"><Attributes><Attribute z:Id="i477"><AttributeType>value</AttributeType><IsRequired>true</IsRequired><Value i:type="a:double" xmlns:a="http://www.w3.org/2001/XMLSchema">0</Value></Attribute></Attributes><ChildElements/><ElementName>mass</ElementName><required>false</required><ValueAttribute z:Ref="i477"/></URDFElement><URDFElement z:Id="i478" i:type="Inertia"><Attributes><Attribute z:Id="i479"><AttributeType>ixx</AttributeType><IsRequired>true</IsRequired><Value i:type="a:double" xmlns:a="http://www.w3.org/2001/XMLSchema">0</Value></Attribute><Attribute z:Id="i480"><AttributeType>ixy</AttributeType><IsRequired>true</IsRequired><Value i:type="a:double" xmlns:a="http://www.w3.org/2001/XMLSchema">0</Value></Attribute><Attribute z:Id="i481"><AttributeType>ixz</AttributeType><IsRequired>true</IsRequired><Value i:type="a:double" xmlns:a="http://www.w3.org/2001/XMLSchema">0</Value></Attribute><Attribute z:Id="i482"><AttributeType>iyy</AttributeType><IsRequired>true</IsRequired><Value i:type="a:double" xmlns:a="http://www.w3.org/2001/XMLSchema">0</Value></Attribute><Attribute z:Id="i483"><AttributeType>iyz</AttributeType><IsRequired>true</IsRequired><Value i:type="a:double" xmlns:a="http://www.w3.org/2001/XMLSchema">0</Value></Attribute><Attribute z:Id="i484"><AttributeType>izz</AttributeType><IsRequired>true</IsRequired><Value i:type="a:double" xmlns:a="http://www.w3.org/2001/XMLSchema">0</Value></Attribute></Attributes><ChildElements/><ElementName>inertia</ElementName><required>false</required><IxxAttribute z:Ref="i479"/><IxyAttribute z:Ref="i480"/><IxzAttribute z:Ref="i481"/><IyyAttribute z:Ref="i482"/><IyzAttribute z:Ref="i483"/><IzzAttribute z:Ref="i484"/></URDFElement></ChildElements><ElementName>inertial</ElementName><required>false</required><Inertia z:Ref="i478"/><Mass z:Ref="i476"/><Origin z:Ref="i473"/></URDFElement><URDFElement z:Id="i485" i:type="Visual"><Attributes/><ChildElements><URDFElement z:Id="i486" i:type="Origin"><Attributes><Attribute z:Id="i487"><AttributeType>xyz</AttributeType><IsRequired>true</IsRequired><Value i:type="a:ArrayOfdouble" xmlns:a="http://schemas.microsoft.com/2003/10/Serialization/Arrays"><a:double>0</a:double><a:double>0</a:double><a:double>0</a:double></Value></Attribute><Attribute z:Id="i488"><AttributeType>rpy</AttributeType><IsRequired>true</IsRequired><Value i:type="a:ArrayOfdouble" xmlns:a="http://schemas.microsoft.com/2003/10/Serialization/Arrays"><a:double>0</a:double><a:double>0</a:double><a:double>0</a:double></Value></Attribute></Attributes><ChildElements/><ElementName>origin</ElementName><required>false</required><RPYAttribute z:Ref="i488"/><XYZAttribute z:Ref="i487"/><isCustomized>false</isCustomized></URDFElement><URDFElement z:Id="i489" i:type="Geometry"><Attributes/><ChildElements><URDFElement z:Id="i490" i:type="Mesh"><Attributes><Attribute z:Id="i491"><AttributeType>filename</AttributeType><IsRequired>true</IsRequired><Value i:nil="true"/></Attribute></Attributes><ChildElements/><ElementName>mesh</ElementName><required>false</required><FilenameAttribute z:Ref="i491"/></URDFElement></ChildElements><ElementName>geometry</ElementName><required>true</required><Mesh z:Ref="i490"/></URDFElement><URDFElement z:Id="i492" i:type="Material"><Attributes><Attribute z:Id="i493"><AttributeType>name</AttributeType><IsRequired>true</IsRequired><Value i:type="a:string" xmlns:a="http://www.w3.org/2001/XMLSchema"/></Attribute></Attributes><ChildElements><URDFElement z:Id="i494" i:type="Color"><Attributes><Attribute z:Id="i495"><AttributeType>rgba</AttributeType><IsRequired>true</IsRequired><Value i:type="a:ArrayOfdouble" xmlns:a="http://schemas.microsoft.com/2003/10/Serialization/Arrays"><a:double>1</a:double><a:double>1</a:double><a:double>1</a:double><a:double>1</a:double></Value></Attribute></Attributes><ChildElements/><ElementName>color</ElementName><required>false</required><RGBAAttribute z:Ref="i495"/></URDFElement><URDFElement z:Id="i496" i:type="Texture"><Attributes><Attribute z:Id="i497"><AttributeType>filename</AttributeType><IsRequired>true</IsRequired><Value i:nil="true"/></Attribute></Attributes><ChildElements/><ElementName>texture</ElementName><required>false</required><FilenameAttribute z:Ref="i497"/><wFilename/></URDFElement></ChildElements><ElementName>material</ElementName><required>false</required><Color z:Ref="i494"/><NameAttribute z:Ref="i493"/><Texture z:Ref="i496"/></URDFElement></ChildElements><ElementName>visual</ElementName><required>false</required><Geometry z:Ref="i489"/><Material z:Ref="i492"/><Origin z:Ref="i486"/></URDFElement><URDFElement z:Id="i498" i:type="Collision"><Attributes/><ChildElements><URDFElement z:Id="i499" i:type="Origin"><Attributes><Attribute z:Id="i500"><AttributeType>xyz</AttributeType><IsRequired>true</IsRequired><Value i:type="a:ArrayOfdouble" xmlns:a="http://schemas.microsoft.com/2003/10/Serialization/Arrays"><a:double>0</a:double><a:double>0</a:double><a:double>0</a:double></Value></Attribute><Attribute z:Id="i501"><AttributeType>rpy</AttributeType><IsRequired>true</IsRequired><Value i:type="a:ArrayOfdouble" xmlns:a="http://schemas.microsoft.com/2003/10/Serialization/Arrays"><a:double>0</a:double><a:double>0</a:double><a:double>0</a:double></Value></Attribute></Attributes><ChildElements/><ElementName>origin</ElementName><required>false</required><RPYAttribute z:Ref="i501"/><XYZAttribute z:Ref="i500"/><isCustomized>false</isCustomized></URDFElement><URDFElement z:Id="i502" i:type="Geometry"><Attributes/><ChildElements><URDFElement z:Id="i503" i:type="Mesh"><Attributes><Attribute z:Id="i504"><AttributeType>filename</AttributeType><IsRequired>true</IsRequired><Value i:nil="true"/></Attribute></Attributes><ChildElements/><ElementName>mesh</ElementName><required>false</required><FilenameAttribute z:Ref="i504"/></URDFElement></ChildElements><ElementName>geometry</ElementName><required>true</required><Mesh z:Ref="i503"/></URDFElement></ChildElements><ElementName>collision</ElementName><required>false</required><Geometry z:Ref="i502"/><Origin z:Ref="i499"/></URDFElement><URDFElement z:Id="i505" i:type="Joint"><Attributes><Attribute z:Id="i506"><AttributeType>name</AttributeType><IsRequired>true</IsRequired><Value i:type="a:string" xmlns:a="http://www.w3.org/2001/XMLSchema">joint_5</Value></Attribute><Attribute z:Id="i507"><AttributeType>type</AttributeType><IsRequired>true</IsRequired><Value i:type="a:string" xmlns:a="http://www.w3.org/2001/XMLSchema">revolute</Value></Attribute></Attributes><ChildElements><URDFElement z:Id="i508" i:type="Origin"><Attributes><Attribute z:Id="i509"><AttributeType>xyz</AttributeType><IsRequired>true</IsRequired><Value i:type="a:ArrayOfdouble" xmlns:a="http://schemas.microsoft.com/2003/10/Serialization/Arrays"><a:double>0</a:double><a:double>0</a:double><a:double>0</a:double></Value></Attribute><Attribute z:Id="i510"><AttributeType>rpy</AttributeType><IsRequired>true</IsRequired><Value i:type="a:ArrayOfdouble" xmlns:a="http://schemas.microsoft.com/2003/10/Serialization/Arrays"><a:double>0</a:double><a:double>0</a:double><a:double>0</a:double></Value></Attribute></Attributes><ChildElements/><ElementName>origin</ElementName><required>false</required><RPYAttribute z:Ref="i510"/><XYZAttribute z:Ref="i509"/><isCustomized>false</isCustomized></URDFElement><URDFElement z:Id="i511" i:type="ParentLink"><Attributes><Attribute z:Id="i512"><AttributeType>link</AttributeType><IsRequired>true</IsRequired><Value i:type="a:string" xmlns:a="http://www.w3.org/2001/XMLSchema"/></Attribute></Attributes><ChildElements/><ElementName>parent</ElementName><required>true</required><NameAttribute z:Ref="i512"/></URDFElement><URDFElement z:Id="i513" i:type="ChildLink"><Attributes><Attribute z:Id="i514"><AttributeType>link</AttributeType><IsRequired>true</IsRequired><Value i:type="a:string" xmlns:a="http://www.w3.org/2001/XMLSchema"/></Attribute></Attributes><ChildElements/><ElementName>child</ElementName><required>true</required><NameAttribute z:Ref="i514"/></URDFElement><URDFElement z:Id="i515" i:type="Axis"><Attributes><Attribute z:Id="i516"><AttributeType>xyz</AttributeType><IsRequired>true</IsRequired><Value i:type="a:ArrayOfdouble" xmlns:a="http://schemas.microsoft.com/2003/10/Serialization/Arrays"><a:double>0</a:double><a:double>0</a:double><a:double>0</a:double></Value></Attribute></Attributes><ChildElements/><ElementName>axis</ElementName><required>false</required><XYZAttribute z:Ref="i516"/></URDFElement><URDFElement z:Id="i517" i:type="Limit"><Attributes><Attribute z:Id="i518"><AttributeType>lower</AttributeType><IsRequired>false</IsRequired><Value i:nil="true"/></Attribute><Attribute z:Id="i519"><AttributeType>upper</AttributeType><IsRequired>false</IsRequired><Value i:nil="true"/></Attribute><Attribute z:Id="i520"><AttributeType>effort</AttributeType><IsRequired>true</IsRequired><Value i:nil="true"/></Attribute><Attribute z:Id="i521"><AttributeType>velocity</AttributeType><IsRequired>true</IsRequired><Value i:nil="true"/></Attribute></Attributes><ChildElements/><ElementName>limit</ElementName><required>false</required><EffortAttribute z:Ref="i520"/><LowerAttribute z:Ref="i518"/><UpperAttribute z:Ref="i519"/><VelocityAttribute z:Ref="i521"/></URDFElement><URDFElement z:Id="i522" i:type="Calibration"><Attributes><Attribute z:Id="i523"><AttributeType>rising</AttributeType><IsRequired>false</IsRequired><Value i:nil="true"/></Attribute><Attribute z:Id="i524"><AttributeType>falling</AttributeType><IsRequired>false</IsRequired><Value i:nil="true"/></Attribute></Attributes><ChildElements/><ElementName>calibration</ElementName><required>false</required><FallingAttribute z:Ref="i524"/><RisingAttribute z:Ref="i523"/></URDFElement><URDFElement z:Id="i525" i:type="Dynamics"><Attributes><Attribute z:Id="i526"><AttributeType>damping</AttributeType><IsRequired>false</IsRequired><Value i:nil="true"/></Attribute><Attribute z:Id="i527"><AttributeType>friction</AttributeType><IsRequired>false</IsRequired><Value i:nil="true"/></Attribute></Attributes><ChildElements/><ElementName>dynamics</ElementName><required>false</required><DampingAttribute z:Ref="i526"/><FrictionAttribute z:Ref="i527"/></URDFElement><URDFElement z:Id="i528" i:type="SafetyController"><Attributes><Attribute z:Id="i529"><AttributeType>soft_upper_limit</AttributeType><IsRequired>false</IsRequired><Value i:nil="true"/></Attribute><Attribute z:Id="i530"><AttributeType>soft_lower_limit</AttributeType><IsRequired>false</IsRequired><Value i:nil="true"/></Attribute><Attribute z:Id="i531"><AttributeType>k_position</AttributeType><IsRequired>false</IsRequired><Value i:nil="true"/></Attribute><Attribute z:Id="i532"><AttributeType>k_velocity</AttributeType><IsRequired>true</IsRequired><Value i:nil="true"/></Attribute></Attributes><ChildElements/><ElementName>safety_controller</ElementName><required>false</required><KPositionAttribute z:Ref="i531"/><KVelocityAttribute z:Ref="i532"/><SoftLowerAttribute z:Ref="i530"/><SoftUpperAttribute z:Ref="i529"/></URDFElement><URDFElement z:Id="i533" i:type="Mimic"><Attributes><Attribute z:Id="i534"><AttributeType>joint</AttributeType><IsRequired>true</IsRequired><Value i:nil="true"/></Attribute><Attribute z:Id="i535"><AttributeType>multiplier</AttributeType><IsRequired>false</IsRequired><Value i:nil="true"/></Attribute><Attribute z:Id="i536"><AttributeType>offset</AttributeType><IsRequired>false</IsRequired><Value i:nil="true"/></Attribute></Attributes><ChildElements/><ElementName>mimic</ElementName><required>false</required><JointNameAttribute z:Ref="i534"/><MultiplierAttribute z:Ref="i535"/><OffsetAttribute z:Ref="i536"/></URDFElement></ChildElements><ElementName>joint</ElementName><required>false</required><Axis z:Ref="i515"/><AxisName>Automatically Generate</AxisName><Calibration z:Ref="i522"/><Child z:Ref="i513"/><CoordinateSystemName>Automatically Generate</CoordinateSystemName><Dynamics z:Ref="i525"/><Limit z:Ref="i517"/><Mimic z:Ref="i533"/><NameAttribute z:Ref="i506"/><Origin z:Ref="i508"/><Parent z:Ref="i511"/><Safety z:Ref="i528"/><TypeAttribute z:Ref="i507"/></URDFElement></ChildElements><ElementName>link</ElementName><required>true</required><Children/><Collision z:Ref="i498"/><Inertial z:Ref="i472"/><Joint z:Ref="i505"/><NameAttribute z:Ref="i471"/><Parent z:Ref="i336"/><STLQualityFine>false</STLQualityFine><SWComponentPIDs xmlns:a="http://schemas.microsoft.com/2003/10/Serialization/Arrays"><a:base64Binary>OEoAAAUAAAD//v9XRQBuAGQAIABFAGYAZgBlAGMAdABvAHIAIABGAHUAbABsACAAQgB1AGkAbABkAC0AMQBAAEMAbwBtAHAAbABlAHQAZQAgAEEAcgBtACAAQQBzAHMAZQBtAGIAbAB5AC8AOAAuACAATABlAGYAdAAgAFAAcgBvAG4AZwAtADEAQABFAG4AZAAgAEUAZgBmAGUAYwB0AG8AcgAgAEYAdQBsAGwAIABCAHUAaQBsAGQABAAAABAAAAABAAAAAgAAAHUAAAAzAAAA</a:base64Binary><a:base64Binary>OEoAAAUAAAD//v9WRQBuAGQAIABFAGYAZgBlAGMAdABvAHIAIABGAHUAbABsACAAQgB1AGkAbABkAC0AMQBAAEMAbwBtAHAAbABlAHQAZQAgAEEAcgBtACAAQQBzAHMAZQBtAGIAbAB5AC8AMQAwAC4AIABMAGUAZgB0ACAAVABhAGIALQAxAEAARQBuAGQAIABFAGYAZgBlAGMAdABvAHIAIABGAHUAbABsACAAQgB1AGkAbABkAAQAAAAQAAAAAQAAAAIAAAB1AAAATQAAAA==</a:base64Binary><a:base64Binary>OEoAAAUAAAD//v9XRQBuAGQAIABFAGYAZgBlAGMAdABvAHIAIABGAHUAbABsACAAQgB1AGkAbABkAC0AMQBAAEMAbwBtAHAAbABlAHQAZQAgAEEAcgBtACAAQQBzAHMAZQBtAGIAbAB5AC8ANwAuACAATABlAGYAdAAgAE0AbwB1AG4AdAAtADEAQABFAG4AZAAgAEUAZgBmAGUAYwB0AG8AcgAgAEYAdQBsAGwAIABCAHUAaQBsAGQABAAAABAAAAABAAAAAgAAAHUAAAAvAAAA</a:base64Binary><a:base64Binary>OEoAAAUAAAD//v9YRQBuAGQAIABFAGYAZgBlAGMAdABvAHIAIABGAHUAbABsACAAQgB1AGkAbABkAC0AMQBAAEMAbwBtAHAAbABlAHQAZQAgAEEAcgBtACAAQQBzAHMAZQBtAGIAbAB5AC8AMQAxAC4AIABSAGkAZwBoAHQAIABIAG8AbwBrAC0AMQBAAEUAbgBkACAARQBmAGYAZQBjAHQAbwByACAARgB1AGwAbAAgAEIAdQBpAGwAZAAEAAAAEAAAAAEAAAACAAAAdQAAAD4AAAA=</a:base64Binary></SWComponentPIDs><SWMainComponentPID i:nil="true"/><Visual z:Ref="i485"/><isFixedFrame>false</isFixedFrame><isIncomplete>false</isIncomplete></Link></Children><Collision z:Ref="i364"/><Inertial z:Ref="i338"/><Joint z:Ref="i371"/><NameAttribute z:Ref="i337"/><Parent z:Ref="i269"/><STLQualityFine>false</STLQualityFine><SWComponentPIDs xmlns:a="http://schemas.microsoft.com/2003/10/Serialization/Arrays"><a:base64Binary>OEoAAAUAAAD//v8tNQAuACAAZQBuAGQAIABlAGYAZgBlAGMAdABvAHIAIABtAG8AdQBuAHQALQAxAEAAQwBvAG0AcABsAGUAdABlACAAQQByAG0AIABBAHMAcwBlAG0AYgBsAHkABAAAABAAAAABAAAAAQAAAG0AAAA=</a:base64Binary><a:base64Binary>OEoAAAUAAAD//v9YRQBuAGQAIABFAGYAZgBlAGMAdABvAHIAIABGAHUAbABsACAAQgB1AGkAbABkAC0AMQBAAEMAbwBtAHAAbABlAHQAZQAgAEEAcgBtACAAQQBzAHMAZQBtAGIAbAB5AC8AMgAuACAAUgBpAGcAaAB0ACAATABpAG0AaQB0AC0AMQBAAEUAbgBkACAARQBmAGYAZQBjAHQAbwByACAARgB1AGwAbAAgAEIAdQBpAGwAZAAEAAAAEAAAAAEAAAACAAAAdQAAABcAAAA=</a:base64Binary><a:base64Binary>OEoAAAUAAAD//v9YRQBuAGQAIABFAGYAZgBlAGMAdABvAHIAIABGAHUAbABsACAAQgB1AGkAbABkAC0AMQBAAEMAbwBtAHAAbABlAHQAZQAgAEEAcgBtACAAQQBzAHMAZQBtAGIAbAB5AC8AMwAuACAATABlAGYAdAAgAEwAaQBtAGkAdAB0AC0AMQBAAEUAbgBkACAARQBmAGYAZQBjAHQAbwByACAARgB1AGwAbAAgAEIAdQBpAGwAZAAEAAAAEAAAAAEAAAACAAAAdQAAACkAAAA=</a:base64Binary><a:base64Binary>OEoAAAUAAAD//v9ZRQBuAGQAIABFAGYAZgBlAGMAdABvAHIAIABGAHUAbABsACAAQgB1AGkAbABkAC0AMQBAAEMAbwBtAHAAbABlAHQAZQAgAEEAcgBtACAAQQBzAHMAZQBtAGIAbAB5AC8AOQAuACAAUAByAG8AbgBnACAATQBvAHUAbgB0AHMALQAxAEAARQBuAGQAIABFAGYAZgBlAGMAdABvAHIAIABGAHUAbABsACAAQgB1AGkAbABkAAQAAAAQAAAAAQAAAAIAAAB1AAAANwAAAA==</a:base64Binary></SWComponentPIDs><SWMainComponentPID i:nil="true"/><Visual z:Ref="i351"/><isFixedFrame>false</isFixedFrame><isIncomplete>false</isIncomplete></Link></Children><Collision z:Ref="i297"/><Inertial z:Ref="i271"/><Joint z:Ref="i304"/><NameAttribute z:Ref="i270"/><Parent z:Ref="i202"/><STLQualityFine>false</STLQualityFine><SWComponentPIDs xmlns:a="http://schemas.microsoft.com/2003/10/Serialization/Arrays"><a:base64Binary>OEoAAAUAAAD//v8tMQA4AC4AIABMAGkAbgBrACAARQBuAGQAIABFAGYAZgBlAGMAdABvAHIALQAxAEAAQwBvAG0AcABsAGUAdABlACAAQQByAG0AIABBAHMAcwBlAG0AYgBsAHkABAAAABAAAAABAAAAAQAAAFYAAAA=</a:base64Binary><a:base64Binary>OEoAAAUAAAD//v8sMwAuACAAdwByAGkAcwB0ACAAagBvAGkAbgB0ACAAbQBvAHUAbgB0AC0AMQBAAEMAbwBtAHAAbABlAHQAZQAgAEEAcgBtACAAQQBzAHMAZQBtAGIAbAB5AAQAAAAQAAAAAQAAAAEAAABbAAAA</a:base64Binary><a:base64Binary>OEoAAAUAAAD//v8nNwAuACAAWABMADQAMwAwAF8AVwAyADUAMABfAFQALQAxAEAAQwBvAG0AcABsAGUAdABlACAAQQByAG0AIABBAHMAcwBlAG0AYgBsAHkABAAAABAAAAABAAAAAQAAAGMAAAA=</a:base64Binary><a:base64Binary>OEoAAAUAAAD//v8sMgAuACAAdwByAGkAcwB0ACAAagBvAGkAbgB0ACAAYwBvAHYAZQByAC0AMQBAAEMAbwBtAHAAbABlAHQAZQAgAEEAcgBtACAAQQBzAHMAZQBtAGIAbAB5AAQAAAAQAAAAAQAAAAEAAABnAAAA</a:base64Binary></SWComponentPIDs><SWMainComponentPID i:nil="true"/><Visual z:Ref="i284"/><isFixedFrame>false</isFixedFrame><isIncomplete>false</isIncomplete></Link></Children><Collision z:Ref="i230"/><Inertial z:Ref="i204"/><Joint z:Ref="i237"/><NameAttribute z:Ref="i203"/><Parent z:Ref="i135"/><STLQualityFine>false</STLQualityFine><SWComponentPIDs xmlns:a="http://schemas.microsoft.com/2003/10/Serialization/Arrays"><a:base64Binary>OEoAAAUAAAD//v8jMQAyAC4AIABKAG8AaQBuAHQAIAAxAC0AMgBAAEMAbwBtAHAAbABlAHQAZQAgAEEAcgBtACAAQQBzAHMAZQBtAGIAbAB5AAQAAAAQAAAAAQAAAAEAAABCAAAA</a:base64Binary><a:base64Binary>OEoAAAUAAAD//v8mMQA2AC4AIABMAGkAbgBrACAAMwAgAGEAcgBtAC0AMQBAAEMAbwBtAHAAbABlAHQAZQAgAEEAcgBtACAAQQBzAHMAZQBtAGIAbAB5AAQAAAAQAAAAAQAAAAEAAABKAAAA</a:base64Binary><a:base64Binary>OEoAAAUAAAD//v8jMQA3AC4AIABKAG8AaQBuAHQAIAA0AC0AMQBAAEMAbwBtAHAAbABlAHQAZQAgAEEAcgBtACAAQQBzAHMAZQBtAGIAbAB5AAQAAAAQAAAAAQAAAAEAAABSAAAA</a:base64Binary><a:base64Binary>OEoAAAUAAAD//v8mMQA1AC4AIABMAGkAbgBrACAAMwAgAGUAbgBkAC0AMQBAAEMAbwBtAHAAbABlAHQAZQAgAEEAcgBtACAAQQBzAHMAZQBtAGIAbAB5AAQAAAAQAAAAAQAAAAEAAABOAAAA</a:base64Binary></SWComponentPIDs><SWMainComponentPID i:nil="true"/><Visual z:Ref="i217"/><isFixedFrame>false</isFixedFrame><isIncomplete>false</isIncomplete></Link></Children><Collision z:Ref="i163"/><Inertial z:Ref="i137"/><Joint z:Ref="i170"/><NameAttribute z:Ref="i136"/><Parent z:Ref="i68"/><STLQualityFine>false</STLQualityFine><SWComponentPIDs xmlns:a="http://schemas.microsoft.com/2003/10/Serialization/Arrays"><a:base64Binary>OEoAAAUAAAD//v8jMQAyAC4AIABKAG8AaQBuAHQAIAAxAC0AMQBAAEMAbwBtAHAAbABlAHQAZQAgAEEAcgBtACAAQQBzAHMAZQBtAGIAbAB5AAQAAAAQAAAAAQAAAAEAAAAqAAAA</a:base64Binary><a:base64Binary>OEoAAAUAAAD//v8iMQAzAC4AIABMAGkAbgBrACAAMgAtADEAQABDAG8AbQBwAGwAZQB0AGUAIABBAHIAbQAgAEEAcwBzAGUAbQBiAGwAeQAEAAAAEAAAAAEAAAABAAAAMgAAAA==</a:base64Binary><a:base64Binary>OEoAAAUAAAD//v8oMQA0AC4AIABMAGkAbgBrACAAMgAgAE0AbwB1AG4AdAAtADEAQABDAG8AbQBwAGwAZQB0AGUAIABBAHIAbQAgAEEAcwBzAGUAbQBiAGwAeQAEAAAAEAAAAAEAAAABAAAANwAAAA==</a:base64Binary><a:base64Binary>OEoAAAUAAAD//v8jMQA1AC4AIABKAG8AaQBuAHQAIAAzAC0AMQBAAEMAbwBtAHAAbABlAHQAZQAgAEEAcgBtACAAQQBzAHMAZQBtAGIAbAB5AAQAAAAQAAAAAQAAAAEAAAA7AAAA</a:base64Binary></SWComponentPIDs><SWMainComponentPID i:nil="true"/><Visual z:Ref="i150"/><isFixedFrame>false</isFixedFrame><isIncomplete>false</isIncomplete></Link></Children><Collision z:Ref="i96"/><Inertial z:Ref="i70"/><Joint z:Ref="i103"/><NameAttribute z:Ref="i69"/><Parent z:Ref="i1"/><STLQualityFine>false</STLQualityFine><SWComponentPIDs xmlns:a="http://schemas.microsoft.com/2003/10/Serialization/Arrays"><a:base64Binary>OEoAAAUAAAD//v8lOQAuACAAQgBhAHMAZQAgAEoAbwBpAG4AdAAtADEAQABDAG8AbQBwAGwAZQB0AGUAIABBAHIAbQAgAEEAcwBzAGUAbQBiAGwAeQAEAAAAEAAAAAEAAAABAAAAHwAAAA==</a:base64Binary><a:base64Binary>OEoAAAUAAAD//v8hMQAwAC4AIABMAGkAbgBrADEALQAxAEAAQwBvAG0AcABsAGUAdABlACAAQQByAG0AIABBAHMAcwBlAG0AYgBsAHkABAAAABAAAAABAAAAAQAAACIAAAA=</a:base64Binary></SWComponentPIDs><SWMainComponentPID i:nil="true"/><Visual z:Ref="i83"/><isFixedFrame>false</isFixedFrame><isIncomplete>false</isIncomplete></Link></Children><Collision z:Ref="i29"/><Inertial z:Ref="i3"/><Joint z:Ref="i36"/><NameAttribute z:Ref="i2"/><Parent i:nil="true"/><STLQualityFine>false</STLQualityFine><SWComponentPIDs xmlns:a="http://schemas.microsoft.com/2003/10/Serialization/Arrays"><a:base64Binary>OEoAAAUAAAD//v8lNAAuACAAQgBhAHMAZQAgAFAAbABhAHQAZQAtADEAQABDAG8AbQBwAGwAZQB0AGUAIABBAHIAbQAgAEEAcwBzAGUAbQBiAGwAeQAEAAAAEAAAAAEAAAABAAAAFgAAAA==</a:base64Binary><a:base64Binary>OEoAAAUAAAD//v8kOAAuACAAQgBhAHMAZQAgAEwAaQBuAGsALQAxAEAAQwBvAG0AcABsAGUAdABlACAAQQByAG0AIABBAHMAcwBlAG0AYgBsAHkABAAAABAAAAABAAAAAQAAABcAAAA=</a:base64Binary></SWComponentPIDs><SWMainComponentPID i:nil="true"/><Visual z:Ref="i16"/><isFixedFrame>false</isFixedFrame><isIncomplete>false</isIncomplete></Link>
2026-06-10 02:37:27,265 INFO  AssemblyExportForm.cs: 309 - Saving URDF package to C:\Users\Lanie\Documents\Ri-One\Projects\Open Manipulator X6\URDF\Complete Arm Assembly
2026-06-10 02:37:27,269 INFO  ExportHelper.cs: 147 - Beginning the export process
2026-06-10 02:37:27,274 INFO  ExportHelper.cs: 153 - Creating package directories with name Complete Arm Assembly and save path C:\Users\Lanie\Documents\Ri-One\Projects\Open Manipulator X6\URDF
2026-06-10 02:37:30,420 INFO  ExportHelper.cs: 162 - Creating CMakeLists.txt at C:\Users\Lanie\Documents\Ri-One\Projects\Open Manipulator X6\URDF\Complete Arm Assembly\CMakeLists.txt
2026-06-10 02:37:30,422 INFO  ExportHelper.cs: 166 - Creating joint names config at C:\Users\Lanie\Documents\Ri-One\Projects\Open Manipulator X6\URDF\Complete Arm Assembly\config\joint_names_Complete Arm Assembly.yaml
2026-06-10 02:37:30,424 INFO  ExportHelper.cs: 170 - Creating package.xml at C:\Users\Lanie\Documents\Ri-One\Projects\Open Manipulator X6\URDF\Complete Arm Assembly\package.xml
2026-06-10 02:37:30,426 INFO  PackageXMLWriter.cs: 21 - Creating package.xml at C:\Users\Lanie\Documents\Ri-One\Projects\Open Manipulator X6\URDF\Complete Arm Assembly\package.xml
2026-06-10 02:37:30,434 INFO  ExportHelper.cs: 177 - Creating RVIZ launch file in C:\Users\Lanie\Documents\Ri-One\Projects\Open Manipulator X6\URDF\Complete Arm Assembly\launch\
2026-06-10 02:37:30,436 INFO  ExportHelper.cs: 182 - Creating Gazebo launch file in C:\Users\Lanie\Documents\Ri-One\Projects\Open Manipulator X6\URDF\Complete Arm Assembly\launch\
2026-06-10 02:37:30,437 INFO  ExportHelper.cs: 187 - Saving existing STL preferences
2026-06-10 02:37:30,438 INFO  ExportHelper.cs: 450 - Saving users preferences
2026-06-10 02:37:30,442 INFO  ExportHelper.cs: 190 - Modifying STL preferences
2026-06-10 02:37:30,443 INFO  ExportHelper.cs: 464 - Setting STL preferences
2026-06-10 02:37:30,453 INFO  ExportHelper.cs: 196 - Found 0 hidden components 
2026-06-10 02:37:30,454 INFO  ExportHelper.cs: 197 - Hiding all components
2026-06-10 02:37:31,032 INFO  ExportHelper.cs: 204 - Beginning individual files export
2026-06-10 02:37:31,037 INFO  ExportHelper.cs: 270 - Exporting link: base_link
2026-06-10 02:37:31,038 INFO  ExportHelper.cs: 272 - Link base_link has 1 children
2026-06-10 02:37:31,041 INFO  ExportHelper.cs: 270 - Exporting link: link_1
2026-06-10 02:37:31,042 INFO  ExportHelper.cs: 272 - Link link_1 has 1 children
2026-06-10 02:37:31,044 INFO  ExportHelper.cs: 270 - Exporting link: link_2
2026-06-10 02:37:31,044 INFO  ExportHelper.cs: 272 - Link link_2 has 1 children
2026-06-10 02:37:31,049 INFO  ExportHelper.cs: 270 - Exporting link: link_3
2026-06-10 02:37:31,049 INFO  ExportHelper.cs: 272 - Link link_3 has 1 children
2026-06-10 02:37:31,052 INFO  ExportHelper.cs: 270 - Exporting link: link_4
2026-06-10 02:37:31,053 INFO  ExportHelper.cs: 272 - Link link_4 has 1 children
2026-06-10 02:37:31,055 INFO  ExportHelper.cs: 270 - Exporting link: end_effector
2026-06-10 02:37:31,056 INFO  ExportHelper.cs: 272 - Link end_effector has 2 children
2026-06-10 02:37:31,058 INFO  ExportHelper.cs: 270 - Exporting link: right_finger
2026-06-10 02:37:31,059 INFO  ExportHelper.cs: 272 - Link right_finger has 0 children
2026-06-10 02:37:31,060 INFO  ExportHelper.cs: 317 - right_finger: Exporting STL with coordinate frame Origin_joint_52
2026-06-10 02:37:31,061 INFO  ExportHelper.cs: 322 - right_finger: Reference geometry name 
2026-06-10 02:37:31,610 INFO  ExportHelper.cs: 330 - Saving STL to C:\Users\Lanie\Documents\Ri-One\Projects\Open Manipulator X6\URDF\Complete Arm Assembly\meshes\right_finger.STL
2026-06-10 02:37:32,123 INFO  ExportHelper.cs: 405 - Removing SW header in STL file
2026-06-10 02:37:32,134 INFO  ExportHelper.cs: 270 - Exporting link: left_finger
2026-06-10 02:37:32,134 INFO  ExportHelper.cs: 272 - Link left_finger has 0 children
2026-06-10 02:37:32,135 INFO  ExportHelper.cs: 317 - left_finger: Exporting STL with coordinate frame Origin_joint_53
2026-06-10 02:37:32,135 INFO  ExportHelper.cs: 322 - left_finger: Reference geometry name 
2026-06-10 02:37:32,253 INFO  ExportHelper.cs: 330 - Saving STL to C:\Users\Lanie\Documents\Ri-One\Projects\Open Manipulator X6\URDF\Complete Arm Assembly\meshes\left_finger.STL
2026-06-10 02:37:32,565 INFO  ExportHelper.cs: 405 - Removing SW header in STL file
2026-06-10 02:37:32,566 INFO  ExportHelper.cs: 317 - end_effector: Exporting STL with coordinate frame Origin_joint_5
2026-06-10 02:37:32,572 INFO  ExportHelper.cs: 322 - end_effector: Reference geometry name 
2026-06-10 02:37:32,737 INFO  ExportHelper.cs: 330 - Saving STL to C:\Users\Lanie\Documents\Ri-One\Projects\Open Manipulator X6\URDF\Complete Arm Assembly\meshes\end_effector.STL
2026-06-10 02:37:33,029 INFO  ExportHelper.cs: 405 - Removing SW header in STL file
2026-06-10 02:37:33,030 INFO  ExportHelper.cs: 317 - link_4: Exporting STL with coordinate frame Origin_joint_4
2026-06-10 02:37:33,031 INFO  ExportHelper.cs: 322 - link_4: Reference geometry name 
2026-06-10 02:37:33,139 INFO  ExportHelper.cs: 330 - Saving STL to C:\Users\Lanie\Documents\Ri-One\Projects\Open Manipulator X6\URDF\Complete Arm Assembly\meshes\link_4.STL
2026-06-10 02:37:33,643 INFO  ExportHelper.cs: 405 - Removing SW header in STL file
2026-06-10 02:37:33,644 INFO  ExportHelper.cs: 317 - link_3: Exporting STL with coordinate frame Origin_joint_3
2026-06-10 02:37:33,644 INFO  ExportHelper.cs: 322 - link_3: Reference geometry name 
2026-06-10 02:37:33,755 INFO  ExportHelper.cs: 330 - Saving STL to C:\Users\Lanie\Documents\Ri-One\Projects\Open Manipulator X6\URDF\Complete Arm Assembly\meshes\link_3.STL
2026-06-10 02:37:34,194 INFO  ExportHelper.cs: 405 - Removing SW header in STL file
2026-06-10 02:37:34,195 INFO  ExportHelper.cs: 317 - link_2: Exporting STL with coordinate frame Origin_joint_2
2026-06-10 02:37:34,196 INFO  ExportHelper.cs: 322 - link_2: Reference geometry name 
2026-06-10 02:37:34,297 INFO  ExportHelper.cs: 330 - Saving STL to C:\Users\Lanie\Documents\Ri-One\Projects\Open Manipulator X6\URDF\Complete Arm Assembly\meshes\link_2.STL
2026-06-10 02:37:34,750 INFO  ExportHelper.cs: 405 - Removing SW header in STL file
2026-06-10 02:37:34,751 INFO  ExportHelper.cs: 317 - link_1: Exporting STL with coordinate frame Origin_joint_1
2026-06-10 02:37:34,751 INFO  ExportHelper.cs: 322 - link_1: Reference geometry name 
2026-06-10 02:37:34,837 INFO  ExportHelper.cs: 330 - Saving STL to C:\Users\Lanie\Documents\Ri-One\Projects\Open Manipulator X6\URDF\Complete Arm Assembly\meshes\link_1.STL
2026-06-10 02:37:35,101 INFO  ExportHelper.cs: 405 - Removing SW header in STL file
2026-06-10 02:37:35,102 INFO  ExportHelper.cs: 317 - base_link: Exporting STL with coordinate frame Origin_global
2026-06-10 02:37:35,103 INFO  ExportHelper.cs: 322 - base_link: Reference geometry name 
2026-06-10 02:37:35,163 INFO  ExportHelper.cs: 330 - Saving STL to C:\Users\Lanie\Documents\Ri-One\Projects\Open Manipulator X6\URDF\Complete Arm Assembly\meshes\base_link.STL
2026-06-10 02:37:35,384 INFO  ExportHelper.cs: 405 - Removing SW header in STL file
2026-06-10 02:37:35,385 INFO  ExportHelper.cs: 145 - Showing all components except previously hidden components
2026-06-10 02:37:36,500 INFO  ExportHelper.cs: 145 - Resetting STL preferences
2026-06-10 02:37:36,501 INFO  ExportHelper.cs: 478 - Returning STL preferences to user preferences
2026-06-10 02:37:36,502 INFO  ExportHelper.cs: 228 - Writing URDF file to C:\Users\Lanie\Documents\Ri-One\Projects\Open Manipulator X6\URDF\Complete Arm Assembly\urdf\Complete Arm Assembly.urdf
2026-06-10 02:37:36,721 INFO  CSVImportExport.cs: 32 - Writing CSV file C:\Users\Lanie\Documents\Ri-One\Projects\Open Manipulator X6\URDF\Complete Arm Assembly\urdf\Complete Arm Assembly.csv
2026-06-10 02:37:36,762 ERROR CSVImportExport.cs: 130 - The following columns were not written to the CSV: Link.Joint.ChildLink.link,
2026-06-10 02:37:36,762 ERROR CSVImportExport.cs: 130 - The following columns were not written to the CSV: Link.Joint.ChildLink.link,
2026-06-10 02:37:36,763 ERROR CSVImportExport.cs: 130 - The following columns were not written to the CSV: Link.Joint.ChildLink.link,
2026-06-10 02:37:36,764 ERROR CSVImportExport.cs: 130 - The following columns were not written to the CSV: Link.Joint.ChildLink.link,
2026-06-10 02:37:36,764 ERROR CSVImportExport.cs: 130 - The following columns were not written to the CSV: Link.Joint.ChildLink.link,
2026-06-10 02:37:36,765 ERROR CSVImportExport.cs: 130 - The following columns were not written to the CSV: Link.Joint.ChildLink.link,
2026-06-10 02:37:36,765 ERROR CSVImportExport.cs: 130 - The following columns were not written to the CSV: Link.Joint.ChildLink.link,
2026-06-10 02:37:36,766 ERROR CSVImportExport.cs: 130 - The following columns were not written to the CSV: Link.Joint.ChildLink.link,Link.Joint.Mimic.joint,Link.Joint.Mimic.multiplier,Link.Joint.Mimic.offset,
2026-06-10 02:37:36,767 INFO  ExportHelper.cs: 234 - Copying log file
2026-06-10 02:37:36,776 INFO  ExportHelper.cs: 439 - Copying C:\Users\Lanie\sw2urdf_logs\sw2urdf.log to C:\Users\Lanie\Documents\Ri-One\Projects\Open Manipulator X6\URDF\Complete Arm Assembly\export.log
