2026-09-14 15:06:16,176 INFO  Logger.cs: 70 - 
--------------------------------------------------------------------------------
2026-09-14 15:06:16,200 INFO  Logger.cs: 71 - Logging commencing for SW2URDF exporter
2026-09-14 15:06:16,201 INFO  Logger.cs: 73 - Commit version 1.6.0-4-g7f85cfe
2026-09-14 15:06:16,202 INFO  Logger.cs: 74 - Build version 1.6.7995.38578
2026-09-14 15:06:16,206 INFO  SwAddin.cs: 192 - Attempting to connect to SW
2026-09-14 15:06:16,207 INFO  SwAddin.cs: 197 - Setting up callbacks
2026-09-14 15:06:16,208 INFO  SwAddin.cs: 201 - Setting up command manager
2026-09-14 15:06:16,209 INFO  SwAddin.cs: 204 - Adding command manager
2026-09-14 15:06:16,212 INFO  SwAddin.cs: 263 - Adding Assembly export to file menu
2026-09-14 15:06:16,213 INFO  SwAddin.cs: 272 - Adding Part export to file menu
2026-09-14 15:06:16,214 INFO  SwAddin.cs: 210 - Adding event handlers
2026-09-14 15:06:16,217 INFO  SwAddin.cs: 217 - Connecting plugin to SolidWorks
2026-09-14 15:07:06,111 INFO  SwAddin.cs: 294 - Assembly export called for file Complete Arm Assembly v2
2026-09-14 15:07:07,824 INFO  SwAddin.cs: 313 - Saving assembly
2026-09-14 15:07:08,240 INFO  SwAddin.cs: 316 - Opening property manager
2026-09-14 15:07:08,286 INFO  ExportHelperExtension.cs: 1125 - Retrieving features of type [CoordSys] from Complete Arm Assembly v2
2026-09-14 15:07:08,292 INFO  ExportHelperExtension.cs: 1136 - Found 111 in Complete Arm Assembly v2
2026-09-14 15:07:08,294 INFO  ExportHelperExtension.cs: 1145 - Found 0 features of type [CoordSys] in Complete Arm Assembly v2
2026-09-14 15:07:08,295 INFO  ExportHelperExtension.cs: 1148 - Proceeding through assembly components
2026-09-14 15:07:08,296 INFO  ExportHelperExtension.cs: 1160 - 20 components to check
2026-09-14 15:07:08,298 INFO  ExportHelperExtension.cs: 1125 - Retrieving features of type [CoordSys] from 13. Link 2-1
2026-09-14 15:07:08,299 INFO  ExportHelperExtension.cs: 1136 - Found 22 in 13. Link 2-1
2026-09-14 15:07:08,300 INFO  ExportHelperExtension.cs: 1145 - Found 0 features of type [CoordSys] in 13. Link 2-1
2026-09-14 15:07:08,301 INFO  ExportHelperExtension.cs: 1125 - Retrieving features of type [CoordSys] from 17. Joint 4-1
2026-09-14 15:07:08,301 INFO  ExportHelperExtension.cs: 1136 - Found 22 in 17. Joint 4-1
2026-09-14 15:07:08,302 INFO  ExportHelperExtension.cs: 1145 - Found 0 features of type [CoordSys] in 17. Joint 4-1
2026-09-14 15:07:08,303 INFO  ExportHelperExtension.cs: 1125 - Retrieving features of type [CoordSys] from 7. XL430_W250_T-1
2026-09-14 15:07:08,304 INFO  ExportHelperExtension.cs: 1136 - Found 36 in 7. XL430_W250_T-1
2026-09-14 15:07:08,305 INFO  ExportHelperExtension.cs: 1145 - Found 0 features of type [CoordSys] in 7. XL430_W250_T-1
2026-09-14 15:07:08,307 INFO  ExportHelperExtension.cs: 1125 - Retrieving features of type [CoordSys] from 8. Base Link-1
2026-09-14 15:07:08,308 INFO  ExportHelperExtension.cs: 1136 - Found 22 in 8. Base Link-1
2026-09-14 15:07:08,309 INFO  ExportHelperExtension.cs: 1145 - Found 0 features of type [CoordSys] in 8. Base Link-1
2026-09-14 15:07:08,310 INFO  ExportHelperExtension.cs: 1125 - Retrieving features of type [CoordSys] from 9. Base Joint-1
2026-09-14 15:07:08,311 INFO  ExportHelperExtension.cs: 1136 - Found 22 in 9. Base Joint-1
2026-09-14 15:07:08,312 INFO  ExportHelperExtension.cs: 1145 - Found 0 features of type [CoordSys] in 9. Base Joint-1
2026-09-14 15:07:08,313 INFO  ExportHelperExtension.cs: 1125 - Retrieving features of type [CoordSys] from 14. Link 2 Mount-1
2026-09-14 15:07:08,315 INFO  ExportHelperExtension.cs: 1136 - Found 22 in 14. Link 2 Mount-1
2026-09-14 15:07:08,316 INFO  ExportHelperExtension.cs: 1145 - Found 0 features of type [CoordSys] in 14. Link 2 Mount-1
2026-09-14 15:07:08,317 INFO  ExportHelperExtension.cs: 1125 - Retrieving features of type [CoordSys] from 16. Link 3 arm-1
2026-09-14 15:07:08,318 INFO  ExportHelperExtension.cs: 1136 - Found 22 in 16. Link 3 arm-1
2026-09-14 15:07:08,318 INFO  ExportHelperExtension.cs: 1145 - Found 0 features of type [CoordSys] in 16. Link 3 arm-1
2026-09-14 15:07:08,319 INFO  ExportHelperExtension.cs: 1125 - Retrieving features of type [CoordSys] from 10. Link1-1
2026-09-14 15:07:08,320 INFO  ExportHelperExtension.cs: 1136 - Found 22 in 10. Link1-1
2026-09-14 15:07:08,321 INFO  ExportHelperExtension.cs: 1145 - Found 0 features of type [CoordSys] in 10. Link1-1
2026-09-14 15:07:08,322 INFO  ExportHelperExtension.cs: 1125 - Retrieving features of type [CoordSys] from 15. Link 3 end-1
2026-09-14 15:07:08,322 INFO  ExportHelperExtension.cs: 1136 - Found 22 in 15. Link 3 end-1
2026-09-14 15:07:08,323 INFO  ExportHelperExtension.cs: 1145 - Found 0 features of type [CoordSys] in 15. Link 3 end-1
2026-09-14 15:07:08,324 INFO  ExportHelperExtension.cs: 1125 - Retrieving features of type [CoordSys] from 12. Joint 1-1
2026-09-14 15:07:08,325 INFO  ExportHelperExtension.cs: 1136 - Found 22 in 12. Joint 1-1
2026-09-14 15:07:08,326 INFO  ExportHelperExtension.cs: 1145 - Found 0 features of type [CoordSys] in 12. Joint 1-1
2026-09-14 15:07:08,327 INFO  ExportHelperExtension.cs: 1125 - Retrieving features of type [CoordSys] from 15. Joint 3-1
2026-09-14 15:07:08,328 INFO  ExportHelperExtension.cs: 1136 - Found 22 in 15. Joint 3-1
2026-09-14 15:07:08,329 INFO  ExportHelperExtension.cs: 1145 - Found 0 features of type [CoordSys] in 15. Joint 3-1
2026-09-14 15:07:08,330 INFO  ExportHelperExtension.cs: 1125 - Retrieving features of type [CoordSys] from 12. Joint 1-2
2026-09-14 15:07:08,331 INFO  ExportHelperExtension.cs: 1136 - Found 22 in 12. Joint 1-2
2026-09-14 15:07:08,332 INFO  ExportHelperExtension.cs: 1145 - Found 0 features of type [CoordSys] in 12. Joint 1-2
2026-09-14 15:07:08,333 INFO  ExportHelperExtension.cs: 1125 - Retrieving features of type [CoordSys] from 3. wrist joint mount-1
2026-09-14 15:07:08,334 INFO  ExportHelperExtension.cs: 1136 - Found 38 in 3. wrist joint mount-1
2026-09-14 15:07:08,335 INFO  ExportHelperExtension.cs: 1145 - Found 0 features of type [CoordSys] in 3. wrist joint mount-1
2026-09-14 15:07:08,336 INFO  ExportHelperExtension.cs: 1125 - Retrieving features of type [CoordSys] from 2. wrist joint cover-1
2026-09-14 15:07:08,337 INFO  ExportHelperExtension.cs: 1136 - Found 30 in 2. wrist joint cover-1
2026-09-14 15:07:08,337 INFO  ExportHelperExtension.cs: 1145 - Found 0 features of type [CoordSys] in 2. wrist joint cover-1
2026-09-14 15:07:08,338 INFO  ExportHelperExtension.cs: 1125 - Retrieving features of type [CoordSys] from 5. end effector mount-1
2026-09-14 15:07:08,339 INFO  ExportHelperExtension.cs: 1136 - Found 43 in 5. end effector mount-1
2026-09-14 15:07:08,340 INFO  ExportHelperExtension.cs: 1145 - Found 0 features of type [CoordSys] in 5. end effector mount-1
2026-09-14 15:07:08,341 INFO  ExportHelperExtension.cs: 1125 - Retrieving features of type [CoordSys] from End Effector Full Build-1
2026-09-14 15:07:08,342 INFO  ExportHelperExtension.cs: 1136 - Found 65 in End Effector Full Build-1
2026-09-14 15:07:08,343 INFO  ExportHelperExtension.cs: 1145 - Found 0 features of type [CoordSys] in End Effector Full Build-1
2026-09-14 15:07:08,344 INFO  ExportHelperExtension.cs: 1125 - Retrieving features of type [CoordSys] from 4. Base Plate-2
2026-09-14 15:07:08,344 INFO  ExportHelperExtension.cs: 1136 - Found 27 in 4. Base Plate-2
2026-09-14 15:07:08,345 INFO  ExportHelperExtension.cs: 1145 - Found 0 features of type [CoordSys] in 4. Base Plate-2
2026-09-14 15:07:08,345 INFO  ExportHelperExtension.cs: 1125 - Retrieving features of type [CoordSys] from 19. Joint 5-1
2026-09-14 15:07:08,346 INFO  ExportHelperExtension.cs: 1136 - Found 29 in 19. Joint 5-1
2026-09-14 15:07:08,347 INFO  ExportHelperExtension.cs: 1145 - Found 0 features of type [CoordSys] in 19. Joint 5-1
2026-09-14 15:07:08,348 INFO  ExportHelperExtension.cs: 1125 - Retrieving features of type [CoordSys] from 7. XL430_W250_T-2
2026-09-14 15:07:08,348 INFO  ExportHelperExtension.cs: 1136 - Found 36 in 7. XL430_W250_T-2
2026-09-14 15:07:08,349 INFO  ExportHelperExtension.cs: 1145 - Found 0 features of type [CoordSys] in 7. XL430_W250_T-2
2026-09-14 15:07:08,350 INFO  ExportHelperExtension.cs: 1125 - Retrieving features of type [CoordSys] from 20. Jont 6-1
2026-09-14 15:07:08,350 INFO  ExportHelperExtension.cs: 1136 - Found 24 in 20. Jont 6-1
2026-09-14 15:07:08,351 INFO  ExportHelperExtension.cs: 1145 - Found 0 features of type [CoordSys] in 20. Jont 6-1
2026-09-14 15:07:08,351 INFO  ExportHelperExtension.cs: 1125 - Retrieving features of type [RefAxis] from Complete Arm Assembly v2
2026-09-14 15:07:08,352 INFO  ExportHelperExtension.cs: 1136 - Found 111 in Complete Arm Assembly v2
2026-09-14 15:07:08,353 INFO  ExportHelperExtension.cs: 1145 - Found 0 features of type [RefAxis] in Complete Arm Assembly v2
2026-09-14 15:07:08,354 INFO  ExportHelperExtension.cs: 1148 - Proceeding through assembly components
2026-09-14 15:07:08,354 INFO  ExportHelperExtension.cs: 1160 - 20 components to check
2026-09-14 15:07:08,355 INFO  ExportHelperExtension.cs: 1125 - Retrieving features of type [RefAxis] from 13. Link 2-1
2026-09-14 15:07:08,355 INFO  ExportHelperExtension.cs: 1136 - Found 22 in 13. Link 2-1
2026-09-14 15:07:08,356 INFO  ExportHelperExtension.cs: 1145 - Found 0 features of type [RefAxis] in 13. Link 2-1
2026-09-14 15:07:08,356 INFO  ExportHelperExtension.cs: 1125 - Retrieving features of type [RefAxis] from 17. Joint 4-1
2026-09-14 15:07:08,357 INFO  ExportHelperExtension.cs: 1136 - Found 22 in 17. Joint 4-1
2026-09-14 15:07:08,358 INFO  ExportHelperExtension.cs: 1145 - Found 0 features of type [RefAxis] in 17. Joint 4-1
2026-09-14 15:07:08,358 INFO  ExportHelperExtension.cs: 1125 - Retrieving features of type [RefAxis] from 7. XL430_W250_T-1
2026-09-14 15:07:08,359 INFO  ExportHelperExtension.cs: 1136 - Found 36 in 7. XL430_W250_T-1
2026-09-14 15:07:08,360 INFO  ExportHelperExtension.cs: 1145 - Found 0 features of type [RefAxis] in 7. XL430_W250_T-1
2026-09-14 15:07:08,361 INFO  ExportHelperExtension.cs: 1125 - Retrieving features of type [RefAxis] from 8. Base Link-1
2026-09-14 15:07:08,361 INFO  ExportHelperExtension.cs: 1136 - Found 22 in 8. Base Link-1
2026-09-14 15:07:08,362 INFO  ExportHelperExtension.cs: 1145 - Found 0 features of type [RefAxis] in 8. Base Link-1
2026-09-14 15:07:08,363 INFO  ExportHelperExtension.cs: 1125 - Retrieving features of type [RefAxis] from 9. Base Joint-1
2026-09-14 15:07:08,363 INFO  ExportHelperExtension.cs: 1136 - Found 22 in 9. Base Joint-1
2026-09-14 15:07:08,364 INFO  ExportHelperExtension.cs: 1145 - Found 0 features of type [RefAxis] in 9. Base Joint-1
2026-09-14 15:07:08,365 INFO  ExportHelperExtension.cs: 1125 - Retrieving features of type [RefAxis] from 14. Link 2 Mount-1
2026-09-14 15:07:08,366 INFO  ExportHelperExtension.cs: 1136 - Found 22 in 14. Link 2 Mount-1
2026-09-14 15:07:08,366 INFO  ExportHelperExtension.cs: 1145 - Found 0 features of type [RefAxis] in 14. Link 2 Mount-1
2026-09-14 15:07:08,367 INFO  ExportHelperExtension.cs: 1125 - Retrieving features of type [RefAxis] from 16. Link 3 arm-1
2026-09-14 15:07:08,368 INFO  ExportHelperExtension.cs: 1136 - Found 22 in 16. Link 3 arm-1
2026-09-14 15:07:08,368 INFO  ExportHelperExtension.cs: 1145 - Found 0 features of type [RefAxis] in 16. Link 3 arm-1
2026-09-14 15:07:08,369 INFO  ExportHelperExtension.cs: 1125 - Retrieving features of type [RefAxis] from 10. Link1-1
2026-09-14 15:07:08,370 INFO  ExportHelperExtension.cs: 1136 - Found 22 in 10. Link1-1
2026-09-14 15:07:08,371 INFO  ExportHelperExtension.cs: 1145 - Found 0 features of type [RefAxis] in 10. Link1-1
2026-09-14 15:07:08,371 INFO  ExportHelperExtension.cs: 1125 - Retrieving features of type [RefAxis] from 15. Link 3 end-1
2026-09-14 15:07:08,372 INFO  ExportHelperExtension.cs: 1136 - Found 22 in 15. Link 3 end-1
2026-09-14 15:07:08,372 INFO  ExportHelperExtension.cs: 1145 - Found 0 features of type [RefAxis] in 15. Link 3 end-1
2026-09-14 15:07:08,373 INFO  ExportHelperExtension.cs: 1125 - Retrieving features of type [RefAxis] from 12. Joint 1-1
2026-09-14 15:07:08,374 INFO  ExportHelperExtension.cs: 1136 - Found 22 in 12. Joint 1-1
2026-09-14 15:07:08,374 INFO  ExportHelperExtension.cs: 1145 - Found 0 features of type [RefAxis] in 12. Joint 1-1
2026-09-14 15:07:08,375 INFO  ExportHelperExtension.cs: 1125 - Retrieving features of type [RefAxis] from 15. Joint 3-1
2026-09-14 15:07:08,376 INFO  ExportHelperExtension.cs: 1136 - Found 22 in 15. Joint 3-1
2026-09-14 15:07:08,376 INFO  ExportHelperExtension.cs: 1145 - Found 0 features of type [RefAxis] in 15. Joint 3-1
2026-09-14 15:07:08,377 INFO  ExportHelperExtension.cs: 1125 - Retrieving features of type [RefAxis] from 12. Joint 1-2
2026-09-14 15:07:08,378 INFO  ExportHelperExtension.cs: 1136 - Found 22 in 12. Joint 1-2
2026-09-14 15:07:08,379 INFO  ExportHelperExtension.cs: 1145 - Found 0 features of type [RefAxis] in 12. Joint 1-2
2026-09-14 15:07:08,380 INFO  ExportHelperExtension.cs: 1125 - Retrieving features of type [RefAxis] from 3. wrist joint mount-1
2026-09-14 15:07:08,380 INFO  ExportHelperExtension.cs: 1136 - Found 38 in 3. wrist joint mount-1
2026-09-14 15:07:08,381 INFO  ExportHelperExtension.cs: 1145 - Found 0 features of type [RefAxis] in 3. wrist joint mount-1
2026-09-14 15:07:08,382 INFO  ExportHelperExtension.cs: 1125 - Retrieving features of type [RefAxis] from 2. wrist joint cover-1
2026-09-14 15:07:08,383 INFO  ExportHelperExtension.cs: 1136 - Found 30 in 2. wrist joint cover-1
2026-09-14 15:07:08,384 INFO  ExportHelperExtension.cs: 1145 - Found 0 features of type [RefAxis] in 2. wrist joint cover-1
2026-09-14 15:07:08,384 INFO  ExportHelperExtension.cs: 1125 - Retrieving features of type [RefAxis] from 5. end effector mount-1
2026-09-14 15:07:08,385 INFO  ExportHelperExtension.cs: 1136 - Found 43 in 5. end effector mount-1
2026-09-14 15:07:08,386 INFO  ExportHelperExtension.cs: 1145 - Found 0 features of type [RefAxis] in 5. end effector mount-1
2026-09-14 15:07:08,387 INFO  ExportHelperExtension.cs: 1125 - Retrieving features of type [RefAxis] from End Effector Full Build-1
2026-09-14 15:07:08,388 INFO  ExportHelperExtension.cs: 1136 - Found 65 in End Effector Full Build-1
2026-09-14 15:07:08,389 INFO  ExportHelperExtension.cs: 1145 - Found 0 features of type [RefAxis] in End Effector Full Build-1
2026-09-14 15:07:08,389 INFO  ExportHelperExtension.cs: 1125 - Retrieving features of type [RefAxis] from 4. Base Plate-2
2026-09-14 15:07:08,390 INFO  ExportHelperExtension.cs: 1136 - Found 27 in 4. Base Plate-2
2026-09-14 15:07:08,391 INFO  ExportHelperExtension.cs: 1145 - Found 0 features of type [RefAxis] in 4. Base Plate-2
2026-09-14 15:07:08,391 INFO  ExportHelperExtension.cs: 1125 - Retrieving features of type [RefAxis] from 19. Joint 5-1
2026-09-14 15:07:08,392 INFO  ExportHelperExtension.cs: 1136 - Found 29 in 19. Joint 5-1
2026-09-14 15:07:08,393 INFO  ExportHelperExtension.cs: 1145 - Found 0 features of type [RefAxis] in 19. Joint 5-1
2026-09-14 15:07:08,394 INFO  ExportHelperExtension.cs: 1125 - Retrieving features of type [RefAxis] from 7. XL430_W250_T-2
2026-09-14 15:07:08,395 INFO  ExportHelperExtension.cs: 1136 - Found 36 in 7. XL430_W250_T-2
2026-09-14 15:07:08,396 INFO  ExportHelperExtension.cs: 1145 - Found 0 features of type [RefAxis] in 7. XL430_W250_T-2
2026-09-14 15:07:08,397 INFO  ExportHelperExtension.cs: 1125 - Retrieving features of type [RefAxis] from 20. Jont 6-1
2026-09-14 15:07:08,398 INFO  ExportHelperExtension.cs: 1136 - Found 24 in 20. Jont 6-1
2026-09-14 15:07:08,399 INFO  ExportHelperExtension.cs: 1145 - Found 0 features of type [RefAxis] in 20. Jont 6-1
2026-09-14 15:07:09,390 INFO  SwAddin.cs: 339 - Loading config tree
2026-09-14 15:07:09,398 INFO  ExportPropertyManagerExtension.cs: 520 - Starting new configuration
2026-09-14 15:07:09,406 INFO  SwAddin.cs: 344 - Showing property manager
2026-09-14 15:07:27,647 INFO  ExportPropertyManager.cs: 1136 - OnNumberBoxTrackingCompleted called. This method no longer throws an Exception. It just silently does nothing. Ok, except for this logging message
2026-09-14 15:08:02,599 INFO  ExportPropertyManager.cs: 1018 - OnComboboxSelectionChanged called. This method no longer throws an Exception. It just silently does nothing. Ok, except for this logging message
2026-09-14 15:08:55,211 INFO  ExportPropertyManager.cs: 416 - Configuration canceled
2026-09-14 15:08:55,311 INFO  ExportPropertyManager.cs: 1142 - AfterClose called. This method no longer throws an Exception. It just silently does nothing. Ok, except for this logging message
2026-09-14 15:11:56,768 INFO  SwAddin.cs: 294 - Assembly export called for file End Effector Full Build
2026-09-14 15:11:58,540 INFO  SwAddin.cs: 313 - Saving assembly
2026-09-14 15:11:58,706 INFO  SwAddin.cs: 316 - Opening property manager
2026-09-14 15:11:58,707 INFO  ExportHelperExtension.cs: 1125 - Retrieving features of type [CoordSys] from End Effector Full Build
2026-09-14 15:11:58,708 INFO  ExportHelperExtension.cs: 1136 - Found 65 in End Effector Full Build
2026-09-14 15:11:58,709 INFO  ExportHelperExtension.cs: 1145 - Found 0 features of type [CoordSys] in End Effector Full Build
2026-09-14 15:11:58,710 INFO  ExportHelperExtension.cs: 1148 - Proceeding through assembly components
2026-09-14 15:11:58,710 INFO  ExportHelperExtension.cs: 1160 - 12 components to check
2026-09-14 15:11:58,711 INFO  ExportHelperExtension.cs: 1125 - Retrieving features of type [CoordSys] from 1. End Effector servo-1
2026-09-14 15:11:58,712 INFO  ExportHelperExtension.cs: 1136 - Found 22 in 1. End Effector servo-1
2026-09-14 15:11:58,713 INFO  ExportHelperExtension.cs: 1145 - Found 0 features of type [CoordSys] in 1. End Effector servo-1
2026-09-14 15:11:58,714 INFO  ExportHelperExtension.cs: 1125 - Retrieving features of type [CoordSys] from 9. Prong Mounts-1
2026-09-14 15:11:58,715 INFO  ExportHelperExtension.cs: 1136 - Found 22 in 9. Prong Mounts-1
2026-09-14 15:11:58,715 INFO  ExportHelperExtension.cs: 1145 - Found 0 features of type [CoordSys] in 9. Prong Mounts-1
2026-09-14 15:11:58,716 INFO  ExportHelperExtension.cs: 1125 - Retrieving features of type [CoordSys] from 2. Right Limit-1
2026-09-14 15:11:58,717 INFO  ExportHelperExtension.cs: 1136 - Found 22 in 2. Right Limit-1
2026-09-14 15:11:58,718 INFO  ExportHelperExtension.cs: 1145 - Found 0 features of type [CoordSys] in 2. Right Limit-1
2026-09-14 15:11:58,718 INFO  ExportHelperExtension.cs: 1125 - Retrieving features of type [CoordSys] from 6. Right Prong-1
2026-09-14 15:11:58,719 INFO  ExportHelperExtension.cs: 1136 - Found 22 in 6. Right Prong-1
2026-09-14 15:11:58,720 INFO  ExportHelperExtension.cs: 1145 - Found 0 features of type [CoordSys] in 6. Right Prong-1
2026-09-14 15:11:58,721 INFO  ExportHelperExtension.cs: 1125 - Retrieving features of type [CoordSys] from 7. Left Mount-1
2026-09-14 15:11:58,722 INFO  ExportHelperExtension.cs: 1136 - Found 22 in 7. Left Mount-1
2026-09-14 15:11:58,723 INFO  ExportHelperExtension.cs: 1145 - Found 0 features of type [CoordSys] in 7. Left Mount-1
2026-09-14 15:11:58,724 INFO  ExportHelperExtension.cs: 1125 - Retrieving features of type [CoordSys] from 3. Left Limitt-1
2026-09-14 15:11:58,725 INFO  ExportHelperExtension.cs: 1136 - Found 22 in 3. Left Limitt-1
2026-09-14 15:11:58,726 INFO  ExportHelperExtension.cs: 1145 - Found 0 features of type [CoordSys] in 3. Left Limitt-1
2026-09-14 15:11:58,727 INFO  ExportHelperExtension.cs: 1125 - Retrieving features of type [CoordSys] from 5. Right Mount-1
2026-09-14 15:11:58,728 INFO  ExportHelperExtension.cs: 1136 - Found 22 in 5. Right Mount-1
2026-09-14 15:11:58,729 INFO  ExportHelperExtension.cs: 1145 - Found 0 features of type [CoordSys] in 5. Right Mount-1
2026-09-14 15:11:58,730 INFO  ExportHelperExtension.cs: 1125 - Retrieving features of type [CoordSys] from 8. Left Prong-1
2026-09-14 15:11:58,731 INFO  ExportHelperExtension.cs: 1136 - Found 22 in 8. Left Prong-1
2026-09-14 15:11:58,732 INFO  ExportHelperExtension.cs: 1145 - Found 0 features of type [CoordSys] in 8. Left Prong-1
2026-09-14 15:11:58,733 INFO  ExportHelperExtension.cs: 1125 - Retrieving features of type [CoordSys] from 4. Left Hook-1
2026-09-14 15:11:58,735 INFO  ExportHelperExtension.cs: 1136 - Found 22 in 4. Left Hook-1
2026-09-14 15:11:58,736 INFO  ExportHelperExtension.cs: 1145 - Found 0 features of type [CoordSys] in 4. Left Hook-1
2026-09-14 15:11:58,737 INFO  ExportHelperExtension.cs: 1125 - Retrieving features of type [CoordSys] from 11. Right Hook-1
2026-09-14 15:11:58,738 INFO  ExportHelperExtension.cs: 1136 - Found 22 in 11. Right Hook-1
2026-09-14 15:11:58,739 INFO  ExportHelperExtension.cs: 1145 - Found 0 features of type [CoordSys] in 11. Right Hook-1
2026-09-14 15:11:58,742 INFO  ExportHelperExtension.cs: 1125 - Retrieving features of type [CoordSys] from 9. Right Tab-1
2026-09-14 15:11:58,784 INFO  ExportHelperExtension.cs: 1136 - Found 22 in 9. Right Tab-1
2026-09-14 15:11:58,786 INFO  ExportHelperExtension.cs: 1145 - Found 0 features of type [CoordSys] in 9. Right Tab-1
2026-09-14 15:11:58,787 INFO  ExportHelperExtension.cs: 1125 - Retrieving features of type [CoordSys] from 10. Left Tab-1
2026-09-14 15:11:58,788 INFO  ExportHelperExtension.cs: 1136 - Found 22 in 10. Left Tab-1
2026-09-14 15:11:58,790 INFO  ExportHelperExtension.cs: 1145 - Found 0 features of type [CoordSys] in 10. Left Tab-1
2026-09-14 15:11:58,791 INFO  ExportHelperExtension.cs: 1125 - Retrieving features of type [RefAxis] from End Effector Full Build
2026-09-14 15:11:58,793 INFO  ExportHelperExtension.cs: 1136 - Found 65 in End Effector Full Build
2026-09-14 15:11:58,795 INFO  ExportHelperExtension.cs: 1145 - Found 0 features of type [RefAxis] in End Effector Full Build
2026-09-14 15:11:58,797 INFO  ExportHelperExtension.cs: 1148 - Proceeding through assembly components
2026-09-14 15:11:58,799 INFO  ExportHelperExtension.cs: 1160 - 12 components to check
2026-09-14 15:11:58,800 INFO  ExportHelperExtension.cs: 1125 - Retrieving features of type [RefAxis] from 1. End Effector servo-1
2026-09-14 15:11:58,801 INFO  ExportHelperExtension.cs: 1136 - Found 22 in 1. End Effector servo-1
2026-09-14 15:11:58,802 INFO  ExportHelperExtension.cs: 1145 - Found 0 features of type [RefAxis] in 1. End Effector servo-1
2026-09-14 15:11:58,803 INFO  ExportHelperExtension.cs: 1125 - Retrieving features of type [RefAxis] from 9. Prong Mounts-1
2026-09-14 15:11:58,804 INFO  ExportHelperExtension.cs: 1136 - Found 22 in 9. Prong Mounts-1
2026-09-14 15:11:58,805 INFO  ExportHelperExtension.cs: 1145 - Found 0 features of type [RefAxis] in 9. Prong Mounts-1
2026-09-14 15:11:58,806 INFO  ExportHelperExtension.cs: 1125 - Retrieving features of type [RefAxis] from 2. Right Limit-1
2026-09-14 15:11:58,807 INFO  ExportHelperExtension.cs: 1136 - Found 22 in 2. Right Limit-1
2026-09-14 15:11:58,808 INFO  ExportHelperExtension.cs: 1145 - Found 0 features of type [RefAxis] in 2. Right Limit-1
2026-09-14 15:11:58,809 INFO  ExportHelperExtension.cs: 1125 - Retrieving features of type [RefAxis] from 6. Right Prong-1
2026-09-14 15:11:58,810 INFO  ExportHelperExtension.cs: 1136 - Found 22 in 6. Right Prong-1
2026-09-14 15:11:58,811 INFO  ExportHelperExtension.cs: 1145 - Found 0 features of type [RefAxis] in 6. Right Prong-1
2026-09-14 15:11:58,813 INFO  ExportHelperExtension.cs: 1125 - Retrieving features of type [RefAxis] from 7. Left Mount-1
2026-09-14 15:11:58,814 INFO  ExportHelperExtension.cs: 1136 - Found 22 in 7. Left Mount-1
2026-09-14 15:11:58,815 INFO  ExportHelperExtension.cs: 1145 - Found 0 features of type [RefAxis] in 7. Left Mount-1
2026-09-14 15:11:58,816 INFO  ExportHelperExtension.cs: 1125 - Retrieving features of type [RefAxis] from 3. Left Limitt-1
2026-09-14 15:11:58,817 INFO  ExportHelperExtension.cs: 1136 - Found 22 in 3. Left Limitt-1
2026-09-14 15:11:58,819 INFO  ExportHelperExtension.cs: 1145 - Found 0 features of type [RefAxis] in 3. Left Limitt-1
2026-09-14 15:11:58,819 INFO  ExportHelperExtension.cs: 1125 - Retrieving features of type [RefAxis] from 5. Right Mount-1
2026-09-14 15:11:58,820 INFO  ExportHelperExtension.cs: 1136 - Found 22 in 5. Right Mount-1
2026-09-14 15:11:58,821 INFO  ExportHelperExtension.cs: 1145 - Found 0 features of type [RefAxis] in 5. Right Mount-1
2026-09-14 15:11:58,822 INFO  ExportHelperExtension.cs: 1125 - Retrieving features of type [RefAxis] from 8. Left Prong-1
2026-09-14 15:11:58,823 INFO  ExportHelperExtension.cs: 1136 - Found 22 in 8. Left Prong-1
2026-09-14 15:11:58,824 INFO  ExportHelperExtension.cs: 1145 - Found 0 features of type [RefAxis] in 8. Left Prong-1
2026-09-14 15:11:58,825 INFO  ExportHelperExtension.cs: 1125 - Retrieving features of type [RefAxis] from 4. Left Hook-1
2026-09-14 15:11:58,826 INFO  ExportHelperExtension.cs: 1136 - Found 22 in 4. Left Hook-1
2026-09-14 15:11:58,826 INFO  ExportHelperExtension.cs: 1145 - Found 0 features of type [RefAxis] in 4. Left Hook-1
2026-09-14 15:11:58,827 INFO  ExportHelperExtension.cs: 1125 - Retrieving features of type [RefAxis] from 11. Right Hook-1
2026-09-14 15:11:58,829 INFO  ExportHelperExtension.cs: 1136 - Found 22 in 11. Right Hook-1
2026-09-14 15:11:58,830 INFO  ExportHelperExtension.cs: 1145 - Found 0 features of type [RefAxis] in 11. Right Hook-1
2026-09-14 15:11:58,831 INFO  ExportHelperExtension.cs: 1125 - Retrieving features of type [RefAxis] from 9. Right Tab-1
2026-09-14 15:11:58,832 INFO  ExportHelperExtension.cs: 1136 - Found 22 in 9. Right Tab-1
2026-09-14 15:11:58,833 INFO  ExportHelperExtension.cs: 1145 - Found 0 features of type [RefAxis] in 9. Right Tab-1
2026-09-14 15:11:58,834 INFO  ExportHelperExtension.cs: 1125 - Retrieving features of type [RefAxis] from 10. Left Tab-1
2026-09-14 15:11:58,835 INFO  ExportHelperExtension.cs: 1136 - Found 22 in 10. Left Tab-1
2026-09-14 15:11:58,836 INFO  ExportHelperExtension.cs: 1145 - Found 0 features of type [RefAxis] in 10. Left Tab-1
2026-09-14 15:11:59,350 INFO  SwAddin.cs: 339 - Loading config tree
2026-09-14 15:11:59,352 INFO  ExportPropertyManagerExtension.cs: 520 - Starting new configuration
2026-09-14 15:11:59,358 INFO  SwAddin.cs: 344 - Showing property manager
2026-09-14 15:13:30,189 INFO  ExportPropertyManager.cs: 1136 - OnNumberBoxTrackingCompleted called. This method no longer throws an Exception. It just silently does nothing. Ok, except for this logging message
2026-09-14 15:13:48,927 INFO  ExportPropertyManager.cs: 1136 - OnNumberBoxTrackingCompleted called. This method no longer throws an Exception. It just silently does nothing. Ok, except for this logging message
2026-09-14 15:14:23,870 INFO  ExportPropertyManager.cs: 1018 - OnComboboxSelectionChanged called. This method no longer throws an Exception. It just silently does nothing. Ok, except for this logging message
2026-09-14 15:14:27,242 INFO  ExportPropertyManager.cs: 1018 - OnComboboxSelectionChanged called. This method no longer throws an Exception. It just silently does nothing. Ok, except for this logging message
2026-09-14 15:14:30,947 INFO  ExportPropertyManager.cs: 1018 - OnComboboxSelectionChanged called. This method no longer throws an Exception. It just silently does nothing. Ok, except for this logging message
2026-09-14 15:18:06,722 INFO  ExportPropertyManager.cs: 1036 - OnListboxSelectionChanged called. This method no longer throws an Exception. It just silently does nothing. Ok, except for this logging message
2026-09-14 15:18:14,428 INFO  ExportPropertyManager.cs: 1018 - OnComboboxSelectionChanged called. This method no longer throws an Exception. It just silently does nothing. Ok, except for this logging message
2026-09-14 15:19:42,690 INFO  ExportPropertyManager.cs: 1136 - OnNumberBoxTrackingCompleted called. This method no longer throws an Exception. It just silently does nothing. Ok, except for this logging message
2026-09-14 15:20:08,008 INFO  ExportPropertyManager.cs: 1018 - OnComboboxSelectionChanged called. This method no longer throws an Exception. It just silently does nothing. Ok, except for this logging message
2026-09-14 15:23:07,248 INFO  ExportPropertyManager.cs: 422 - Configuration saved
2026-09-14 15:23:12,049 INFO  ExportHelperExtension.cs: 347 - Creating joint ring_link
2026-09-14 15:23:12,062 INFO  ExportHelperExtension.cs: 1397 - Fixing components for base_link
2026-09-14 15:23:12,063 INFO  ExportHelperExtension.cs: 1402 - Fixing 23
2026-09-14 15:23:12,064 INFO  ExportHelperExtension.cs: 1402 - Fixing 41
2026-09-14 15:23:12,064 INFO  ExportHelperExtension.cs: 1402 - Fixing 22
2026-09-14 15:23:12,065 INFO  ExportHelperExtension.cs: 1409 - Component 22 is already fixed
2026-09-14 15:23:12,418 INFO  ExportHelperExtension.cs: 832 - R1: 0, 0
2026-09-14 15:23:12,419 INFO  ExportHelperExtension.cs: 841 - R2: 0, 0
2026-09-14 15:23:12,420 INFO  ExportHelperExtension.cs: 849 - L1: 0
2026-09-14 15:23:12,420 INFO  ExportHelperExtension.cs: 857 - L2: 0
2026-09-14 15:23:12,575 INFO  ExportHelperExtension.cs: 1352 - Unfixing component 23
2026-09-14 15:23:12,576 INFO  ExportHelperExtension.cs: 1352 - Unfixing component 41
2026-09-14 15:23:15,103 WARN  ExportHelperExtension.cs: 351 - Creating joint from parent base_link to child ring_link failed
2026-09-14 15:23:15,124 INFO  ExportHelperExtension.cs: 347 - Creating joint finger_1
2026-09-14 15:23:15,125 INFO  ExportHelperExtension.cs: 1397 - Fixing components for base_link
2026-09-14 15:23:15,125 INFO  ExportHelperExtension.cs: 1402 - Fixing 23
2026-09-14 15:23:15,126 INFO  ExportHelperExtension.cs: 1402 - Fixing 41
2026-09-14 15:23:15,126 INFO  ExportHelperExtension.cs: 1402 - Fixing 22
2026-09-14 15:23:15,127 INFO  ExportHelperExtension.cs: 1409 - Component 22 is already fixed
2026-09-14 15:23:15,479 INFO  ExportHelperExtension.cs: 832 - R1: 0, 0
2026-09-14 15:23:15,480 INFO  ExportHelperExtension.cs: 841 - R2: 0, 0
2026-09-14 15:23:15,484 INFO  ExportHelperExtension.cs: 849 - L1: 0
2026-09-14 15:23:15,485 INFO  ExportHelperExtension.cs: 857 - L2: 0
2026-09-14 15:23:15,599 INFO  ExportHelperExtension.cs: 1352 - Unfixing component 23
2026-09-14 15:23:15,600 INFO  ExportHelperExtension.cs: 1352 - Unfixing component 41
2026-09-14 15:23:18,041 WARN  ExportHelperExtension.cs: 351 - Creating joint from parent base_link to child finger_1 failed
2026-09-14 15:23:18,268 INFO  ExportHelperExtension.cs: 347 - Creating joint finger_2
2026-09-14 15:23:18,268 INFO  ExportHelperExtension.cs: 1397 - Fixing components for base_link
2026-09-14 15:23:18,269 INFO  ExportHelperExtension.cs: 1402 - Fixing 23
2026-09-14 15:23:18,269 INFO  ExportHelperExtension.cs: 1402 - Fixing 41
2026-09-14 15:23:18,270 INFO  ExportHelperExtension.cs: 1402 - Fixing 22
2026-09-14 15:23:18,270 INFO  ExportHelperExtension.cs: 1409 - Component 22 is already fixed
2026-09-14 15:23:18,594 INFO  ExportHelperExtension.cs: 832 - R1: 0, 0
2026-09-14 15:23:18,595 INFO  ExportHelperExtension.cs: 841 - R2: 0, 0
2026-09-14 15:23:18,595 INFO  ExportHelperExtension.cs: 849 - L1: 0
2026-09-14 15:23:18,596 INFO  ExportHelperExtension.cs: 857 - L2: 0
2026-09-14 15:23:18,596 INFO  ExportHelperExtension.cs: 1352 - Unfixing component 23
2026-09-14 15:23:18,597 INFO  ExportHelperExtension.cs: 1352 - Unfixing component 41
2026-09-14 15:23:21,060 WARN  ExportHelperExtension.cs: 351 - Creating joint from parent base_link to child finger_2 failed
2026-09-14 15:23:21,514 INFO  ExportHelperExtension.cs: 1125 - Retrieving features of type [CoordSys] from End Effector Full Build
2026-09-14 15:23:21,520 INFO  ExportHelperExtension.cs: 1136 - Found 71 in End Effector Full Build
2026-09-14 15:23:21,521 INFO  ExportHelperExtension.cs: 1145 - Found 4 features of type [CoordSys] in End Effector Full Build
2026-09-14 15:23:21,522 INFO  ExportHelperExtension.cs: 1148 - Proceeding through assembly components
2026-09-14 15:23:21,523 INFO  ExportHelperExtension.cs: 1160 - 12 components to check
2026-09-14 15:23:21,525 INFO  ExportHelperExtension.cs: 1125 - Retrieving features of type [CoordSys] from 1. End Effector servo-1
2026-09-14 15:23:21,594 INFO  ExportHelperExtension.cs: 1136 - Found 22 in 1. End Effector servo-1
2026-09-14 15:23:21,595 INFO  ExportHelperExtension.cs: 1145 - Found 0 features of type [CoordSys] in 1. End Effector servo-1
2026-09-14 15:23:21,596 INFO  ExportHelperExtension.cs: 1125 - Retrieving features of type [CoordSys] from 9. Prong Mounts-1
2026-09-14 15:23:21,596 INFO  ExportHelperExtension.cs: 1136 - Found 22 in 9. Prong Mounts-1
2026-09-14 15:23:21,597 INFO  ExportHelperExtension.cs: 1145 - Found 0 features of type [CoordSys] in 9. Prong Mounts-1
2026-09-14 15:23:21,598 INFO  ExportHelperExtension.cs: 1125 - Retrieving features of type [CoordSys] from 2. Right Limit-1
2026-09-14 15:23:21,599 INFO  ExportHelperExtension.cs: 1136 - Found 22 in 2. Right Limit-1
2026-09-14 15:23:21,600 INFO  ExportHelperExtension.cs: 1145 - Found 0 features of type [CoordSys] in 2. Right Limit-1
2026-09-14 15:23:21,602 INFO  ExportHelperExtension.cs: 1125 - Retrieving features of type [CoordSys] from 6. Right Prong-1
2026-09-14 15:23:21,603 INFO  ExportHelperExtension.cs: 1136 - Found 22 in 6. Right Prong-1
2026-09-14 15:23:21,604 INFO  ExportHelperExtension.cs: 1145 - Found 0 features of type [CoordSys] in 6. Right Prong-1
2026-09-14 15:23:21,605 INFO  ExportHelperExtension.cs: 1125 - Retrieving features of type [CoordSys] from 7. Left Mount-1
2026-09-14 15:23:21,607 INFO  ExportHelperExtension.cs: 1136 - Found 22 in 7. Left Mount-1
2026-09-14 15:23:21,608 INFO  ExportHelperExtension.cs: 1145 - Found 0 features of type [CoordSys] in 7. Left Mount-1
2026-09-14 15:23:21,608 INFO  ExportHelperExtension.cs: 1125 - Retrieving features of type [CoordSys] from 3. Left Limitt-1
2026-09-14 15:23:21,609 INFO  ExportHelperExtension.cs: 1136 - Found 22 in 3. Left Limitt-1
2026-09-14 15:23:21,610 INFO  ExportHelperExtension.cs: 1145 - Found 0 features of type [CoordSys] in 3. Left Limitt-1
2026-09-14 15:23:21,611 INFO  ExportHelperExtension.cs: 1125 - Retrieving features of type [CoordSys] from 5. Right Mount-1
2026-09-14 15:23:21,612 INFO  ExportHelperExtension.cs: 1136 - Found 22 in 5. Right Mount-1
2026-09-14 15:23:21,612 INFO  ExportHelperExtension.cs: 1145 - Found 0 features of type [CoordSys] in 5. Right Mount-1
2026-09-14 15:23:21,613 INFO  ExportHelperExtension.cs: 1125 - Retrieving features of type [CoordSys] from 8. Left Prong-1
2026-09-14 15:23:21,614 INFO  ExportHelperExtension.cs: 1136 - Found 22 in 8. Left Prong-1
2026-09-14 15:23:21,615 INFO  ExportHelperExtension.cs: 1145 - Found 0 features of type [CoordSys] in 8. Left Prong-1
2026-09-14 15:23:21,616 INFO  ExportHelperExtension.cs: 1125 - Retrieving features of type [CoordSys] from 4. Left Hook-1
2026-09-14 15:23:21,617 INFO  ExportHelperExtension.cs: 1136 - Found 22 in 4. Left Hook-1
2026-09-14 15:23:21,618 INFO  ExportHelperExtension.cs: 1145 - Found 0 features of type [CoordSys] in 4. Left Hook-1
2026-09-14 15:23:21,619 INFO  ExportHelperExtension.cs: 1125 - Retrieving features of type [CoordSys] from 11. Right Hook-1
2026-09-14 15:23:21,620 INFO  ExportHelperExtension.cs: 1136 - Found 22 in 11. Right Hook-1
2026-09-14 15:23:21,621 INFO  ExportHelperExtension.cs: 1145 - Found 0 features of type [CoordSys] in 11. Right Hook-1
2026-09-14 15:23:21,622 INFO  ExportHelperExtension.cs: 1125 - Retrieving features of type [CoordSys] from 9. Right Tab-1
2026-09-14 15:23:21,622 INFO  ExportHelperExtension.cs: 1136 - Found 22 in 9. Right Tab-1
2026-09-14 15:23:21,623 INFO  ExportHelperExtension.cs: 1145 - Found 0 features of type [CoordSys] in 9. Right Tab-1
2026-09-14 15:23:21,624 INFO  ExportHelperExtension.cs: 1125 - Retrieving features of type [CoordSys] from 10. Left Tab-1
2026-09-14 15:23:21,625 INFO  ExportHelperExtension.cs: 1136 - Found 22 in 10. Left Tab-1
2026-09-14 15:23:21,625 INFO  ExportHelperExtension.cs: 1145 - Found 0 features of type [CoordSys] in 10. Left Tab-1
2026-09-14 15:23:21,626 INFO  ExportHelperExtension.cs: 1125 - Retrieving features of type [RefAxis] from End Effector Full Build
2026-09-14 15:23:21,626 INFO  ExportHelperExtension.cs: 1136 - Found 71 in End Effector Full Build
2026-09-14 15:23:21,627 INFO  ExportHelperExtension.cs: 1145 - Found 0 features of type [RefAxis] in End Effector Full Build
2026-09-14 15:23:21,628 INFO  ExportHelperExtension.cs: 1148 - Proceeding through assembly components
2026-09-14 15:23:21,628 INFO  ExportHelperExtension.cs: 1160 - 12 components to check
2026-09-14 15:23:21,629 INFO  ExportHelperExtension.cs: 1125 - Retrieving features of type [RefAxis] from 1. End Effector servo-1
2026-09-14 15:23:21,629 INFO  ExportHelperExtension.cs: 1136 - Found 22 in 1. End Effector servo-1
2026-09-14 15:23:21,630 INFO  ExportHelperExtension.cs: 1145 - Found 0 features of type [RefAxis] in 1. End Effector servo-1
2026-09-14 15:23:21,631 INFO  ExportHelperExtension.cs: 1125 - Retrieving features of type [RefAxis] from 9. Prong Mounts-1
2026-09-14 15:23:21,631 INFO  ExportHelperExtension.cs: 1136 - Found 22 in 9. Prong Mounts-1
2026-09-14 15:23:21,632 INFO  ExportHelperExtension.cs: 1145 - Found 0 features of type [RefAxis] in 9. Prong Mounts-1
2026-09-14 15:23:21,633 INFO  ExportHelperExtension.cs: 1125 - Retrieving features of type [RefAxis] from 2. Right Limit-1
2026-09-14 15:23:21,634 INFO  ExportHelperExtension.cs: 1136 - Found 22 in 2. Right Limit-1
2026-09-14 15:23:21,635 INFO  ExportHelperExtension.cs: 1145 - Found 0 features of type [RefAxis] in 2. Right Limit-1
2026-09-14 15:23:21,636 INFO  ExportHelperExtension.cs: 1125 - Retrieving features of type [RefAxis] from 6. Right Prong-1
2026-09-14 15:23:21,637 INFO  ExportHelperExtension.cs: 1136 - Found 22 in 6. Right Prong-1
2026-09-14 15:23:21,638 INFO  ExportHelperExtension.cs: 1145 - Found 0 features of type [RefAxis] in 6. Right Prong-1
2026-09-14 15:23:21,638 INFO  ExportHelperExtension.cs: 1125 - Retrieving features of type [RefAxis] from 7. Left Mount-1
2026-09-14 15:23:21,639 INFO  ExportHelperExtension.cs: 1136 - Found 22 in 7. Left Mount-1
2026-09-14 15:23:21,640 INFO  ExportHelperExtension.cs: 1145 - Found 0 features of type [RefAxis] in 7. Left Mount-1
2026-09-14 15:23:21,640 INFO  ExportHelperExtension.cs: 1125 - Retrieving features of type [RefAxis] from 3. Left Limitt-1
2026-09-14 15:23:21,641 INFO  ExportHelperExtension.cs: 1136 - Found 22 in 3. Left Limitt-1
2026-09-14 15:23:21,642 INFO  ExportHelperExtension.cs: 1145 - Found 0 features of type [RefAxis] in 3. Left Limitt-1
2026-09-14 15:23:21,642 INFO  ExportHelperExtension.cs: 1125 - Retrieving features of type [RefAxis] from 5. Right Mount-1
2026-09-14 15:23:21,643 INFO  ExportHelperExtension.cs: 1136 - Found 22 in 5. Right Mount-1
2026-09-14 15:23:21,643 INFO  ExportHelperExtension.cs: 1145 - Found 0 features of type [RefAxis] in 5. Right Mount-1
2026-09-14 15:23:21,644 INFO  ExportHelperExtension.cs: 1125 - Retrieving features of type [RefAxis] from 8. Left Prong-1
2026-09-14 15:23:21,645 INFO  ExportHelperExtension.cs: 1136 - Found 22 in 8. Left Prong-1
2026-09-14 15:23:21,645 INFO  ExportHelperExtension.cs: 1145 - Found 0 features of type [RefAxis] in 8. Left Prong-1
2026-09-14 15:23:21,646 INFO  ExportHelperExtension.cs: 1125 - Retrieving features of type [RefAxis] from 4. Left Hook-1
2026-09-14 15:23:21,647 INFO  ExportHelperExtension.cs: 1136 - Found 22 in 4. Left Hook-1
2026-09-14 15:23:21,647 INFO  ExportHelperExtension.cs: 1145 - Found 0 features of type [RefAxis] in 4. Left Hook-1
2026-09-14 15:23:21,648 INFO  ExportHelperExtension.cs: 1125 - Retrieving features of type [RefAxis] from 11. Right Hook-1
2026-09-14 15:23:21,649 INFO  ExportHelperExtension.cs: 1136 - Found 22 in 11. Right Hook-1
2026-09-14 15:23:21,650 INFO  ExportHelperExtension.cs: 1145 - Found 0 features of type [RefAxis] in 11. Right Hook-1
2026-09-14 15:23:21,650 INFO  ExportHelperExtension.cs: 1125 - Retrieving features of type [RefAxis] from 9. Right Tab-1
2026-09-14 15:23:21,651 INFO  ExportHelperExtension.cs: 1136 - Found 22 in 9. Right Tab-1
2026-09-14 15:23:21,652 INFO  ExportHelperExtension.cs: 1145 - Found 0 features of type [RefAxis] in 9. Right Tab-1
2026-09-14 15:23:21,652 INFO  ExportHelperExtension.cs: 1125 - Retrieving features of type [RefAxis] from 10. Left Tab-1
2026-09-14 15:23:21,653 INFO  ExportHelperExtension.cs: 1136 - Found 22 in 10. Left Tab-1
2026-09-14 15:23:21,653 INFO  ExportHelperExtension.cs: 1145 - Found 0 features of type [RefAxis] in 10. Left Tab-1
2026-09-14 15:23:21,777 INFO  ExportPropertyManager.cs: 1142 - AfterClose called. This method no longer throws an Exception. It just silently does nothing. Ok, except for this logging message
2026-09-14 15:28:26,808 INFO  SwAddin.cs: 294 - Assembly export called for file End Effector Full Build
2026-09-14 15:28:26,809 INFO  SwAddin.cs: 299 - Save is required
2026-09-14 15:28:26,810 INFO  SwAddin.cs: 313 - Saving assembly
2026-09-14 15:28:27,154 INFO  SwAddin.cs: 316 - Opening property manager
2026-09-14 15:28:27,155 INFO  ExportHelperExtension.cs: 1125 - Retrieving features of type [CoordSys] from End Effector Full Build
2026-09-14 15:28:27,156 INFO  ExportHelperExtension.cs: 1136 - Found 68 in End Effector Full Build
2026-09-14 15:28:27,157 INFO  ExportHelperExtension.cs: 1145 - Found 2 features of type [CoordSys] in End Effector Full Build
2026-09-14 15:28:27,157 INFO  ExportHelperExtension.cs: 1148 - Proceeding through assembly components
2026-09-14 15:28:27,158 INFO  ExportHelperExtension.cs: 1160 - 12 components to check
2026-09-14 15:28:27,159 INFO  ExportHelperExtension.cs: 1125 - Retrieving features of type [CoordSys] from 1. End Effector servo-1
2026-09-14 15:28:27,159 INFO  ExportHelperExtension.cs: 1136 - Found 22 in 1. End Effector servo-1
2026-09-14 15:28:27,160 INFO  ExportHelperExtension.cs: 1145 - Found 0 features of type [CoordSys] in 1. End Effector servo-1
2026-09-14 15:28:27,161 INFO  ExportHelperExtension.cs: 1125 - Retrieving features of type [CoordSys] from 9. Prong Mounts-1
2026-09-14 15:28:27,163 INFO  ExportHelperExtension.cs: 1136 - Found 22 in 9. Prong Mounts-1
2026-09-14 15:28:27,164 INFO  ExportHelperExtension.cs: 1145 - Found 0 features of type [CoordSys] in 9. Prong Mounts-1
2026-09-14 15:28:27,164 INFO  ExportHelperExtension.cs: 1125 - Retrieving features of type [CoordSys] from 2. Right Limit-1
2026-09-14 15:28:27,166 INFO  ExportHelperExtension.cs: 1136 - Found 22 in 2. Right Limit-1
2026-09-14 15:28:27,167 INFO  ExportHelperExtension.cs: 1145 - Found 0 features of type [CoordSys] in 2. Right Limit-1
2026-09-14 15:28:27,168 INFO  ExportHelperExtension.cs: 1125 - Retrieving features of type [CoordSys] from 6. Right Prong-1
2026-09-14 15:28:27,181 INFO  ExportHelperExtension.cs: 1136 - Found 22 in 6. Right Prong-1
2026-09-14 15:28:27,182 INFO  ExportHelperExtension.cs: 1145 - Found 0 features of type [CoordSys] in 6. Right Prong-1
2026-09-14 15:28:27,183 INFO  ExportHelperExtension.cs: 1125 - Retrieving features of type [CoordSys] from 7. Left Mount-1
2026-09-14 15:28:27,184 INFO  ExportHelperExtension.cs: 1136 - Found 22 in 7. Left Mount-1
2026-09-14 15:28:27,185 INFO  ExportHelperExtension.cs: 1145 - Found 0 features of type [CoordSys] in 7. Left Mount-1
2026-09-14 15:28:27,185 INFO  ExportHelperExtension.cs: 1125 - Retrieving features of type [CoordSys] from 3. Left Limitt-1
2026-09-14 15:28:27,186 INFO  ExportHelperExtension.cs: 1136 - Found 22 in 3. Left Limitt-1
2026-09-14 15:28:27,187 INFO  ExportHelperExtension.cs: 1145 - Found 0 features of type [CoordSys] in 3. Left Limitt-1
2026-09-14 15:28:27,188 INFO  ExportHelperExtension.cs: 1125 - Retrieving features of type [CoordSys] from 5. Right Mount-1
2026-09-14 15:28:27,189 INFO  ExportHelperExtension.cs: 1136 - Found 22 in 5. Right Mount-1
2026-09-14 15:28:27,189 INFO  ExportHelperExtension.cs: 1145 - Found 0 features of type [CoordSys] in 5. Right Mount-1
2026-09-14 15:28:27,190 INFO  ExportHelperExtension.cs: 1125 - Retrieving features of type [CoordSys] from 8. Left Prong-1
2026-09-14 15:28:27,191 INFO  ExportHelperExtension.cs: 1136 - Found 22 in 8. Left Prong-1
2026-09-14 15:28:27,191 INFO  ExportHelperExtension.cs: 1145 - Found 0 features of type [CoordSys] in 8. Left Prong-1
2026-09-14 15:28:27,192 INFO  ExportHelperExtension.cs: 1125 - Retrieving features of type [CoordSys] from 4. Left Hook-1
2026-09-14 15:28:27,193 INFO  ExportHelperExtension.cs: 1136 - Found 22 in 4. Left Hook-1
2026-09-14 15:28:27,193 INFO  ExportHelperExtension.cs: 1145 - Found 0 features of type [CoordSys] in 4. Left Hook-1
2026-09-14 15:28:27,194 INFO  ExportHelperExtension.cs: 1125 - Retrieving features of type [CoordSys] from 11. Right Hook-1
2026-09-14 15:28:27,195 INFO  ExportHelperExtension.cs: 1136 - Found 22 in 11. Right Hook-1
2026-09-14 15:28:27,196 INFO  ExportHelperExtension.cs: 1145 - Found 0 features of type [CoordSys] in 11. Right Hook-1
2026-09-14 15:28:27,196 INFO  ExportHelperExtension.cs: 1125 - Retrieving features of type [CoordSys] from 9. Right Tab-1
2026-09-14 15:28:27,197 INFO  ExportHelperExtension.cs: 1136 - Found 22 in 9. Right Tab-1
2026-09-14 15:28:27,198 INFO  ExportHelperExtension.cs: 1145 - Found 0 features of type [CoordSys] in 9. Right Tab-1
2026-09-14 15:28:27,199 INFO  ExportHelperExtension.cs: 1125 - Retrieving features of type [CoordSys] from 10. Left Tab-1
2026-09-14 15:28:27,200 INFO  ExportHelperExtension.cs: 1136 - Found 22 in 10. Left Tab-1
2026-09-14 15:28:27,200 INFO  ExportHelperExtension.cs: 1145 - Found 0 features of type [CoordSys] in 10. Left Tab-1
2026-09-14 15:28:27,201 INFO  ExportHelperExtension.cs: 1125 - Retrieving features of type [RefAxis] from End Effector Full Build
2026-09-14 15:28:27,202 INFO  ExportHelperExtension.cs: 1136 - Found 68 in End Effector Full Build
2026-09-14 15:28:27,202 INFO  ExportHelperExtension.cs: 1145 - Found 1 features of type [RefAxis] in End Effector Full Build
2026-09-14 15:28:27,203 INFO  ExportHelperExtension.cs: 1148 - Proceeding through assembly components
2026-09-14 15:28:27,203 INFO  ExportHelperExtension.cs: 1160 - 12 components to check
2026-09-14 15:28:27,204 INFO  ExportHelperExtension.cs: 1125 - Retrieving features of type [RefAxis] from 1. End Effector servo-1
2026-09-14 15:28:27,204 INFO  ExportHelperExtension.cs: 1136 - Found 22 in 1. End Effector servo-1
2026-09-14 15:28:27,205 INFO  ExportHelperExtension.cs: 1145 - Found 0 features of type [RefAxis] in 1. End Effector servo-1
2026-09-14 15:28:27,206 INFO  ExportHelperExtension.cs: 1125 - Retrieving features of type [RefAxis] from 9. Prong Mounts-1
2026-09-14 15:28:27,206 INFO  ExportHelperExtension.cs: 1136 - Found 22 in 9. Prong Mounts-1
2026-09-14 15:28:27,207 INFO  ExportHelperExtension.cs: 1145 - Found 0 features of type [RefAxis] in 9. Prong Mounts-1
2026-09-14 15:28:27,207 INFO  ExportHelperExtension.cs: 1125 - Retrieving features of type [RefAxis] from 2. Right Limit-1
2026-09-14 15:28:27,208 INFO  ExportHelperExtension.cs: 1136 - Found 22 in 2. Right Limit-1
2026-09-14 15:28:27,209 INFO  ExportHelperExtension.cs: 1145 - Found 0 features of type [RefAxis] in 2. Right Limit-1
2026-09-14 15:28:27,209 INFO  ExportHelperExtension.cs: 1125 - Retrieving features of type [RefAxis] from 6. Right Prong-1
2026-09-14 15:28:27,210 INFO  ExportHelperExtension.cs: 1136 - Found 22 in 6. Right Prong-1
2026-09-14 15:28:27,210 INFO  ExportHelperExtension.cs: 1145 - Found 0 features of type [RefAxis] in 6. Right Prong-1
2026-09-14 15:28:27,211 INFO  ExportHelperExtension.cs: 1125 - Retrieving features of type [RefAxis] from 7. Left Mount-1
2026-09-14 15:28:27,212 INFO  ExportHelperExtension.cs: 1136 - Found 22 in 7. Left Mount-1
2026-09-14 15:28:27,212 INFO  ExportHelperExtension.cs: 1145 - Found 0 features of type [RefAxis] in 7. Left Mount-1
2026-09-14 15:28:27,213 INFO  ExportHelperExtension.cs: 1125 - Retrieving features of type [RefAxis] from 3. Left Limitt-1
2026-09-14 15:28:27,214 INFO  ExportHelperExtension.cs: 1136 - Found 22 in 3. Left Limitt-1
2026-09-14 15:28:27,214 INFO  ExportHelperExtension.cs: 1145 - Found 0 features of type [RefAxis] in 3. Left Limitt-1
2026-09-14 15:28:27,215 INFO  ExportHelperExtension.cs: 1125 - Retrieving features of type [RefAxis] from 5. Right Mount-1
2026-09-14 15:28:27,216 INFO  ExportHelperExtension.cs: 1136 - Found 22 in 5. Right Mount-1
2026-09-14 15:28:27,216 INFO  ExportHelperExtension.cs: 1145 - Found 0 features of type [RefAxis] in 5. Right Mount-1
2026-09-14 15:28:27,217 INFO  ExportHelperExtension.cs: 1125 - Retrieving features of type [RefAxis] from 8. Left Prong-1
2026-09-14 15:28:27,217 INFO  ExportHelperExtension.cs: 1136 - Found 22 in 8. Left Prong-1
2026-09-14 15:28:27,218 INFO  ExportHelperExtension.cs: 1145 - Found 0 features of type [RefAxis] in 8. Left Prong-1
2026-09-14 15:28:27,218 INFO  ExportHelperExtension.cs: 1125 - Retrieving features of type [RefAxis] from 4. Left Hook-1
2026-09-14 15:28:27,219 INFO  ExportHelperExtension.cs: 1136 - Found 22 in 4. Left Hook-1
2026-09-14 15:28:27,219 INFO  ExportHelperExtension.cs: 1145 - Found 0 features of type [RefAxis] in 4. Left Hook-1
2026-09-14 15:28:27,220 INFO  ExportHelperExtension.cs: 1125 - Retrieving features of type [RefAxis] from 11. Right Hook-1
2026-09-14 15:28:27,220 INFO  ExportHelperExtension.cs: 1136 - Found 22 in 11. Right Hook-1
2026-09-14 15:28:27,221 INFO  ExportHelperExtension.cs: 1145 - Found 0 features of type [RefAxis] in 11. Right Hook-1
2026-09-14 15:28:27,222 INFO  ExportHelperExtension.cs: 1125 - Retrieving features of type [RefAxis] from 9. Right Tab-1
2026-09-14 15:28:27,222 INFO  ExportHelperExtension.cs: 1136 - Found 22 in 9. Right Tab-1
2026-09-14 15:28:27,223 INFO  ExportHelperExtension.cs: 1145 - Found 0 features of type [RefAxis] in 9. Right Tab-1
2026-09-14 15:28:27,223 INFO  ExportHelperExtension.cs: 1125 - Retrieving features of type [RefAxis] from 10. Left Tab-1
2026-09-14 15:28:27,224 INFO  ExportHelperExtension.cs: 1136 - Found 22 in 10. Left Tab-1
2026-09-14 15:28:27,224 INFO  ExportHelperExtension.cs: 1145 - Found 0 features of type [RefAxis] in 10. Left Tab-1
2026-09-14 15:28:27,481 INFO  SwAddin.cs: 339 - Loading config tree
2026-09-14 15:28:27,482 INFO  ExportPropertyManagerExtension.cs: 520 - Starting new configuration
2026-09-14 15:28:27,486 INFO  SwAddin.cs: 344 - Showing property manager
2026-09-14 15:28:40,530 INFO  ExportPropertyManager.cs: 1136 - OnNumberBoxTrackingCompleted called. This method no longer throws an Exception. It just silently does nothing. Ok, except for this logging message
2026-09-14 15:28:53,728 INFO  ExportPropertyManager.cs: 1018 - OnComboboxSelectionChanged called. This method no longer throws an Exception. It just silently does nothing. Ok, except for this logging message
2026-09-14 15:28:56,854 INFO  ExportPropertyManager.cs: 1018 - OnComboboxSelectionChanged called. This method no longer throws an Exception. It just silently does nothing. Ok, except for this logging message
2026-09-14 15:29:01,352 INFO  ExportPropertyManager.cs: 1018 - OnComboboxSelectionChanged called. This method no longer throws an Exception. It just silently does nothing. Ok, except for this logging message
2026-09-14 15:29:40,926 INFO  ExportPropertyManager.cs: 1142 - AfterClose called. This method no longer throws an Exception. It just silently does nothing. Ok, except for this logging message
2026-09-14 15:29:45,942 INFO  SwAddin.cs: 294 - Assembly export called for file End Effector Full Build
2026-09-14 15:29:47,533 INFO  SwAddin.cs: 313 - Saving assembly
2026-09-14 15:29:47,705 INFO  SwAddin.cs: 316 - Opening property manager
2026-09-14 15:29:47,706 INFO  ExportHelperExtension.cs: 1125 - Retrieving features of type [CoordSys] from End Effector Full Build
2026-09-14 15:29:47,707 INFO  ExportHelperExtension.cs: 1136 - Found 68 in End Effector Full Build
2026-09-14 15:29:47,708 INFO  ExportHelperExtension.cs: 1145 - Found 2 features of type [CoordSys] in End Effector Full Build
2026-09-14 15:29:47,709 INFO  ExportHelperExtension.cs: 1148 - Proceeding through assembly components
2026-09-14 15:29:47,709 INFO  ExportHelperExtension.cs: 1160 - 12 components to check
2026-09-14 15:29:47,710 INFO  ExportHelperExtension.cs: 1125 - Retrieving features of type [CoordSys] from 1. End Effector servo-1
2026-09-14 15:29:47,711 INFO  ExportHelperExtension.cs: 1136 - Found 22 in 1. End Effector servo-1
2026-09-14 15:29:47,711 INFO  ExportHelperExtension.cs: 1145 - Found 0 features of type [CoordSys] in 1. End Effector servo-1
2026-09-14 15:29:47,712 INFO  ExportHelperExtension.cs: 1125 - Retrieving features of type [CoordSys] from 9. Prong Mounts-1
2026-09-14 15:29:47,713 INFO  ExportHelperExtension.cs: 1136 - Found 22 in 9. Prong Mounts-1
2026-09-14 15:29:47,714 INFO  ExportHelperExtension.cs: 1145 - Found 0 features of type [CoordSys] in 9. Prong Mounts-1
2026-09-14 15:29:47,714 INFO  ExportHelperExtension.cs: 1125 - Retrieving features of type [CoordSys] from 2. Right Limit-1
2026-09-14 15:29:47,715 INFO  ExportHelperExtension.cs: 1136 - Found 22 in 2. Right Limit-1
2026-09-14 15:29:47,717 INFO  ExportHelperExtension.cs: 1145 - Found 0 features of type [CoordSys] in 2. Right Limit-1
2026-09-14 15:29:47,718 INFO  ExportHelperExtension.cs: 1125 - Retrieving features of type [CoordSys] from 6. Right Prong-1
2026-09-14 15:29:47,719 INFO  ExportHelperExtension.cs: 1136 - Found 22 in 6. Right Prong-1
2026-09-14 15:29:47,720 INFO  ExportHelperExtension.cs: 1145 - Found 0 features of type [CoordSys] in 6. Right Prong-1
2026-09-14 15:29:47,721 INFO  ExportHelperExtension.cs: 1125 - Retrieving features of type [CoordSys] from 7. Left Mount-1
2026-09-14 15:29:47,722 INFO  ExportHelperExtension.cs: 1136 - Found 22 in 7. Left Mount-1
2026-09-14 15:29:47,723 INFO  ExportHelperExtension.cs: 1145 - Found 0 features of type [CoordSys] in 7. Left Mount-1
2026-09-14 15:29:47,724 INFO  ExportHelperExtension.cs: 1125 - Retrieving features of type [CoordSys] from 3. Left Limitt-1
2026-09-14 15:29:47,725 INFO  ExportHelperExtension.cs: 1136 - Found 22 in 3. Left Limitt-1
2026-09-14 15:29:47,725 INFO  ExportHelperExtension.cs: 1145 - Found 0 features of type [CoordSys] in 3. Left Limitt-1
2026-09-14 15:29:47,726 INFO  ExportHelperExtension.cs: 1125 - Retrieving features of type [CoordSys] from 5. Right Mount-1
2026-09-14 15:29:47,727 INFO  ExportHelperExtension.cs: 1136 - Found 22 in 5. Right Mount-1
2026-09-14 15:29:47,728 INFO  ExportHelperExtension.cs: 1145 - Found 0 features of type [CoordSys] in 5. Right Mount-1
2026-09-14 15:29:47,729 INFO  ExportHelperExtension.cs: 1125 - Retrieving features of type [CoordSys] from 8. Left Prong-1
2026-09-14 15:29:47,730 INFO  ExportHelperExtension.cs: 1136 - Found 22 in 8. Left Prong-1
2026-09-14 15:29:47,731 INFO  ExportHelperExtension.cs: 1145 - Found 0 features of type [CoordSys] in 8. Left Prong-1
2026-09-14 15:29:47,732 INFO  ExportHelperExtension.cs: 1125 - Retrieving features of type [CoordSys] from 4. Left Hook-1
2026-09-14 15:29:47,733 INFO  ExportHelperExtension.cs: 1136 - Found 22 in 4. Left Hook-1
2026-09-14 15:29:47,734 INFO  ExportHelperExtension.cs: 1145 - Found 0 features of type [CoordSys] in 4. Left Hook-1
2026-09-14 15:29:47,737 INFO  ExportHelperExtension.cs: 1125 - Retrieving features of type [CoordSys] from 11. Right Hook-1
2026-09-14 15:29:47,781 INFO  ExportHelperExtension.cs: 1136 - Found 22 in 11. Right Hook-1
2026-09-14 15:29:47,782 INFO  ExportHelperExtension.cs: 1145 - Found 0 features of type [CoordSys] in 11. Right Hook-1
2026-09-14 15:29:47,783 INFO  ExportHelperExtension.cs: 1125 - Retrieving features of type [CoordSys] from 9. Right Tab-1
2026-09-14 15:29:47,786 INFO  ExportHelperExtension.cs: 1136 - Found 22 in 9. Right Tab-1
2026-09-14 15:29:47,787 INFO  ExportHelperExtension.cs: 1145 - Found 0 features of type [CoordSys] in 9. Right Tab-1
2026-09-14 15:29:47,788 INFO  ExportHelperExtension.cs: 1125 - Retrieving features of type [CoordSys] from 10. Left Tab-1
2026-09-14 15:29:47,790 INFO  ExportHelperExtension.cs: 1136 - Found 22 in 10. Left Tab-1
2026-09-14 15:29:47,792 INFO  ExportHelperExtension.cs: 1145 - Found 0 features of type [CoordSys] in 10. Left Tab-1
2026-09-14 15:29:47,793 INFO  ExportHelperExtension.cs: 1125 - Retrieving features of type [RefAxis] from End Effector Full Build
2026-09-14 15:29:47,794 INFO  ExportHelperExtension.cs: 1136 - Found 68 in End Effector Full Build
2026-09-14 15:29:47,796 INFO  ExportHelperExtension.cs: 1145 - Found 1 features of type [RefAxis] in End Effector Full Build
2026-09-14 15:29:47,796 INFO  ExportHelperExtension.cs: 1148 - Proceeding through assembly components
2026-09-14 15:29:47,797 INFO  ExportHelperExtension.cs: 1160 - 12 components to check
2026-09-14 15:29:47,798 INFO  ExportHelperExtension.cs: 1125 - Retrieving features of type [RefAxis] from 1. End Effector servo-1
2026-09-14 15:29:47,799 INFO  ExportHelperExtension.cs: 1136 - Found 22 in 1. End Effector servo-1
2026-09-14 15:29:47,800 INFO  ExportHelperExtension.cs: 1145 - Found 0 features of type [RefAxis] in 1. End Effector servo-1
2026-09-14 15:29:47,801 INFO  ExportHelperExtension.cs: 1125 - Retrieving features of type [RefAxis] from 9. Prong Mounts-1
2026-09-14 15:29:47,802 INFO  ExportHelperExtension.cs: 1136 - Found 22 in 9. Prong Mounts-1
2026-09-14 15:29:47,804 INFO  ExportHelperExtension.cs: 1145 - Found 0 features of type [RefAxis] in 9. Prong Mounts-1
2026-09-14 15:29:47,805 INFO  ExportHelperExtension.cs: 1125 - Retrieving features of type [RefAxis] from 2. Right Limit-1
2026-09-14 15:29:47,806 INFO  ExportHelperExtension.cs: 1136 - Found 22 in 2. Right Limit-1
2026-09-14 15:29:47,808 INFO  ExportHelperExtension.cs: 1145 - Found 0 features of type [RefAxis] in 2. Right Limit-1
2026-09-14 15:29:47,809 INFO  ExportHelperExtension.cs: 1125 - Retrieving features of type [RefAxis] from 6. Right Prong-1
2026-09-14 15:29:47,810 INFO  ExportHelperExtension.cs: 1136 - Found 22 in 6. Right Prong-1
2026-09-14 15:29:47,812 INFO  ExportHelperExtension.cs: 1145 - Found 0 features of type [RefAxis] in 6. Right Prong-1
2026-09-14 15:29:47,812 INFO  ExportHelperExtension.cs: 1125 - Retrieving features of type [RefAxis] from 7. Left Mount-1
2026-09-14 15:29:47,812 INFO  ExportHelperExtension.cs: 1136 - Found 22 in 7. Left Mount-1
2026-09-14 15:29:47,814 INFO  ExportHelperExtension.cs: 1145 - Found 0 features of type [RefAxis] in 7. Left Mount-1
2026-09-14 15:29:47,814 INFO  ExportHelperExtension.cs: 1125 - Retrieving features of type [RefAxis] from 3. Left Limitt-1
2026-09-14 15:29:47,815 INFO  ExportHelperExtension.cs: 1136 - Found 22 in 3. Left Limitt-1
2026-09-14 15:29:47,817 INFO  ExportHelperExtension.cs: 1145 - Found 0 features of type [RefAxis] in 3. Left Limitt-1
2026-09-14 15:29:47,818 INFO  ExportHelperExtension.cs: 1125 - Retrieving features of type [RefAxis] from 5. Right Mount-1
2026-09-14 15:29:47,819 INFO  ExportHelperExtension.cs: 1136 - Found 22 in 5. Right Mount-1
2026-09-14 15:29:47,820 INFO  ExportHelperExtension.cs: 1145 - Found 0 features of type [RefAxis] in 5. Right Mount-1
2026-09-14 15:29:47,821 INFO  ExportHelperExtension.cs: 1125 - Retrieving features of type [RefAxis] from 8. Left Prong-1
2026-09-14 15:29:47,822 INFO  ExportHelperExtension.cs: 1136 - Found 22 in 8. Left Prong-1
2026-09-14 15:29:47,823 INFO  ExportHelperExtension.cs: 1145 - Found 0 features of type [RefAxis] in 8. Left Prong-1
2026-09-14 15:29:47,824 INFO  ExportHelperExtension.cs: 1125 - Retrieving features of type [RefAxis] from 4. Left Hook-1
2026-09-14 15:29:47,826 INFO  ExportHelperExtension.cs: 1136 - Found 22 in 4. Left Hook-1
2026-09-14 15:29:47,827 INFO  ExportHelperExtension.cs: 1145 - Found 0 features of type [RefAxis] in 4. Left Hook-1
2026-09-14 15:29:47,828 INFO  ExportHelperExtension.cs: 1125 - Retrieving features of type [RefAxis] from 11. Right Hook-1
2026-09-14 15:29:47,829 INFO  ExportHelperExtension.cs: 1136 - Found 22 in 11. Right Hook-1
2026-09-14 15:29:47,830 INFO  ExportHelperExtension.cs: 1145 - Found 0 features of type [RefAxis] in 11. Right Hook-1
2026-09-14 15:29:47,831 INFO  ExportHelperExtension.cs: 1125 - Retrieving features of type [RefAxis] from 9. Right Tab-1
2026-09-14 15:29:47,831 INFO  ExportHelperExtension.cs: 1136 - Found 22 in 9. Right Tab-1
2026-09-14 15:29:47,832 INFO  ExportHelperExtension.cs: 1145 - Found 0 features of type [RefAxis] in 9. Right Tab-1
2026-09-14 15:29:47,833 INFO  ExportHelperExtension.cs: 1125 - Retrieving features of type [RefAxis] from 10. Left Tab-1
2026-09-14 15:29:47,833 INFO  ExportHelperExtension.cs: 1136 - Found 22 in 10. Left Tab-1
2026-09-14 15:29:47,835 INFO  ExportHelperExtension.cs: 1145 - Found 0 features of type [RefAxis] in 10. Left Tab-1
2026-09-14 15:29:47,970 INFO  SwAddin.cs: 339 - Loading config tree
2026-09-14 15:29:47,971 INFO  ExportPropertyManagerExtension.cs: 520 - Starting new configuration
2026-09-14 15:29:47,975 INFO  SwAddin.cs: 344 - Showing property manager
2026-09-14 15:30:10,755 INFO  ExportPropertyManager.cs: 1136 - OnNumberBoxTrackingCompleted called. This method no longer throws an Exception. It just silently does nothing. Ok, except for this logging message
2026-09-14 15:30:37,667 INFO  ExportPropertyManager.cs: 1018 - OnComboboxSelectionChanged called. This method no longer throws an Exception. It just silently does nothing. Ok, except for this logging message
2026-09-14 15:30:39,543 INFO  ExportPropertyManager.cs: 1018 - OnComboboxSelectionChanged called. This method no longer throws an Exception. It just silently does nothing. Ok, except for this logging message
2026-09-14 15:30:41,977 INFO  ExportPropertyManager.cs: 1018 - OnComboboxSelectionChanged called. This method no longer throws an Exception. It just silently does nothing. Ok, except for this logging message
2026-09-14 15:31:05,884 INFO  ExportPropertyManager.cs: 1018 - OnComboboxSelectionChanged called. This method no longer throws an Exception. It just silently does nothing. Ok, except for this logging message
2026-09-14 15:31:21,168 INFO  ExportPropertyManager.cs: 1018 - OnComboboxSelectionChanged called. This method no longer throws an Exception. It just silently does nothing. Ok, except for this logging message
2026-09-14 15:31:30,619 INFO  ExportPropertyManager.cs: 1018 - OnComboboxSelectionChanged called. This method no longer throws an Exception. It just silently does nothing. Ok, except for this logging message
2026-09-14 15:31:48,771 INFO  ExportPropertyManager.cs: 1018 - OnComboboxSelectionChanged called. This method no longer throws an Exception. It just silently does nothing. Ok, except for this logging message
2026-09-14 15:31:50,871 INFO  ExportPropertyManager.cs: 1018 - OnComboboxSelectionChanged called. This method no longer throws an Exception. It just silently does nothing. Ok, except for this logging message
2026-09-14 15:31:57,857 INFO  ExportPropertyManager.cs: 422 - Configuration saved
2026-09-14 15:32:01,562 INFO  ExportHelperExtension.cs: 347 - Creating joint ring_link
2026-09-14 15:32:01,630 WARN  ExportHelperExtension.cs: 351 - Creating joint from parent base_link to child ring_link failed
2026-09-14 15:32:01,651 INFO  ExportHelperExtension.cs: 347 - Creating joint finger_1
2026-09-14 15:32:01,652 INFO  ExportHelperExtension.cs: 1397 - Fixing components for base_link
2026-09-14 15:32:01,653 INFO  ExportHelperExtension.cs: 1402 - Fixing 23
2026-09-14 15:32:01,653 INFO  ExportHelperExtension.cs: 1402 - Fixing 41
2026-09-14 15:32:01,654 INFO  ExportHelperExtension.cs: 1402 - Fixing 22
2026-09-14 15:32:01,655 INFO  ExportHelperExtension.cs: 1409 - Component 22 is already fixed
2026-09-14 15:32:02,027 INFO  ExportHelperExtension.cs: 832 - R1: 0, 0
2026-09-14 15:32:02,028 INFO  ExportHelperExtension.cs: 841 - R2: 0, 0
2026-09-14 15:32:02,028 INFO  ExportHelperExtension.cs: 849 - L1: 0
2026-09-14 15:32:02,029 INFO  ExportHelperExtension.cs: 857 - L2: 0
2026-09-14 15:32:02,030 INFO  ExportHelperExtension.cs: 1352 - Unfixing component 23
2026-09-14 15:32:02,034 INFO  ExportHelperExtension.cs: 1352 - Unfixing component 41
2026-09-14 15:32:02,501 WARN  ExportHelperExtension.cs: 351 - Creating joint from parent base_link to child finger_1 failed
2026-09-14 15:32:02,732 INFO  ExportHelperExtension.cs: 347 - Creating joint finger_2
2026-09-14 15:32:02,732 INFO  ExportHelperExtension.cs: 1397 - Fixing components for base_link
2026-09-14 15:32:02,733 INFO  ExportHelperExtension.cs: 1402 - Fixing 23
2026-09-14 15:32:02,733 INFO  ExportHelperExtension.cs: 1402 - Fixing 41
2026-09-14 15:32:02,734 INFO  ExportHelperExtension.cs: 1402 - Fixing 22
2026-09-14 15:32:02,734 INFO  ExportHelperExtension.cs: 1409 - Component 22 is already fixed
2026-09-14 15:32:03,073 INFO  ExportHelperExtension.cs: 832 - R1: 0, 0
2026-09-14 15:32:03,074 INFO  ExportHelperExtension.cs: 841 - R2: 0, 0
2026-09-14 15:32:03,075 INFO  ExportHelperExtension.cs: 849 - L1: 0
2026-09-14 15:32:03,075 INFO  ExportHelperExtension.cs: 857 - L2: 0
2026-09-14 15:32:03,076 INFO  ExportHelperExtension.cs: 1352 - Unfixing component 23
2026-09-14 15:32:03,077 INFO  ExportHelperExtension.cs: 1352 - Unfixing component 41
2026-09-14 15:32:03,450 WARN  ExportHelperExtension.cs: 351 - Creating joint from parent base_link to child finger_2 failed
2026-09-14 15:32:03,848 INFO  ExportHelperExtension.cs: 1125 - Retrieving features of type [CoordSys] from End Effector Full Build
2026-09-14 15:32:03,849 INFO  ExportHelperExtension.cs: 1136 - Found 71 in End Effector Full Build
2026-09-14 15:32:03,850 INFO  ExportHelperExtension.cs: 1145 - Found 3 features of type [CoordSys] in End Effector Full Build
2026-09-14 15:32:03,851 INFO  ExportHelperExtension.cs: 1148 - Proceeding through assembly components
2026-09-14 15:32:03,851 INFO  ExportHelperExtension.cs: 1160 - 12 components to check
2026-09-14 15:32:03,852 INFO  ExportHelperExtension.cs: 1125 - Retrieving features of type [CoordSys] from 1. End Effector servo-1
2026-09-14 15:32:03,853 INFO  ExportHelperExtension.cs: 1136 - Found 22 in 1. End Effector servo-1
2026-09-14 15:32:03,853 INFO  ExportHelperExtension.cs: 1145 - Found 0 features of type [CoordSys] in 1. End Effector servo-1
2026-09-14 15:32:03,854 INFO  ExportHelperExtension.cs: 1125 - Retrieving features of type [CoordSys] from 9. Prong Mounts-1
2026-09-14 15:32:03,933 INFO  ExportHelperExtension.cs: 1136 - Found 22 in 9. Prong Mounts-1
2026-09-14 15:32:03,934 INFO  ExportHelperExtension.cs: 1145 - Found 0 features of type [CoordSys] in 9. Prong Mounts-1
2026-09-14 15:32:03,935 INFO  ExportHelperExtension.cs: 1125 - Retrieving features of type [CoordSys] from 2. Right Limit-1
2026-09-14 15:32:03,936 INFO  ExportHelperExtension.cs: 1136 - Found 22 in 2. Right Limit-1
2026-09-14 15:32:03,938 INFO  ExportHelperExtension.cs: 1145 - Found 0 features of type [CoordSys] in 2. Right Limit-1
2026-09-14 15:32:03,939 INFO  ExportHelperExtension.cs: 1125 - Retrieving features of type [CoordSys] from 6. Right Prong-1
2026-09-14 15:32:03,941 INFO  ExportHelperExtension.cs: 1136 - Found 22 in 6. Right Prong-1
2026-09-14 15:32:03,942 INFO  ExportHelperExtension.cs: 1145 - Found 0 features of type [CoordSys] in 6. Right Prong-1
2026-09-14 15:32:03,943 INFO  ExportHelperExtension.cs: 1125 - Retrieving features of type [CoordSys] from 7. Left Mount-1
2026-09-14 15:32:03,944 INFO  ExportHelperExtension.cs: 1136 - Found 22 in 7. Left Mount-1
2026-09-14 15:32:03,945 INFO  ExportHelperExtension.cs: 1145 - Found 0 features of type [CoordSys] in 7. Left Mount-1
2026-09-14 15:32:03,945 INFO  ExportHelperExtension.cs: 1125 - Retrieving features of type [CoordSys] from 3. Left Limitt-1
2026-09-14 15:32:03,946 INFO  ExportHelperExtension.cs: 1136 - Found 22 in 3. Left Limitt-1
2026-09-14 15:32:03,947 INFO  ExportHelperExtension.cs: 1145 - Found 0 features of type [CoordSys] in 3. Left Limitt-1
2026-09-14 15:32:03,948 INFO  ExportHelperExtension.cs: 1125 - Retrieving features of type [CoordSys] from 5. Right Mount-1
2026-09-14 15:32:03,948 INFO  ExportHelperExtension.cs: 1136 - Found 22 in 5. Right Mount-1
2026-09-14 15:32:03,949 INFO  ExportHelperExtension.cs: 1145 - Found 0 features of type [CoordSys] in 5. Right Mount-1
2026-09-14 15:32:03,949 INFO  ExportHelperExtension.cs: 1125 - Retrieving features of type [CoordSys] from 8. Left Prong-1
2026-09-14 15:32:03,950 INFO  ExportHelperExtension.cs: 1136 - Found 22 in 8. Left Prong-1
2026-09-14 15:32:03,951 INFO  ExportHelperExtension.cs: 1145 - Found 0 features of type [CoordSys] in 8. Left Prong-1
2026-09-14 15:32:03,951 INFO  ExportHelperExtension.cs: 1125 - Retrieving features of type [CoordSys] from 4. Left Hook-1
2026-09-14 15:32:03,952 INFO  ExportHelperExtension.cs: 1136 - Found 22 in 4. Left Hook-1
2026-09-14 15:32:03,953 INFO  ExportHelperExtension.cs: 1145 - Found 0 features of type [CoordSys] in 4. Left Hook-1
2026-09-14 15:32:03,953 INFO  ExportHelperExtension.cs: 1125 - Retrieving features of type [CoordSys] from 11. Right Hook-1
2026-09-14 15:32:03,954 INFO  ExportHelperExtension.cs: 1136 - Found 22 in 11. Right Hook-1
2026-09-14 15:32:03,955 INFO  ExportHelperExtension.cs: 1145 - Found 0 features of type [CoordSys] in 11. Right Hook-1
2026-09-14 15:32:03,956 INFO  ExportHelperExtension.cs: 1125 - Retrieving features of type [CoordSys] from 9. Right Tab-1
2026-09-14 15:32:03,957 INFO  ExportHelperExtension.cs: 1136 - Found 22 in 9. Right Tab-1
2026-09-14 15:32:03,958 INFO  ExportHelperExtension.cs: 1145 - Found 0 features of type [CoordSys] in 9. Right Tab-1
2026-09-14 15:32:03,959 INFO  ExportHelperExtension.cs: 1125 - Retrieving features of type [CoordSys] from 10. Left Tab-1
2026-09-14 15:32:03,961 INFO  ExportHelperExtension.cs: 1136 - Found 22 in 10. Left Tab-1
2026-09-14 15:32:03,963 INFO  ExportHelperExtension.cs: 1145 - Found 0 features of type [CoordSys] in 10. Left Tab-1
2026-09-14 15:32:03,964 INFO  ExportHelperExtension.cs: 1125 - Retrieving features of type [RefAxis] from End Effector Full Build
2026-09-14 15:32:03,965 INFO  ExportHelperExtension.cs: 1136 - Found 71 in End Effector Full Build
2026-09-14 15:32:03,966 INFO  ExportHelperExtension.cs: 1145 - Found 1 features of type [RefAxis] in End Effector Full Build
2026-09-14 15:32:03,967 INFO  ExportHelperExtension.cs: 1148 - Proceeding through assembly components
2026-09-14 15:32:03,967 INFO  ExportHelperExtension.cs: 1160 - 12 components to check
2026-09-14 15:32:03,968 INFO  ExportHelperExtension.cs: 1125 - Retrieving features of type [RefAxis] from 1. End Effector servo-1
2026-09-14 15:32:03,969 INFO  ExportHelperExtension.cs: 1136 - Found 22 in 1. End Effector servo-1
2026-09-14 15:32:03,970 INFO  ExportHelperExtension.cs: 1145 - Found 0 features of type [RefAxis] in 1. End Effector servo-1
2026-09-14 15:32:03,971 INFO  ExportHelperExtension.cs: 1125 - Retrieving features of type [RefAxis] from 9. Prong Mounts-1
2026-09-14 15:32:03,971 INFO  ExportHelperExtension.cs: 1136 - Found 22 in 9. Prong Mounts-1
2026-09-14 15:32:03,972 INFO  ExportHelperExtension.cs: 1145 - Found 0 features of type [RefAxis] in 9. Prong Mounts-1
2026-09-14 15:32:03,973 INFO  ExportHelperExtension.cs: 1125 - Retrieving features of type [RefAxis] from 2. Right Limit-1
2026-09-14 15:32:03,974 INFO  ExportHelperExtension.cs: 1136 - Found 22 in 2. Right Limit-1
2026-09-14 15:32:03,975 INFO  ExportHelperExtension.cs: 1145 - Found 0 features of type [RefAxis] in 2. Right Limit-1
2026-09-14 15:32:03,976 INFO  ExportHelperExtension.cs: 1125 - Retrieving features of type [RefAxis] from 6. Right Prong-1
2026-09-14 15:32:03,976 INFO  ExportHelperExtension.cs: 1136 - Found 22 in 6. Right Prong-1
2026-09-14 15:32:03,977 INFO  ExportHelperExtension.cs: 1145 - Found 0 features of type [RefAxis] in 6. Right Prong-1
2026-09-14 15:32:03,978 INFO  ExportHelperExtension.cs: 1125 - Retrieving features of type [RefAxis] from 7. Left Mount-1
2026-09-14 15:32:03,979 INFO  ExportHelperExtension.cs: 1136 - Found 22 in 7. Left Mount-1
2026-09-14 15:32:03,980 INFO  ExportHelperExtension.cs: 1145 - Found 0 features of type [RefAxis] in 7. Left Mount-1
2026-09-14 15:32:03,980 INFO  ExportHelperExtension.cs: 1125 - Retrieving features of type [RefAxis] from 3. Left Limitt-1
2026-09-14 15:32:03,981 INFO  ExportHelperExtension.cs: 1136 - Found 22 in 3. Left Limitt-1
2026-09-14 15:32:03,982 INFO  ExportHelperExtension.cs: 1145 - Found 0 features of type [RefAxis] in 3. Left Limitt-1
2026-09-14 15:32:03,982 INFO  ExportHelperExtension.cs: 1125 - Retrieving features of type [RefAxis] from 5. Right Mount-1
2026-09-14 15:32:03,983 INFO  ExportHelperExtension.cs: 1136 - Found 22 in 5. Right Mount-1
2026-09-14 15:32:03,983 INFO  ExportHelperExtension.cs: 1145 - Found 0 features of type [RefAxis] in 5. Right Mount-1
2026-09-14 15:32:03,984 INFO  ExportHelperExtension.cs: 1125 - Retrieving features of type [RefAxis] from 8. Left Prong-1
2026-09-14 15:32:03,985 INFO  ExportHelperExtension.cs: 1136 - Found 22 in 8. Left Prong-1
2026-09-14 15:32:03,985 INFO  ExportHelperExtension.cs: 1145 - Found 0 features of type [RefAxis] in 8. Left Prong-1
2026-09-14 15:32:03,986 INFO  ExportHelperExtension.cs: 1125 - Retrieving features of type [RefAxis] from 4. Left Hook-1
2026-09-14 15:32:03,987 INFO  ExportHelperExtension.cs: 1136 - Found 22 in 4. Left Hook-1
2026-09-14 15:32:03,987 INFO  ExportHelperExtension.cs: 1145 - Found 0 features of type [RefAxis] in 4. Left Hook-1
2026-09-14 15:32:03,988 INFO  ExportHelperExtension.cs: 1125 - Retrieving features of type [RefAxis] from 11. Right Hook-1
2026-09-14 15:32:03,989 INFO  ExportHelperExtension.cs: 1136 - Found 22 in 11. Right Hook-1
2026-09-14 15:32:03,990 INFO  ExportHelperExtension.cs: 1145 - Found 0 features of type [RefAxis] in 11. Right Hook-1
2026-09-14 15:32:03,991 INFO  ExportHelperExtension.cs: 1125 - Retrieving features of type [RefAxis] from 9. Right Tab-1
2026-09-14 15:32:03,992 INFO  ExportHelperExtension.cs: 1136 - Found 22 in 9. Right Tab-1
2026-09-14 15:32:03,993 INFO  ExportHelperExtension.cs: 1145 - Found 0 features of type [RefAxis] in 9. Right Tab-1
2026-09-14 15:32:03,994 INFO  ExportHelperExtension.cs: 1125 - Retrieving features of type [RefAxis] from 10. Left Tab-1
2026-09-14 15:32:03,995 INFO  ExportHelperExtension.cs: 1136 - Found 22 in 10. Left Tab-1
2026-09-14 15:32:03,995 INFO  ExportHelperExtension.cs: 1145 - Found 0 features of type [RefAxis] in 10. Left Tab-1
2026-09-14 15:32:04,138 INFO  ExportPropertyManager.cs: 1142 - AfterClose called. This method no longer throws an Exception. It just silently does nothing. Ok, except for this logging message
2026-09-14 15:34:08,070 INFO  SwAddin.cs: 294 - Assembly export called for file End Effector Full Build
2026-09-14 15:34:08,072 INFO  SwAddin.cs: 299 - Save is required
2026-09-14 15:34:08,073 INFO  SwAddin.cs: 313 - Saving assembly
2026-09-14 15:34:08,396 INFO  SwAddin.cs: 316 - Opening property manager
2026-09-14 15:34:08,397 INFO  ExportHelperExtension.cs: 1125 - Retrieving features of type [CoordSys] from End Effector Full Build
2026-09-14 15:34:08,399 INFO  ExportHelperExtension.cs: 1136 - Found 69 in End Effector Full Build
2026-09-14 15:34:08,400 INFO  ExportHelperExtension.cs: 1145 - Found 3 features of type [CoordSys] in End Effector Full Build
2026-09-14 15:34:08,401 INFO  ExportHelperExtension.cs: 1148 - Proceeding through assembly components
2026-09-14 15:34:08,402 INFO  ExportHelperExtension.cs: 1160 - 12 components to check
2026-09-14 15:34:08,402 INFO  ExportHelperExtension.cs: 1125 - Retrieving features of type [CoordSys] from 1. End Effector servo-1
2026-09-14 15:34:08,403 INFO  ExportHelperExtension.cs: 1136 - Found 22 in 1. End Effector servo-1
2026-09-14 15:34:08,404 INFO  ExportHelperExtension.cs: 1145 - Found 0 features of type [CoordSys] in 1. End Effector servo-1
2026-09-14 15:34:08,405 INFO  ExportHelperExtension.cs: 1125 - Retrieving features of type [CoordSys] from 9. Prong Mounts-1
2026-09-14 15:34:08,405 INFO  ExportHelperExtension.cs: 1136 - Found 22 in 9. Prong Mounts-1
2026-09-14 15:34:08,406 INFO  ExportHelperExtension.cs: 1145 - Found 0 features of type [CoordSys] in 9. Prong Mounts-1
2026-09-14 15:34:08,407 INFO  ExportHelperExtension.cs: 1125 - Retrieving features of type [CoordSys] from 2. Right Limit-1
2026-09-14 15:34:08,408 INFO  ExportHelperExtension.cs: 1136 - Found 22 in 2. Right Limit-1
2026-09-14 15:34:08,409 INFO  ExportHelperExtension.cs: 1145 - Found 0 features of type [CoordSys] in 2. Right Limit-1
2026-09-14 15:34:08,410 INFO  ExportHelperExtension.cs: 1125 - Retrieving features of type [CoordSys] from 6. Right Prong-1
2026-09-14 15:34:08,411 INFO  ExportHelperExtension.cs: 1136 - Found 22 in 6. Right Prong-1
2026-09-14 15:34:08,413 INFO  ExportHelperExtension.cs: 1145 - Found 0 features of type [CoordSys] in 6. Right Prong-1
2026-09-14 15:34:08,414 INFO  ExportHelperExtension.cs: 1125 - Retrieving features of type [CoordSys] from 7. Left Mount-1
2026-09-14 15:34:08,415 INFO  ExportHelperExtension.cs: 1136 - Found 22 in 7. Left Mount-1
2026-09-14 15:34:08,416 INFO  ExportHelperExtension.cs: 1145 - Found 0 features of type [CoordSys] in 7. Left Mount-1
2026-09-14 15:34:08,417 INFO  ExportHelperExtension.cs: 1125 - Retrieving features of type [CoordSys] from 3. Left Limitt-1
2026-09-14 15:34:08,418 INFO  ExportHelperExtension.cs: 1136 - Found 22 in 3. Left Limitt-1
2026-09-14 15:34:08,419 INFO  ExportHelperExtension.cs: 1145 - Found 0 features of type [CoordSys] in 3. Left Limitt-1
2026-09-14 15:34:08,420 INFO  ExportHelperExtension.cs: 1125 - Retrieving features of type [CoordSys] from 5. Right Mount-1
2026-09-14 15:34:08,421 INFO  ExportHelperExtension.cs: 1136 - Found 22 in 5. Right Mount-1
2026-09-14 15:34:08,422 INFO  ExportHelperExtension.cs: 1145 - Found 0 features of type [CoordSys] in 5. Right Mount-1
2026-09-14 15:34:08,422 INFO  ExportHelperExtension.cs: 1125 - Retrieving features of type [CoordSys] from 8. Left Prong-1
2026-09-14 15:34:08,423 INFO  ExportHelperExtension.cs: 1136 - Found 22 in 8. Left Prong-1
2026-09-14 15:34:08,424 INFO  ExportHelperExtension.cs: 1145 - Found 0 features of type [CoordSys] in 8. Left Prong-1
2026-09-14 15:34:08,425 INFO  ExportHelperExtension.cs: 1125 - Retrieving features of type [CoordSys] from 4. Left Hook-1
2026-09-14 15:34:08,426 INFO  ExportHelperExtension.cs: 1136 - Found 22 in 4. Left Hook-1
2026-09-14 15:34:08,427 INFO  ExportHelperExtension.cs: 1145 - Found 0 features of type [CoordSys] in 4. Left Hook-1
2026-09-14 15:34:08,427 INFO  ExportHelperExtension.cs: 1125 - Retrieving features of type [CoordSys] from 11. Right Hook-1
2026-09-14 15:34:08,428 INFO  ExportHelperExtension.cs: 1136 - Found 22 in 11. Right Hook-1
2026-09-14 15:34:08,429 INFO  ExportHelperExtension.cs: 1145 - Found 0 features of type [CoordSys] in 11. Right Hook-1
2026-09-14 15:34:08,432 INFO  ExportHelperExtension.cs: 1125 - Retrieving features of type [CoordSys] from 9. Right Tab-1
2026-09-14 15:34:08,483 INFO  ExportHelperExtension.cs: 1136 - Found 22 in 9. Right Tab-1
2026-09-14 15:34:08,484 INFO  ExportHelperExtension.cs: 1145 - Found 0 features of type [CoordSys] in 9. Right Tab-1
2026-09-14 15:34:08,485 INFO  ExportHelperExtension.cs: 1125 - Retrieving features of type [CoordSys] from 10. Left Tab-1
2026-09-14 15:34:08,486 INFO  ExportHelperExtension.cs: 1136 - Found 22 in 10. Left Tab-1
2026-09-14 15:34:08,488 INFO  ExportHelperExtension.cs: 1145 - Found 0 features of type [CoordSys] in 10. Left Tab-1
2026-09-14 15:34:08,489 INFO  ExportHelperExtension.cs: 1125 - Retrieving features of type [RefAxis] from End Effector Full Build
2026-09-14 15:34:08,490 INFO  ExportHelperExtension.cs: 1136 - Found 69 in End Effector Full Build
2026-09-14 15:34:08,491 INFO  ExportHelperExtension.cs: 1145 - Found 1 features of type [RefAxis] in End Effector Full Build
2026-09-14 15:34:08,492 INFO  ExportHelperExtension.cs: 1148 - Proceeding through assembly components
2026-09-14 15:34:08,493 INFO  ExportHelperExtension.cs: 1160 - 12 components to check
2026-09-14 15:34:08,494 INFO  ExportHelperExtension.cs: 1125 - Retrieving features of type [RefAxis] from 1. End Effector servo-1
2026-09-14 15:34:08,495 INFO  ExportHelperExtension.cs: 1136 - Found 22 in 1. End Effector servo-1
2026-09-14 15:34:08,496 INFO  ExportHelperExtension.cs: 1145 - Found 0 features of type [RefAxis] in 1. End Effector servo-1
2026-09-14 15:34:08,498 INFO  ExportHelperExtension.cs: 1125 - Retrieving features of type [RefAxis] from 9. Prong Mounts-1
2026-09-14 15:34:08,500 INFO  ExportHelperExtension.cs: 1136 - Found 22 in 9. Prong Mounts-1
2026-09-14 15:34:08,501 INFO  ExportHelperExtension.cs: 1145 - Found 0 features of type [RefAxis] in 9. Prong Mounts-1
2026-09-14 15:34:08,502 INFO  ExportHelperExtension.cs: 1125 - Retrieving features of type [RefAxis] from 2. Right Limit-1
2026-09-14 15:34:08,504 INFO  ExportHelperExtension.cs: 1136 - Found 22 in 2. Right Limit-1
2026-09-14 15:34:08,505 INFO  ExportHelperExtension.cs: 1145 - Found 0 features of type [RefAxis] in 2. Right Limit-1
2026-09-14 15:34:08,506 INFO  ExportHelperExtension.cs: 1125 - Retrieving features of type [RefAxis] from 6. Right Prong-1
2026-09-14 15:34:08,506 INFO  ExportHelperExtension.cs: 1136 - Found 22 in 6. Right Prong-1
2026-09-14 15:34:08,507 INFO  ExportHelperExtension.cs: 1145 - Found 0 features of type [RefAxis] in 6. Right Prong-1
2026-09-14 15:34:08,508 INFO  ExportHelperExtension.cs: 1125 - Retrieving features of type [RefAxis] from 7. Left Mount-1
2026-09-14 15:34:08,509 INFO  ExportHelperExtension.cs: 1136 - Found 22 in 7. Left Mount-1
2026-09-14 15:34:08,510 INFO  ExportHelperExtension.cs: 1145 - Found 0 features of type [RefAxis] in 7. Left Mount-1
2026-09-14 15:34:08,510 INFO  ExportHelperExtension.cs: 1125 - Retrieving features of type [RefAxis] from 3. Left Limitt-1
2026-09-14 15:34:08,511 INFO  ExportHelperExtension.cs: 1136 - Found 22 in 3. Left Limitt-1
2026-09-14 15:34:08,512 INFO  ExportHelperExtension.cs: 1145 - Found 0 features of type [RefAxis] in 3. Left Limitt-1
2026-09-14 15:34:08,512 INFO  ExportHelperExtension.cs: 1125 - Retrieving features of type [RefAxis] from 5. Right Mount-1
2026-09-14 15:34:08,513 INFO  ExportHelperExtension.cs: 1136 - Found 22 in 5. Right Mount-1
2026-09-14 15:34:08,514 INFO  ExportHelperExtension.cs: 1145 - Found 0 features of type [RefAxis] in 5. Right Mount-1
2026-09-14 15:34:08,515 INFO  ExportHelperExtension.cs: 1125 - Retrieving features of type [RefAxis] from 8. Left Prong-1
2026-09-14 15:34:08,516 INFO  ExportHelperExtension.cs: 1136 - Found 22 in 8. Left Prong-1
2026-09-14 15:34:08,517 INFO  ExportHelperExtension.cs: 1145 - Found 0 features of type [RefAxis] in 8. Left Prong-1
2026-09-14 15:34:08,518 INFO  ExportHelperExtension.cs: 1125 - Retrieving features of type [RefAxis] from 4. Left Hook-1
2026-09-14 15:34:08,519 INFO  ExportHelperExtension.cs: 1136 - Found 22 in 4. Left Hook-1
2026-09-14 15:34:08,519 INFO  ExportHelperExtension.cs: 1145 - Found 0 features of type [RefAxis] in 4. Left Hook-1
2026-09-14 15:34:08,520 INFO  ExportHelperExtension.cs: 1125 - Retrieving features of type [RefAxis] from 11. Right Hook-1
2026-09-14 15:34:08,521 INFO  ExportHelperExtension.cs: 1136 - Found 22 in 11. Right Hook-1
2026-09-14 15:34:08,522 INFO  ExportHelperExtension.cs: 1145 - Found 0 features of type [RefAxis] in 11. Right Hook-1
2026-09-14 15:34:08,523 INFO  ExportHelperExtension.cs: 1125 - Retrieving features of type [RefAxis] from 9. Right Tab-1
2026-09-14 15:34:08,523 INFO  ExportHelperExtension.cs: 1136 - Found 22 in 9. Right Tab-1
2026-09-14 15:34:08,524 INFO  ExportHelperExtension.cs: 1145 - Found 0 features of type [RefAxis] in 9. Right Tab-1
2026-09-14 15:34:08,525 INFO  ExportHelperExtension.cs: 1125 - Retrieving features of type [RefAxis] from 10. Left Tab-1
2026-09-14 15:34:08,526 INFO  ExportHelperExtension.cs: 1136 - Found 22 in 10. Left Tab-1
2026-09-14 15:34:08,526 INFO  ExportHelperExtension.cs: 1145 - Found 0 features of type [RefAxis] in 10. Left Tab-1
2026-09-14 15:34:08,838 INFO  SwAddin.cs: 339 - Loading config tree
2026-09-14 15:34:08,839 INFO  ExportPropertyManagerExtension.cs: 520 - Starting new configuration
2026-09-14 15:34:08,843 INFO  SwAddin.cs: 344 - Showing property manager
2026-09-14 15:34:15,369 INFO  ExportPropertyManager.cs: 1136 - OnNumberBoxTrackingCompleted called. This method no longer throws an Exception. It just silently does nothing. Ok, except for this logging message
2026-09-14 15:34:28,353 INFO  ExportPropertyManager.cs: 1018 - OnComboboxSelectionChanged called. This method no longer throws an Exception. It just silently does nothing. Ok, except for this logging message
2026-09-14 15:34:30,768 INFO  ExportPropertyManager.cs: 1018 - OnComboboxSelectionChanged called. This method no longer throws an Exception. It just silently does nothing. Ok, except for this logging message
2026-09-14 15:34:40,160 INFO  ExportPropertyManager.cs: 1018 - OnComboboxSelectionChanged called. This method no longer throws an Exception. It just silently does nothing. Ok, except for this logging message
2026-09-14 15:34:55,952 INFO  ExportPropertyManager.cs: 1018 - OnComboboxSelectionChanged called. This method no longer throws an Exception. It just silently does nothing. Ok, except for this logging message
2026-09-14 15:35:01,345 INFO  ExportPropertyManager.cs: 1018 - OnComboboxSelectionChanged called. This method no longer throws an Exception. It just silently does nothing. Ok, except for this logging message
2026-09-14 15:35:22,596 INFO  ExportPropertyManager.cs: 1018 - OnComboboxSelectionChanged called. This method no longer throws an Exception. It just silently does nothing. Ok, except for this logging message
2026-09-14 15:35:24,963 INFO  ExportPropertyManager.cs: 1018 - OnComboboxSelectionChanged called. This method no longer throws an Exception. It just silently does nothing. Ok, except for this logging message
2026-09-14 15:35:32,112 INFO  ExportPropertyManager.cs: 422 - Configuration saved
2026-09-14 15:35:35,810 INFO  ExportHelperExtension.cs: 347 - Creating joint ring_link
2026-09-14 15:35:35,849 WARN  ExportHelperExtension.cs: 351 - Creating joint from parent base_link to child ring_link failed
2026-09-14 15:35:36,113 INFO  ExportHelperExtension.cs: 347 - Creating joint finger_1
2026-09-14 15:35:36,113 INFO  ExportHelperExtension.cs: 1397 - Fixing components for base_link
2026-09-14 15:35:36,114 INFO  ExportHelperExtension.cs: 1402 - Fixing 22
2026-09-14 15:35:36,114 INFO  ExportHelperExtension.cs: 1409 - Component 22 is already fixed
2026-09-14 15:35:36,115 INFO  ExportHelperExtension.cs: 1402 - Fixing 41
2026-09-14 15:35:36,116 INFO  ExportHelperExtension.cs: 1402 - Fixing 23
2026-09-14 15:35:36,462 INFO  ExportHelperExtension.cs: 832 - R1: 0, 0
2026-09-14 15:35:36,463 INFO  ExportHelperExtension.cs: 841 - R2: 0, 0
2026-09-14 15:35:36,464 INFO  ExportHelperExtension.cs: 849 - L1: 0
2026-09-14 15:35:36,464 INFO  ExportHelperExtension.cs: 857 - L2: 0
2026-09-14 15:35:36,465 INFO  ExportHelperExtension.cs: 1352 - Unfixing component 41
2026-09-14 15:35:36,465 INFO  ExportHelperExtension.cs: 1352 - Unfixing component 23
2026-09-14 15:35:36,797 WARN  ExportHelperExtension.cs: 351 - Creating joint from parent base_link to child finger_1 failed
2026-09-14 15:35:37,029 INFO  ExportHelperExtension.cs: 347 - Creating joint finger_2
2026-09-14 15:35:37,030 INFO  ExportHelperExtension.cs: 1397 - Fixing components for base_link
2026-09-14 15:35:37,031 INFO  ExportHelperExtension.cs: 1402 - Fixing 22
2026-09-14 15:35:37,031 INFO  ExportHelperExtension.cs: 1409 - Component 22 is already fixed
2026-09-14 15:35:37,032 INFO  ExportHelperExtension.cs: 1402 - Fixing 41
2026-09-14 15:35:37,032 INFO  ExportHelperExtension.cs: 1402 - Fixing 23
2026-09-14 15:35:37,365 INFO  ExportHelperExtension.cs: 832 - R1: 0, 0
2026-09-14 15:35:37,365 INFO  ExportHelperExtension.cs: 841 - R2: 0, 0
2026-09-14 15:35:37,366 INFO  ExportHelperExtension.cs: 849 - L1: 0
2026-09-14 15:35:37,367 INFO  ExportHelperExtension.cs: 857 - L2: 0
2026-09-14 15:35:37,372 INFO  ExportHelperExtension.cs: 1352 - Unfixing component 41
2026-09-14 15:35:37,373 INFO  ExportHelperExtension.cs: 1352 - Unfixing component 23
2026-09-14 15:35:37,854 WARN  ExportHelperExtension.cs: 351 - Creating joint from parent base_link to child finger_2 failed
2026-09-14 15:35:38,253 INFO  ExportHelperExtension.cs: 1125 - Retrieving features of type [CoordSys] from End Effector Full Build
2026-09-14 15:35:38,254 INFO  ExportHelperExtension.cs: 1136 - Found 72 in End Effector Full Build
2026-09-14 15:35:38,255 INFO  ExportHelperExtension.cs: 1145 - Found 4 features of type [CoordSys] in End Effector Full Build
2026-09-14 15:35:38,256 INFO  ExportHelperExtension.cs: 1148 - Proceeding through assembly components
2026-09-14 15:35:38,257 INFO  ExportHelperExtension.cs: 1160 - 12 components to check
2026-09-14 15:35:38,257 INFO  ExportHelperExtension.cs: 1125 - Retrieving features of type [CoordSys] from 1. End Effector servo-1
2026-09-14 15:35:38,258 INFO  ExportHelperExtension.cs: 1136 - Found 22 in 1. End Effector servo-1
2026-09-14 15:35:38,259 INFO  ExportHelperExtension.cs: 1145 - Found 0 features of type [CoordSys] in 1. End Effector servo-1
2026-09-14 15:35:38,259 INFO  ExportHelperExtension.cs: 1125 - Retrieving features of type [CoordSys] from 9. Prong Mounts-1
2026-09-14 15:35:38,260 INFO  ExportHelperExtension.cs: 1136 - Found 22 in 9. Prong Mounts-1
2026-09-14 15:35:38,261 INFO  ExportHelperExtension.cs: 1145 - Found 0 features of type [CoordSys] in 9. Prong Mounts-1
2026-09-14 15:35:38,261 INFO  ExportHelperExtension.cs: 1125 - Retrieving features of type [CoordSys] from 2. Right Limit-1
2026-09-14 15:35:38,262 INFO  ExportHelperExtension.cs: 1136 - Found 22 in 2. Right Limit-1
2026-09-14 15:35:38,262 INFO  ExportHelperExtension.cs: 1145 - Found 0 features of type [CoordSys] in 2. Right Limit-1
2026-09-14 15:35:38,263 INFO  ExportHelperExtension.cs: 1125 - Retrieving features of type [CoordSys] from 6. Right Prong-1
2026-09-14 15:35:38,263 INFO  ExportHelperExtension.cs: 1136 - Found 22 in 6. Right Prong-1
2026-09-14 15:35:38,264 INFO  ExportHelperExtension.cs: 1145 - Found 0 features of type [CoordSys] in 6. Right Prong-1
2026-09-14 15:35:38,265 INFO  ExportHelperExtension.cs: 1125 - Retrieving features of type [CoordSys] from 7. Left Mount-1
2026-09-14 15:35:38,266 INFO  ExportHelperExtension.cs: 1136 - Found 22 in 7. Left Mount-1
2026-09-14 15:35:38,266 INFO  ExportHelperExtension.cs: 1145 - Found 0 features of type [CoordSys] in 7. Left Mount-1
2026-09-14 15:35:38,267 INFO  ExportHelperExtension.cs: 1125 - Retrieving features of type [CoordSys] from 3. Left Limitt-1
2026-09-14 15:35:38,268 INFO  ExportHelperExtension.cs: 1136 - Found 22 in 3. Left Limitt-1
2026-09-14 15:35:38,269 INFO  ExportHelperExtension.cs: 1145 - Found 0 features of type [CoordSys] in 3. Left Limitt-1
2026-09-14 15:35:38,270 INFO  ExportHelperExtension.cs: 1125 - Retrieving features of type [CoordSys] from 5. Right Mount-1
2026-09-14 15:35:38,271 INFO  ExportHelperExtension.cs: 1136 - Found 22 in 5. Right Mount-1
2026-09-14 15:35:38,271 INFO  ExportHelperExtension.cs: 1145 - Found 0 features of type [CoordSys] in 5. Right Mount-1
2026-09-14 15:35:38,272 INFO  ExportHelperExtension.cs: 1125 - Retrieving features of type [CoordSys] from 8. Left Prong-1
2026-09-14 15:35:38,273 INFO  ExportHelperExtension.cs: 1136 - Found 22 in 8. Left Prong-1
2026-09-14 15:35:38,274 INFO  ExportHelperExtension.cs: 1145 - Found 0 features of type [CoordSys] in 8. Left Prong-1
2026-09-14 15:35:38,275 INFO  ExportHelperExtension.cs: 1125 - Retrieving features of type [CoordSys] from 4. Left Hook-1
2026-09-14 15:35:38,275 INFO  ExportHelperExtension.cs: 1136 - Found 22 in 4. Left Hook-1
2026-09-14 15:35:38,276 INFO  ExportHelperExtension.cs: 1145 - Found 0 features of type [CoordSys] in 4. Left Hook-1
2026-09-14 15:35:38,276 INFO  ExportHelperExtension.cs: 1125 - Retrieving features of type [CoordSys] from 11. Right Hook-1
2026-09-14 15:35:38,277 INFO  ExportHelperExtension.cs: 1136 - Found 22 in 11. Right Hook-1
2026-09-14 15:35:38,278 INFO  ExportHelperExtension.cs: 1145 - Found 0 features of type [CoordSys] in 11. Right Hook-1
2026-09-14 15:35:38,278 INFO  ExportHelperExtension.cs: 1125 - Retrieving features of type [CoordSys] from 9. Right Tab-1
2026-09-14 15:35:38,279 INFO  ExportHelperExtension.cs: 1136 - Found 22 in 9. Right Tab-1
2026-09-14 15:35:38,279 INFO  ExportHelperExtension.cs: 1145 - Found 0 features of type [CoordSys] in 9. Right Tab-1
2026-09-14 15:35:38,280 INFO  ExportHelperExtension.cs: 1125 - Retrieving features of type [CoordSys] from 10. Left Tab-1
2026-09-14 15:35:38,281 INFO  ExportHelperExtension.cs: 1136 - Found 22 in 10. Left Tab-1
2026-09-14 15:35:38,281 INFO  ExportHelperExtension.cs: 1145 - Found 0 features of type [CoordSys] in 10. Left Tab-1
2026-09-14 15:35:38,282 INFO  ExportHelperExtension.cs: 1125 - Retrieving features of type [RefAxis] from End Effector Full Build
2026-09-14 15:35:38,283 INFO  ExportHelperExtension.cs: 1136 - Found 72 in End Effector Full Build
2026-09-14 15:35:38,285 INFO  ExportHelperExtension.cs: 1145 - Found 1 features of type [RefAxis] in End Effector Full Build
2026-09-14 15:35:38,285 INFO  ExportHelperExtension.cs: 1148 - Proceeding through assembly components
2026-09-14 15:35:38,286 INFO  ExportHelperExtension.cs: 1160 - 12 components to check
2026-09-14 15:35:38,287 INFO  ExportHelperExtension.cs: 1125 - Retrieving features of type [RefAxis] from 1. End Effector servo-1
2026-09-14 15:35:38,288 INFO  ExportHelperExtension.cs: 1136 - Found 22 in 1. End Effector servo-1
2026-09-14 15:35:38,289 INFO  ExportHelperExtension.cs: 1145 - Found 0 features of type [RefAxis] in 1. End Effector servo-1
2026-09-14 15:35:38,289 INFO  ExportHelperExtension.cs: 1125 - Retrieving features of type [RefAxis] from 9. Prong Mounts-1
2026-09-14 15:35:38,290 INFO  ExportHelperExtension.cs: 1136 - Found 22 in 9. Prong Mounts-1
2026-09-14 15:35:38,291 INFO  ExportHelperExtension.cs: 1145 - Found 0 features of type [RefAxis] in 9. Prong Mounts-1
2026-09-14 15:35:38,292 INFO  ExportHelperExtension.cs: 1125 - Retrieving features of type [RefAxis] from 2. Right Limit-1
2026-09-14 15:35:38,292 INFO  ExportHelperExtension.cs: 1136 - Found 22 in 2. Right Limit-1
2026-09-14 15:35:38,293 INFO  ExportHelperExtension.cs: 1145 - Found 0 features of type [RefAxis] in 2. Right Limit-1
2026-09-14 15:35:38,293 INFO  ExportHelperExtension.cs: 1125 - Retrieving features of type [RefAxis] from 6. Right Prong-1
2026-09-14 15:35:38,294 INFO  ExportHelperExtension.cs: 1136 - Found 22 in 6. Right Prong-1
2026-09-14 15:35:38,295 INFO  ExportHelperExtension.cs: 1145 - Found 0 features of type [RefAxis] in 6. Right Prong-1
2026-09-14 15:35:38,295 INFO  ExportHelperExtension.cs: 1125 - Retrieving features of type [RefAxis] from 7. Left Mount-1
2026-09-14 15:35:38,296 INFO  ExportHelperExtension.cs: 1136 - Found 22 in 7. Left Mount-1
2026-09-14 15:35:38,297 INFO  ExportHelperExtension.cs: 1145 - Found 0 features of type [RefAxis] in 7. Left Mount-1
2026-09-14 15:35:38,297 INFO  ExportHelperExtension.cs: 1125 - Retrieving features of type [RefAxis] from 3. Left Limitt-1
2026-09-14 15:35:38,298 INFO  ExportHelperExtension.cs: 1136 - Found 22 in 3. Left Limitt-1
2026-09-14 15:35:38,299 INFO  ExportHelperExtension.cs: 1145 - Found 0 features of type [RefAxis] in 3. Left Limitt-1
2026-09-14 15:35:38,299 INFO  ExportHelperExtension.cs: 1125 - Retrieving features of type [RefAxis] from 5. Right Mount-1
2026-09-14 15:35:38,300 INFO  ExportHelperExtension.cs: 1136 - Found 22 in 5. Right Mount-1
2026-09-14 15:35:38,301 INFO  ExportHelperExtension.cs: 1145 - Found 0 features of type [RefAxis] in 5. Right Mount-1
2026-09-14 15:35:38,302 INFO  ExportHelperExtension.cs: 1125 - Retrieving features of type [RefAxis] from 8. Left Prong-1
2026-09-14 15:35:38,303 INFO  ExportHelperExtension.cs: 1136 - Found 22 in 8. Left Prong-1
2026-09-14 15:35:38,304 INFO  ExportHelperExtension.cs: 1145 - Found 0 features of type [RefAxis] in 8. Left Prong-1
2026-09-14 15:35:38,305 INFO  ExportHelperExtension.cs: 1125 - Retrieving features of type [RefAxis] from 4. Left Hook-1
2026-09-14 15:35:38,306 INFO  ExportHelperExtension.cs: 1136 - Found 22 in 4. Left Hook-1
2026-09-14 15:35:38,307 INFO  ExportHelperExtension.cs: 1145 - Found 0 features of type [RefAxis] in 4. Left Hook-1
2026-09-14 15:35:38,307 INFO  ExportHelperExtension.cs: 1125 - Retrieving features of type [RefAxis] from 11. Right Hook-1
2026-09-14 15:35:38,308 INFO  ExportHelperExtension.cs: 1136 - Found 22 in 11. Right Hook-1
2026-09-14 15:35:38,309 INFO  ExportHelperExtension.cs: 1145 - Found 0 features of type [RefAxis] in 11. Right Hook-1
2026-09-14 15:35:38,309 INFO  ExportHelperExtension.cs: 1125 - Retrieving features of type [RefAxis] from 9. Right Tab-1
2026-09-14 15:35:38,310 INFO  ExportHelperExtension.cs: 1136 - Found 22 in 9. Right Tab-1
2026-09-14 15:35:38,310 INFO  ExportHelperExtension.cs: 1145 - Found 0 features of type [RefAxis] in 9. Right Tab-1
2026-09-14 15:35:38,311 INFO  ExportHelperExtension.cs: 1125 - Retrieving features of type [RefAxis] from 10. Left Tab-1
2026-09-14 15:35:38,312 INFO  ExportHelperExtension.cs: 1136 - Found 22 in 10. Left Tab-1
2026-09-14 15:35:38,312 INFO  ExportHelperExtension.cs: 1145 - Found 0 features of type [RefAxis] in 10. Left Tab-1
2026-09-14 15:35:38,455 INFO  ExportPropertyManager.cs: 1142 - AfterClose called. This method no longer throws an Exception. It just silently does nothing. Ok, except for this logging message
2026-09-14 15:37:47,065 INFO  SwAddin.cs: 294 - Assembly export called for file End Effector Full Build
2026-09-14 15:37:47,065 INFO  SwAddin.cs: 299 - Save is required
2026-09-14 15:37:47,066 INFO  SwAddin.cs: 313 - Saving assembly
2026-09-14 15:37:47,420 INFO  SwAddin.cs: 316 - Opening property manager
2026-09-14 15:37:47,421 INFO  ExportHelperExtension.cs: 1125 - Retrieving features of type [CoordSys] from End Effector Full Build
2026-09-14 15:37:47,422 INFO  ExportHelperExtension.cs: 1136 - Found 72 in End Effector Full Build
2026-09-14 15:37:47,424 INFO  ExportHelperExtension.cs: 1145 - Found 4 features of type [CoordSys] in End Effector Full Build
2026-09-14 15:37:47,425 INFO  ExportHelperExtension.cs: 1148 - Proceeding through assembly components
2026-09-14 15:37:47,454 INFO  ExportHelperExtension.cs: 1160 - 12 components to check
2026-09-14 15:37:47,455 INFO  ExportHelperExtension.cs: 1125 - Retrieving features of type [CoordSys] from 1. End Effector servo-1
2026-09-14 15:37:47,456 INFO  ExportHelperExtension.cs: 1136 - Found 22 in 1. End Effector servo-1
2026-09-14 15:37:47,457 INFO  ExportHelperExtension.cs: 1145 - Found 0 features of type [CoordSys] in 1. End Effector servo-1
2026-09-14 15:37:47,457 INFO  ExportHelperExtension.cs: 1125 - Retrieving features of type [CoordSys] from 9. Prong Mounts-1
2026-09-14 15:37:47,458 INFO  ExportHelperExtension.cs: 1136 - Found 22 in 9. Prong Mounts-1
2026-09-14 15:37:47,459 INFO  ExportHelperExtension.cs: 1145 - Found 0 features of type [CoordSys] in 9. Prong Mounts-1
2026-09-14 15:37:47,460 INFO  ExportHelperExtension.cs: 1125 - Retrieving features of type [CoordSys] from 2. Right Limit-1
2026-09-14 15:37:47,461 INFO  ExportHelperExtension.cs: 1136 - Found 22 in 2. Right Limit-1
2026-09-14 15:37:47,461 INFO  ExportHelperExtension.cs: 1145 - Found 0 features of type [CoordSys] in 2. Right Limit-1
2026-09-14 15:37:47,462 INFO  ExportHelperExtension.cs: 1125 - Retrieving features of type [CoordSys] from 6. Right Prong-1
2026-09-14 15:37:47,463 INFO  ExportHelperExtension.cs: 1136 - Found 22 in 6. Right Prong-1
2026-09-14 15:37:47,464 INFO  ExportHelperExtension.cs: 1145 - Found 0 features of type [CoordSys] in 6. Right Prong-1
2026-09-14 15:37:47,464 INFO  ExportHelperExtension.cs: 1125 - Retrieving features of type [CoordSys] from 7. Left Mount-1
2026-09-14 15:37:47,465 INFO  ExportHelperExtension.cs: 1136 - Found 22 in 7. Left Mount-1
2026-09-14 15:37:47,466 INFO  ExportHelperExtension.cs: 1145 - Found 0 features of type [CoordSys] in 7. Left Mount-1
2026-09-14 15:37:47,467 INFO  ExportHelperExtension.cs: 1125 - Retrieving features of type [CoordSys] from 3. Left Limitt-1
2026-09-14 15:37:47,467 INFO  ExportHelperExtension.cs: 1136 - Found 22 in 3. Left Limitt-1
2026-09-14 15:37:47,468 INFO  ExportHelperExtension.cs: 1145 - Found 0 features of type [CoordSys] in 3. Left Limitt-1
2026-09-14 15:37:47,469 INFO  ExportHelperExtension.cs: 1125 - Retrieving features of type [CoordSys] from 5. Right Mount-1
2026-09-14 15:37:47,470 INFO  ExportHelperExtension.cs: 1136 - Found 22 in 5. Right Mount-1
2026-09-14 15:37:47,471 INFO  ExportHelperExtension.cs: 1145 - Found 0 features of type [CoordSys] in 5. Right Mount-1
2026-09-14 15:37:47,471 INFO  ExportHelperExtension.cs: 1125 - Retrieving features of type [CoordSys] from 8. Left Prong-1
2026-09-14 15:37:47,472 INFO  ExportHelperExtension.cs: 1136 - Found 22 in 8. Left Prong-1
2026-09-14 15:37:47,474 INFO  ExportHelperExtension.cs: 1145 - Found 0 features of type [CoordSys] in 8. Left Prong-1
2026-09-14 15:37:47,474 INFO  ExportHelperExtension.cs: 1125 - Retrieving features of type [CoordSys] from 4. Left Hook-1
2026-09-14 15:37:47,475 INFO  ExportHelperExtension.cs: 1136 - Found 22 in 4. Left Hook-1
2026-09-14 15:37:47,476 INFO  ExportHelperExtension.cs: 1145 - Found 0 features of type [CoordSys] in 4. Left Hook-1
2026-09-14 15:37:47,477 INFO  ExportHelperExtension.cs: 1125 - Retrieving features of type [CoordSys] from 11. Right Hook-1
2026-09-14 15:37:47,478 INFO  ExportHelperExtension.cs: 1136 - Found 22 in 11. Right Hook-1
2026-09-14 15:37:47,479 INFO  ExportHelperExtension.cs: 1145 - Found 0 features of type [CoordSys] in 11. Right Hook-1
2026-09-14 15:37:47,480 INFO  ExportHelperExtension.cs: 1125 - Retrieving features of type [CoordSys] from 9. Right Tab-1
2026-09-14 15:37:47,481 INFO  ExportHelperExtension.cs: 1136 - Found 22 in 9. Right Tab-1
2026-09-14 15:37:47,481 INFO  ExportHelperExtension.cs: 1145 - Found 0 features of type [CoordSys] in 9. Right Tab-1
2026-09-14 15:37:47,482 INFO  ExportHelperExtension.cs: 1125 - Retrieving features of type [CoordSys] from 10. Left Tab-1
2026-09-14 15:37:47,483 INFO  ExportHelperExtension.cs: 1136 - Found 22 in 10. Left Tab-1
2026-09-14 15:37:47,484 INFO  ExportHelperExtension.cs: 1145 - Found 0 features of type [CoordSys] in 10. Left Tab-1
2026-09-14 15:37:47,484 INFO  ExportHelperExtension.cs: 1125 - Retrieving features of type [RefAxis] from End Effector Full Build
2026-09-14 15:37:47,485 INFO  ExportHelperExtension.cs: 1136 - Found 72 in End Effector Full Build
2026-09-14 15:37:47,486 INFO  ExportHelperExtension.cs: 1145 - Found 1 features of type [RefAxis] in End Effector Full Build
2026-09-14 15:37:47,487 INFO  ExportHelperExtension.cs: 1148 - Proceeding through assembly components
2026-09-14 15:37:47,488 INFO  ExportHelperExtension.cs: 1160 - 12 components to check
2026-09-14 15:37:47,489 INFO  ExportHelperExtension.cs: 1125 - Retrieving features of type [RefAxis] from 1. End Effector servo-1
2026-09-14 15:37:47,489 INFO  ExportHelperExtension.cs: 1136 - Found 22 in 1. End Effector servo-1
2026-09-14 15:37:47,490 INFO  ExportHelperExtension.cs: 1145 - Found 0 features of type [RefAxis] in 1. End Effector servo-1
2026-09-14 15:37:47,491 INFO  ExportHelperExtension.cs: 1125 - Retrieving features of type [RefAxis] from 9. Prong Mounts-1
2026-09-14 15:37:47,492 INFO  ExportHelperExtension.cs: 1136 - Found 22 in 9. Prong Mounts-1
2026-09-14 15:37:47,492 INFO  ExportHelperExtension.cs: 1145 - Found 0 features of type [RefAxis] in 9. Prong Mounts-1
2026-09-14 15:37:47,493 INFO  ExportHelperExtension.cs: 1125 - Retrieving features of type [RefAxis] from 2. Right Limit-1
2026-09-14 15:37:47,494 INFO  ExportHelperExtension.cs: 1136 - Found 22 in 2. Right Limit-1
2026-09-14 15:37:47,494 INFO  ExportHelperExtension.cs: 1145 - Found 0 features of type [RefAxis] in 2. Right Limit-1
2026-09-14 15:37:47,495 INFO  ExportHelperExtension.cs: 1125 - Retrieving features of type [RefAxis] from 6. Right Prong-1
2026-09-14 15:37:47,496 INFO  ExportHelperExtension.cs: 1136 - Found 22 in 6. Right Prong-1
2026-09-14 15:37:47,497 INFO  ExportHelperExtension.cs: 1145 - Found 0 features of type [RefAxis] in 6. Right Prong-1
2026-09-14 15:37:47,497 INFO  ExportHelperExtension.cs: 1125 - Retrieving features of type [RefAxis] from 7. Left Mount-1
2026-09-14 15:37:47,498 INFO  ExportHelperExtension.cs: 1136 - Found 22 in 7. Left Mount-1
2026-09-14 15:37:47,499 INFO  ExportHelperExtension.cs: 1145 - Found 0 features of type [RefAxis] in 7. Left Mount-1
2026-09-14 15:37:47,499 INFO  ExportHelperExtension.cs: 1125 - Retrieving features of type [RefAxis] from 3. Left Limitt-1
2026-09-14 15:37:47,500 INFO  ExportHelperExtension.cs: 1136 - Found 22 in 3. Left Limitt-1
2026-09-14 15:37:47,501 INFO  ExportHelperExtension.cs: 1145 - Found 0 features of type [RefAxis] in 3. Left Limitt-1
2026-09-14 15:37:47,502 INFO  ExportHelperExtension.cs: 1125 - Retrieving features of type [RefAxis] from 5. Right Mount-1
2026-09-14 15:37:47,503 INFO  ExportHelperExtension.cs: 1136 - Found 22 in 5. Right Mount-1
2026-09-14 15:37:47,503 INFO  ExportHelperExtension.cs: 1145 - Found 0 features of type [RefAxis] in 5. Right Mount-1
2026-09-14 15:37:47,504 INFO  ExportHelperExtension.cs: 1125 - Retrieving features of type [RefAxis] from 8. Left Prong-1
2026-09-14 15:37:47,505 INFO  ExportHelperExtension.cs: 1136 - Found 22 in 8. Left Prong-1
2026-09-14 15:37:47,506 INFO  ExportHelperExtension.cs: 1145 - Found 0 features of type [RefAxis] in 8. Left Prong-1
2026-09-14 15:37:47,507 INFO  ExportHelperExtension.cs: 1125 - Retrieving features of type [RefAxis] from 4. Left Hook-1
2026-09-14 15:37:47,508 INFO  ExportHelperExtension.cs: 1136 - Found 22 in 4. Left Hook-1
2026-09-14 15:37:47,509 INFO  ExportHelperExtension.cs: 1145 - Found 0 features of type [RefAxis] in 4. Left Hook-1
2026-09-14 15:37:47,510 INFO  ExportHelperExtension.cs: 1125 - Retrieving features of type [RefAxis] from 11. Right Hook-1
2026-09-14 15:37:47,511 INFO  ExportHelperExtension.cs: 1136 - Found 22 in 11. Right Hook-1
2026-09-14 15:37:47,511 INFO  ExportHelperExtension.cs: 1145 - Found 0 features of type [RefAxis] in 11. Right Hook-1
2026-09-14 15:37:47,512 INFO  ExportHelperExtension.cs: 1125 - Retrieving features of type [RefAxis] from 9. Right Tab-1
2026-09-14 15:37:47,513 INFO  ExportHelperExtension.cs: 1136 - Found 22 in 9. Right Tab-1
2026-09-14 15:37:47,514 INFO  ExportHelperExtension.cs: 1145 - Found 0 features of type [RefAxis] in 9. Right Tab-1
2026-09-14 15:37:47,514 INFO  ExportHelperExtension.cs: 1125 - Retrieving features of type [RefAxis] from 10. Left Tab-1
2026-09-14 15:37:47,515 INFO  ExportHelperExtension.cs: 1136 - Found 22 in 10. Left Tab-1
2026-09-14 15:37:47,516 INFO  ExportHelperExtension.cs: 1145 - Found 0 features of type [RefAxis] in 10. Left Tab-1
2026-09-14 15:37:47,839 INFO  SwAddin.cs: 339 - Loading config tree
2026-09-14 15:37:47,843 INFO  ConfigurationSerialization.cs: 276 - URDF Configuration found
<Link z:Id="i1" xmlns="http://schemas.datacontract.org/2004/07/SW2URDF" xmlns:i="http://www.w3.org/2001/XMLSchema-instance" xmlns:z="http://schemas.microsoft.com/2003/10/Serialization/"><Attributes><Attribute z:Id="i2"><AttributeType>name</AttributeType><IsRequired>true</IsRequired><Value i:type="a:string" xmlns:a="http://www.w3.org/2001/XMLSchema">base_link</Value></Attribute></Attributes><ChildElements><URDFElement z:Id="i3" i:type="Inertial"><Attributes/><ChildElements><URDFElement z:Id="i4" i:type="Origin"><Attributes><Attribute z:Id="i5"><AttributeType>xyz</AttributeType><IsRequired>true</IsRequired><Value i:type="a:ArrayOfdouble" xmlns:a="http://schemas.microsoft.com/2003/10/Serialization/Arrays"><a:double>0</a:double><a:double>0</a:double><a:double>0</a:double></Value></Attribute><Attribute z:Id="i6"><AttributeType>rpy</AttributeType><IsRequired>true</IsRequired><Value i:type="a:ArrayOfdouble" xmlns:a="http://schemas.microsoft.com/2003/10/Serialization/Arrays"><a:double>0</a:double><a:double>0</a:double><a:double>0</a:double></Value></Attribute></Attributes><ChildElements/><ElementName>origin</ElementName><required>false</required><RPYAttribute z:Ref="i6"/><XYZAttribute z:Ref="i5"/><isCustomized>false</isCustomized></URDFElement><URDFElement z:Id="i7" i:type="Mass"><Attributes><Attribute z:Id="i8"><AttributeType>value</AttributeType><IsRequired>true</IsRequired><Value i:type="a:double" xmlns:a="http://www.w3.org/2001/XMLSchema">0</Value></Attribute></Attributes><ChildElements/><ElementName>mass</ElementName><required>false</required><ValueAttribute z:Ref="i8"/></URDFElement><URDFElement z:Id="i9" i:type="Inertia"><Attributes><Attribute z:Id="i10"><AttributeType>ixx</AttributeType><IsRequired>true</IsRequired><Value i:type="a:double" xmlns:a="http://www.w3.org/2001/XMLSchema">0</Value></Attribute><Attribute z:Id="i11"><AttributeType>ixy</AttributeType><IsRequired>true</IsRequired><Value i:type="a:double" xmlns:a="http://www.w3.org/2001/XMLSchema">0</Value></Attribute><Attribute z:Id="i12"><AttributeType>ixz</AttributeType><IsRequired>true</IsRequired><Value i:type="a:double" xmlns:a="http://www.w3.org/2001/XMLSchema">0</Value></Attribute><Attribute z:Id="i13"><AttributeType>iyy</AttributeType><IsRequired>true</IsRequired><Value i:type="a:double" xmlns:a="http://www.w3.org/2001/XMLSchema">0</Value></Attribute><Attribute z:Id="i14"><AttributeType>iyz</AttributeType><IsRequired>true</IsRequired><Value i:type="a:double" xmlns:a="http://www.w3.org/2001/XMLSchema">0</Value></Attribute><Attribute z:Id="i15"><AttributeType>izz</AttributeType><IsRequired>true</IsRequired><Value i:type="a:double" xmlns:a="http://www.w3.org/2001/XMLSchema">0</Value></Attribute></Attributes><ChildElements/><ElementName>inertia</ElementName><required>false</required><IxxAttribute z:Ref="i10"/><IxyAttribute z:Ref="i11"/><IxzAttribute z:Ref="i12"/><IyyAttribute z:Ref="i13"/><IyzAttribute z:Ref="i14"/><IzzAttribute z:Ref="i15"/></URDFElement></ChildElements><ElementName>inertial</ElementName><required>false</required><Inertia z:Ref="i9"/><Mass z:Ref="i7"/><Origin z:Ref="i4"/></URDFElement><URDFElement z:Id="i16" i:type="Visual"><Attributes/><ChildElements><URDFElement z:Id="i17" i:type="Origin"><Attributes><Attribute z:Id="i18"><AttributeType>xyz</AttributeType><IsRequired>true</IsRequired><Value i:type="a:ArrayOfdouble" xmlns:a="http://schemas.microsoft.com/2003/10/Serialization/Arrays"><a:double>0</a:double><a:double>0</a:double><a:double>0</a:double></Value></Attribute><Attribute z:Id="i19"><AttributeType>rpy</AttributeType><IsRequired>true</IsRequired><Value i:type="a:ArrayOfdouble" xmlns:a="http://schemas.microsoft.com/2003/10/Serialization/Arrays"><a:double>0</a:double><a:double>0</a:double><a:double>0</a:double></Value></Attribute></Attributes><ChildElements/><ElementName>origin</ElementName><required>false</required><RPYAttribute z:Ref="i19"/><XYZAttribute z:Ref="i18"/><isCustomized>false</isCustomized></URDFElement><URDFElement z:Id="i20" i:type="Geometry"><Attributes/><ChildElements><URDFElement z:Id="i21" i:type="Mesh"><Attributes><Attribute z:Id="i22"><AttributeType>filename</AttributeType><IsRequired>true</IsRequired><Value i:nil="true"/></Attribute></Attributes><ChildElements/><ElementName>mesh</ElementName><required>false</required><FilenameAttribute z:Ref="i22"/></URDFElement></ChildElements><ElementName>geometry</ElementName><required>true</required><Mesh z:Ref="i21"/></URDFElement><URDFElement z:Id="i23" i:type="Material"><Attributes><Attribute z:Id="i24"><AttributeType>name</AttributeType><IsRequired>true</IsRequired><Value i:type="a:string" xmlns:a="http://www.w3.org/2001/XMLSchema"/></Attribute></Attributes><ChildElements><URDFElement z:Id="i25" i:type="Color"><Attributes><Attribute z:Id="i26"><AttributeType>rgba</AttributeType><IsRequired>true</IsRequired><Value i:type="a:ArrayOfdouble" xmlns:a="http://schemas.microsoft.com/2003/10/Serialization/Arrays"><a:double>1</a:double><a:double>1</a:double><a:double>1</a:double><a:double>1</a:double></Value></Attribute></Attributes><ChildElements/><ElementName>color</ElementName><required>false</required><RGBAAttribute z:Ref="i26"/></URDFElement><URDFElement z:Id="i27" i:type="Texture"><Attributes><Attribute z:Id="i28"><AttributeType>filename</AttributeType><IsRequired>true</IsRequired><Value i:nil="true"/></Attribute></Attributes><ChildElements/><ElementName>texture</ElementName><required>false</required><FilenameAttribute z:Ref="i28"/><wFilename/></URDFElement></ChildElements><ElementName>material</ElementName><required>false</required><Color z:Ref="i25"/><NameAttribute z:Ref="i24"/><Texture z:Ref="i27"/></URDFElement></ChildElements><ElementName>visual</ElementName><required>false</required><Geometry z:Ref="i20"/><Material z:Ref="i23"/><Origin z:Ref="i17"/></URDFElement><URDFElement z:Id="i29" i:type="Collision"><Attributes/><ChildElements><URDFElement z:Id="i30" i:type="Origin"><Attributes><Attribute z:Id="i31"><AttributeType>xyz</AttributeType><IsRequired>true</IsRequired><Value i:type="a:ArrayOfdouble" xmlns:a="http://schemas.microsoft.com/2003/10/Serialization/Arrays"><a:double>0</a:double><a:double>0</a:double><a:double>0</a:double></Value></Attribute><Attribute z:Id="i32"><AttributeType>rpy</AttributeType><IsRequired>true</IsRequired><Value i:type="a:ArrayOfdouble" xmlns:a="http://schemas.microsoft.com/2003/10/Serialization/Arrays"><a:double>0</a:double><a:double>0</a:double><a:double>0</a:double></Value></Attribute></Attributes><ChildElements/><ElementName>origin</ElementName><required>false</required><RPYAttribute z:Ref="i32"/><XYZAttribute z:Ref="i31"/><isCustomized>false</isCustomized></URDFElement><URDFElement z:Id="i33" i:type="Geometry"><Attributes/><ChildElements><URDFElement z:Id="i34" i:type="Mesh"><Attributes><Attribute z:Id="i35"><AttributeType>filename</AttributeType><IsRequired>true</IsRequired><Value i:nil="true"/></Attribute></Attributes><ChildElements/><ElementName>mesh</ElementName><required>false</required><FilenameAttribute z:Ref="i35"/></URDFElement></ChildElements><ElementName>geometry</ElementName><required>true</required><Mesh z:Ref="i34"/></URDFElement></ChildElements><ElementName>collision</ElementName><required>false</required><Geometry z:Ref="i33"/><Origin z:Ref="i30"/></URDFElement><URDFElement z:Id="i36" i:type="Joint"><Attributes><Attribute z:Id="i37"><AttributeType>name</AttributeType><IsRequired>true</IsRequired><Value i:type="a:string" xmlns:a="http://www.w3.org/2001/XMLSchema"/></Attribute><Attribute z:Id="i38"><AttributeType>type</AttributeType><IsRequired>true</IsRequired><Value i:type="a:string" xmlns:a="http://www.w3.org/2001/XMLSchema"/></Attribute></Attributes><ChildElements><URDFElement z:Id="i39" i:type="Origin"><Attributes><Attribute z:Id="i40"><AttributeType>xyz</AttributeType><IsRequired>true</IsRequired><Value i:type="a:ArrayOfdouble" xmlns:a="http://schemas.microsoft.com/2003/10/Serialization/Arrays"><a:double>0</a:double><a:double>0</a:double><a:double>0</a:double></Value></Attribute><Attribute z:Id="i41"><AttributeType>rpy</AttributeType><IsRequired>true</IsRequired><Value i:type="a:ArrayOfdouble" xmlns:a="http://schemas.microsoft.com/2003/10/Serialization/Arrays"><a:double>0</a:double><a:double>0</a:double><a:double>0</a:double></Value></Attribute></Attributes><ChildElements/><ElementName>origin</ElementName><required>false</required><RPYAttribute z:Ref="i41"/><XYZAttribute z:Ref="i40"/><isCustomized>false</isCustomized></URDFElement><URDFElement z:Id="i42" i:type="ParentLink"><Attributes><Attribute z:Id="i43"><AttributeType>link</AttributeType><IsRequired>true</IsRequired><Value i:type="a:string" xmlns:a="http://www.w3.org/2001/XMLSchema"/></Attribute></Attributes><ChildElements/><ElementName>parent</ElementName><required>true</required><NameAttribute z:Ref="i43"/></URDFElement><URDFElement z:Id="i44" i:type="ChildLink"><Attributes><Attribute z:Id="i45"><AttributeType>link</AttributeType><IsRequired>true</IsRequired><Value i:type="a:string" xmlns:a="http://www.w3.org/2001/XMLSchema"/></Attribute></Attributes><ChildElements/><ElementName>child</ElementName><required>true</required><NameAttribute z:Ref="i45"/></URDFElement><URDFElement z:Id="i46" i:type="Axis"><Attributes><Attribute z:Id="i47"><AttributeType>xyz</AttributeType><IsRequired>true</IsRequired><Value i:type="a:ArrayOfdouble" xmlns:a="http://schemas.microsoft.com/2003/10/Serialization/Arrays"><a:double>0</a:double><a:double>0</a:double><a:double>0</a:double></Value></Attribute></Attributes><ChildElements/><ElementName>axis</ElementName><required>false</required><XYZAttribute z:Ref="i47"/></URDFElement><URDFElement z:Id="i48" i:type="Limit"><Attributes><Attribute z:Id="i49"><AttributeType>lower</AttributeType><IsRequired>false</IsRequired><Value i:nil="true"/></Attribute><Attribute z:Id="i50"><AttributeType>upper</AttributeType><IsRequired>false</IsRequired><Value i:nil="true"/></Attribute><Attribute z:Id="i51"><AttributeType>effort</AttributeType><IsRequired>true</IsRequired><Value i:nil="true"/></Attribute><Attribute z:Id="i52"><AttributeType>velocity</AttributeType><IsRequired>true</IsRequired><Value i:nil="true"/></Attribute></Attributes><ChildElements/><ElementName>limit</ElementName><required>false</required><EffortAttribute z:Ref="i51"/><LowerAttribute z:Ref="i49"/><UpperAttribute z:Ref="i50"/><VelocityAttribute z:Ref="i52"/></URDFElement><URDFElement z:Id="i53" i:type="Calibration"><Attributes><Attribute z:Id="i54"><AttributeType>rising</AttributeType><IsRequired>false</IsRequired><Value i:nil="true"/></Attribute><Attribute z:Id="i55"><AttributeType>falling</AttributeType><IsRequired>false</IsRequired><Value i:nil="true"/></Attribute></Attributes><ChildElements/><ElementName>calibration</ElementName><required>false</required><FallingAttribute z:Ref="i55"/><RisingAttribute z:Ref="i54"/></URDFElement><URDFElement z:Id="i56" i:type="Dynamics"><Attributes><Attribute z:Id="i57"><AttributeType>damping</AttributeType><IsRequired>false</IsRequired><Value i:nil="true"/></Attribute><Attribute z:Id="i58"><AttributeType>friction</AttributeType><IsRequired>false</IsRequired><Value i:nil="true"/></Attribute></Attributes><ChildElements/><ElementName>dynamics</ElementName><required>false</required><DampingAttribute z:Ref="i57"/><FrictionAttribute z:Ref="i58"/></URDFElement><URDFElement z:Id="i59" i:type="SafetyController"><Attributes><Attribute z:Id="i60"><AttributeType>soft_upper_limit</AttributeType><IsRequired>false</IsRequired><Value i:nil="true"/></Attribute><Attribute z:Id="i61"><AttributeType>soft_lower_limit</AttributeType><IsRequired>false</IsRequired><Value i:nil="true"/></Attribute><Attribute z:Id="i62"><AttributeType>k_position</AttributeType><IsRequired>false</IsRequired><Value i:nil="true"/></Attribute><Attribute z:Id="i63"><AttributeType>k_velocity</AttributeType><IsRequired>true</IsRequired><Value i:nil="true"/></Attribute></Attributes><ChildElements/><ElementName>safety_controller</ElementName><required>false</required><KPositionAttribute z:Ref="i62"/><KVelocityAttribute z:Ref="i63"/><SoftLowerAttribute z:Ref="i61"/><SoftUpperAttribute z:Ref="i60"/></URDFElement><URDFElement z:Id="i64" i:type="Mimic"><Attributes><Attribute z:Id="i65"><AttributeType>joint</AttributeType><IsRequired>true</IsRequired><Value i:nil="true"/></Attribute><Attribute z:Id="i66"><AttributeType>multiplier</AttributeType><IsRequired>false</IsRequired><Value i:nil="true"/></Attribute><Attribute z:Id="i67"><AttributeType>offset</AttributeType><IsRequired>false</IsRequired><Value i:nil="true"/></Attribute></Attributes><ChildElements/><ElementName>mimic</ElementName><required>false</required><JointNameAttribute z:Ref="i65"/><MultiplierAttribute z:Ref="i66"/><OffsetAttribute z:Ref="i67"/></URDFElement></ChildElements><ElementName>joint</ElementName><required>false</required><Axis z:Ref="i46"/><AxisName/><Calibration z:Ref="i53"/><Child z:Ref="i44"/><CoordinateSystemName>Automatically Generate</CoordinateSystemName><Dynamics z:Ref="i56"/><Limit z:Ref="i48"/><Mimic z:Ref="i64"/><NameAttribute z:Ref="i37"/><Origin z:Ref="i39"/><Parent z:Ref="i42"/><Safety z:Ref="i59"/><TypeAttribute z:Ref="i38"/></URDFElement></ChildElements><ElementName>link</ElementName><required>true</required><Children><Link z:Id="i68"><Attributes><Attribute z:Id="i69"><AttributeType>name</AttributeType><IsRequired>true</IsRequired><Value i:type="a:string" xmlns:a="http://www.w3.org/2001/XMLSchema">ring_link</Value></Attribute></Attributes><ChildElements><URDFElement z:Id="i70" i:type="Inertial"><Attributes/><ChildElements><URDFElement z:Id="i71" i:type="Origin"><Attributes><Attribute z:Id="i72"><AttributeType>xyz</AttributeType><IsRequired>true</IsRequired><Value i:type="a:ArrayOfdouble" xmlns:a="http://schemas.microsoft.com/2003/10/Serialization/Arrays"><a:double>0</a:double><a:double>0</a:double><a:double>0</a:double></Value></Attribute><Attribute z:Id="i73"><AttributeType>rpy</AttributeType><IsRequired>true</IsRequired><Value i:type="a:ArrayOfdouble" xmlns:a="http://schemas.microsoft.com/2003/10/Serialization/Arrays"><a:double>0</a:double><a:double>0</a:double><a:double>0</a:double></Value></Attribute></Attributes><ChildElements/><ElementName>origin</ElementName><required>false</required><RPYAttribute z:Ref="i73"/><XYZAttribute z:Ref="i72"/><isCustomized>false</isCustomized></URDFElement><URDFElement z:Id="i74" i:type="Mass"><Attributes><Attribute z:Id="i75"><AttributeType>value</AttributeType><IsRequired>true</IsRequired><Value i:type="a:double" xmlns:a="http://www.w3.org/2001/XMLSchema">0</Value></Attribute></Attributes><ChildElements/><ElementName>mass</ElementName><required>false</required><ValueAttribute z:Ref="i75"/></URDFElement><URDFElement z:Id="i76" i:type="Inertia"><Attributes><Attribute z:Id="i77"><AttributeType>ixx</AttributeType><IsRequired>true</IsRequired><Value i:type="a:double" xmlns:a="http://www.w3.org/2001/XMLSchema">0</Value></Attribute><Attribute z:Id="i78"><AttributeType>ixy</AttributeType><IsRequired>true</IsRequired><Value i:type="a:double" xmlns:a="http://www.w3.org/2001/XMLSchema">0</Value></Attribute><Attribute z:Id="i79"><AttributeType>ixz</AttributeType><IsRequired>true</IsRequired><Value i:type="a:double" xmlns:a="http://www.w3.org/2001/XMLSchema">0</Value></Attribute><Attribute z:Id="i80"><AttributeType>iyy</AttributeType><IsRequired>true</IsRequired><Value i:type="a:double" xmlns:a="http://www.w3.org/2001/XMLSchema">0</Value></Attribute><Attribute z:Id="i81"><AttributeType>iyz</AttributeType><IsRequired>true</IsRequired><Value i:type="a:double" xmlns:a="http://www.w3.org/2001/XMLSchema">0</Value></Attribute><Attribute z:Id="i82"><AttributeType>izz</AttributeType><IsRequired>true</IsRequired><Value i:type="a:double" xmlns:a="http://www.w3.org/2001/XMLSchema">0</Value></Attribute></Attributes><ChildElements/><ElementName>inertia</ElementName><required>false</required><IxxAttribute z:Ref="i77"/><IxyAttribute z:Ref="i78"/><IxzAttribute z:Ref="i79"/><IyyAttribute z:Ref="i80"/><IyzAttribute z:Ref="i81"/><IzzAttribute z:Ref="i82"/></URDFElement></ChildElements><ElementName>inertial</ElementName><required>false</required><Inertia z:Ref="i76"/><Mass z:Ref="i74"/><Origin z:Ref="i71"/></URDFElement><URDFElement z:Id="i83" i:type="Visual"><Attributes/><ChildElements><URDFElement z:Id="i84" i:type="Origin"><Attributes><Attribute z:Id="i85"><AttributeType>xyz</AttributeType><IsRequired>true</IsRequired><Value i:type="a:ArrayOfdouble" xmlns:a="http://schemas.microsoft.com/2003/10/Serialization/Arrays"><a:double>0</a:double><a:double>0</a:double><a:double>0</a:double></Value></Attribute><Attribute z:Id="i86"><AttributeType>rpy</AttributeType><IsRequired>true</IsRequired><Value i:type="a:ArrayOfdouble" xmlns:a="http://schemas.microsoft.com/2003/10/Serialization/Arrays"><a:double>0</a:double><a:double>0</a:double><a:double>0</a:double></Value></Attribute></Attributes><ChildElements/><ElementName>origin</ElementName><required>false</required><RPYAttribute z:Ref="i86"/><XYZAttribute z:Ref="i85"/><isCustomized>false</isCustomized></URDFElement><URDFElement z:Id="i87" i:type="Geometry"><Attributes/><ChildElements><URDFElement z:Id="i88" i:type="Mesh"><Attributes><Attribute z:Id="i89"><AttributeType>filename</AttributeType><IsRequired>true</IsRequired><Value i:nil="true"/></Attribute></Attributes><ChildElements/><ElementName>mesh</ElementName><required>false</required><FilenameAttribute z:Ref="i89"/></URDFElement></ChildElements><ElementName>geometry</ElementName><required>true</required><Mesh z:Ref="i88"/></URDFElement><URDFElement z:Id="i90" i:type="Material"><Attributes><Attribute z:Id="i91"><AttributeType>name</AttributeType><IsRequired>true</IsRequired><Value i:type="a:string" xmlns:a="http://www.w3.org/2001/XMLSchema"/></Attribute></Attributes><ChildElements><URDFElement z:Id="i92" i:type="Color"><Attributes><Attribute z:Id="i93"><AttributeType>rgba</AttributeType><IsRequired>true</IsRequired><Value i:type="a:ArrayOfdouble" xmlns:a="http://schemas.microsoft.com/2003/10/Serialization/Arrays"><a:double>1</a:double><a:double>1</a:double><a:double>1</a:double><a:double>1</a:double></Value></Attribute></Attributes><ChildElements/><ElementName>color</ElementName><required>false</required><RGBAAttribute z:Ref="i93"/></URDFElement><URDFElement z:Id="i94" i:type="Texture"><Attributes><Attribute z:Id="i95"><AttributeType>filename</AttributeType><IsRequired>true</IsRequired><Value i:nil="true"/></Attribute></Attributes><ChildElements/><ElementName>texture</ElementName><required>false</required><FilenameAttribute z:Ref="i95"/><wFilename/></URDFElement></ChildElements><ElementName>material</ElementName><required>false</required><Color z:Ref="i92"/><NameAttribute z:Ref="i91"/><Texture z:Ref="i94"/></URDFElement></ChildElements><ElementName>visual</ElementName><required>false</required><Geometry z:Ref="i87"/><Material z:Ref="i90"/><Origin z:Ref="i84"/></URDFElement><URDFElement z:Id="i96" i:type="Collision"><Attributes/><ChildElements><URDFElement z:Id="i97" i:type="Origin"><Attributes><Attribute z:Id="i98"><AttributeType>xyz</AttributeType><IsRequired>true</IsRequired><Value i:type="a:ArrayOfdouble" xmlns:a="http://schemas.microsoft.com/2003/10/Serialization/Arrays"><a:double>0</a:double><a:double>0</a:double><a:double>0</a:double></Value></Attribute><Attribute z:Id="i99"><AttributeType>rpy</AttributeType><IsRequired>true</IsRequired><Value i:type="a:ArrayOfdouble" xmlns:a="http://schemas.microsoft.com/2003/10/Serialization/Arrays"><a:double>0</a:double><a:double>0</a:double><a:double>0</a:double></Value></Attribute></Attributes><ChildElements/><ElementName>origin</ElementName><required>false</required><RPYAttribute z:Ref="i99"/><XYZAttribute z:Ref="i98"/><isCustomized>false</isCustomized></URDFElement><URDFElement z:Id="i100" i:type="Geometry"><Attributes/><ChildElements><URDFElement z:Id="i101" i:type="Mesh"><Attributes><Attribute z:Id="i102"><AttributeType>filename</AttributeType><IsRequired>true</IsRequired><Value i:nil="true"/></Attribute></Attributes><ChildElements/><ElementName>mesh</ElementName><required>false</required><FilenameAttribute z:Ref="i102"/></URDFElement></ChildElements><ElementName>geometry</ElementName><required>true</required><Mesh z:Ref="i101"/></URDFElement></ChildElements><ElementName>collision</ElementName><required>false</required><Geometry z:Ref="i100"/><Origin z:Ref="i97"/></URDFElement><URDFElement z:Id="i103" i:type="Joint"><Attributes><Attribute z:Id="i104"><AttributeType>name</AttributeType><IsRequired>true</IsRequired><Value i:type="a:string" xmlns:a="http://www.w3.org/2001/XMLSchema">ring_joint</Value></Attribute><Attribute z:Id="i105"><AttributeType>type</AttributeType><IsRequired>true</IsRequired><Value i:type="a:string" xmlns:a="http://www.w3.org/2001/XMLSchema">revolute</Value></Attribute></Attributes><ChildElements><URDFElement z:Id="i106" i:type="Origin"><Attributes><Attribute z:Id="i107"><AttributeType>xyz</AttributeType><IsRequired>true</IsRequired><Value i:type="a:ArrayOfdouble" xmlns:a="http://schemas.microsoft.com/2003/10/Serialization/Arrays"><a:double>0</a:double><a:double>0</a:double><a:double>0</a:double></Value></Attribute><Attribute z:Id="i108"><AttributeType>rpy</AttributeType><IsRequired>true</IsRequired><Value i:type="a:ArrayOfdouble" xmlns:a="http://schemas.microsoft.com/2003/10/Serialization/Arrays"><a:double>0</a:double><a:double>0</a:double><a:double>0</a:double></Value></Attribute></Attributes><ChildElements/><ElementName>origin</ElementName><required>false</required><RPYAttribute z:Ref="i108"/><XYZAttribute z:Ref="i107"/><isCustomized>false</isCustomized></URDFElement><URDFElement z:Id="i109" i:type="ParentLink"><Attributes><Attribute z:Id="i110"><AttributeType>link</AttributeType><IsRequired>true</IsRequired><Value i:type="a:string" xmlns:a="http://www.w3.org/2001/XMLSchema"/></Attribute></Attributes><ChildElements/><ElementName>parent</ElementName><required>true</required><NameAttribute z:Ref="i110"/></URDFElement><URDFElement z:Id="i111" i:type="ChildLink"><Attributes><Attribute z:Id="i112"><AttributeType>link</AttributeType><IsRequired>true</IsRequired><Value i:type="a:string" xmlns:a="http://www.w3.org/2001/XMLSchema"/></Attribute></Attributes><ChildElements/><ElementName>child</ElementName><required>true</required><NameAttribute z:Ref="i112"/></URDFElement><URDFElement z:Id="i113" i:type="Axis"><Attributes><Attribute z:Id="i114"><AttributeType>xyz</AttributeType><IsRequired>true</IsRequired><Value i:type="a:ArrayOfdouble" xmlns:a="http://schemas.microsoft.com/2003/10/Serialization/Arrays"><a:double>0</a:double><a:double>0</a:double><a:double>0</a:double></Value></Attribute></Attributes><ChildElements/><ElementName>axis</ElementName><required>false</required><XYZAttribute z:Ref="i114"/></URDFElement><URDFElement z:Id="i115" i:type="Limit"><Attributes><Attribute z:Id="i116"><AttributeType>lower</AttributeType><IsRequired>false</IsRequired><Value i:nil="true"/></Attribute><Attribute z:Id="i117"><AttributeType>upper</AttributeType><IsRequired>false</IsRequired><Value i:nil="true"/></Attribute><Attribute z:Id="i118"><AttributeType>effort</AttributeType><IsRequired>true</IsRequired><Value i:nil="true"/></Attribute><Attribute z:Id="i119"><AttributeType>velocity</AttributeType><IsRequired>true</IsRequired><Value i:nil="true"/></Attribute></Attributes><ChildElements/><ElementName>limit</ElementName><required>false</required><EffortAttribute z:Ref="i118"/><LowerAttribute z:Ref="i116"/><UpperAttribute z:Ref="i117"/><VelocityAttribute z:Ref="i119"/></URDFElement><URDFElement z:Id="i120" i:type="Calibration"><Attributes><Attribute z:Id="i121"><AttributeType>rising</AttributeType><IsRequired>false</IsRequired><Value i:nil="true"/></Attribute><Attribute z:Id="i122"><AttributeType>falling</AttributeType><IsRequired>false</IsRequired><Value i:nil="true"/></Attribute></Attributes><ChildElements/><ElementName>calibration</ElementName><required>false</required><FallingAttribute z:Ref="i122"/><RisingAttribute z:Ref="i121"/></URDFElement><URDFElement z:Id="i123" i:type="Dynamics"><Attributes><Attribute z:Id="i124"><AttributeType>damping</AttributeType><IsRequired>false</IsRequired><Value i:nil="true"/></Attribute><Attribute z:Id="i125"><AttributeType>friction</AttributeType><IsRequired>false</IsRequired><Value i:nil="true"/></Attribute></Attributes><ChildElements/><ElementName>dynamics</ElementName><required>false</required><DampingAttribute z:Ref="i124"/><FrictionAttribute z:Ref="i125"/></URDFElement><URDFElement z:Id="i126" i:type="SafetyController"><Attributes><Attribute z:Id="i127"><AttributeType>soft_upper_limit</AttributeType><IsRequired>false</IsRequired><Value i:nil="true"/></Attribute><Attribute z:Id="i128"><AttributeType>soft_lower_limit</AttributeType><IsRequired>false</IsRequired><Value i:nil="true"/></Attribute><Attribute z:Id="i129"><AttributeType>k_position</AttributeType><IsRequired>false</IsRequired><Value i:nil="true"/></Attribute><Attribute z:Id="i130"><AttributeType>k_velocity</AttributeType><IsRequired>true</IsRequired><Value i:nil="true"/></Attribute></Attributes><ChildElements/><ElementName>safety_controller</ElementName><required>false</required><KPositionAttribute z:Ref="i129"/><KVelocityAttribute z:Ref="i130"/><SoftLowerAttribute z:Ref="i128"/><SoftUpperAttribute z:Ref="i127"/></URDFElement><URDFElement z:Id="i131" i:type="Mimic"><Attributes><Attribute z:Id="i132"><AttributeType>joint</AttributeType><IsRequired>true</IsRequired><Value i:nil="true"/></Attribute><Attribute z:Id="i133"><AttributeType>multiplier</AttributeType><IsRequired>false</IsRequired><Value i:nil="true"/></Attribute><Attribute z:Id="i134"><AttributeType>offset</AttributeType><IsRequired>false</IsRequired><Value i:nil="true"/></Attribute></Attributes><ChildElements/><ElementName>mimic</ElementName><required>false</required><JointNameAttribute z:Ref="i132"/><MultiplierAttribute z:Ref="i133"/><OffsetAttribute z:Ref="i134"/></URDFElement></ChildElements><ElementName>joint</ElementName><required>false</required><Axis z:Ref="i113"/><AxisName>Axis1</AxisName><Calibration z:Ref="i120"/><Child z:Ref="i111"/><CoordinateSystemName>Coordinate System5</CoordinateSystemName><Dynamics z:Ref="i123"/><Limit z:Ref="i115"/><Mimic z:Ref="i131"/><NameAttribute z:Ref="i104"/><Origin z:Ref="i106"/><Parent z:Ref="i109"/><Safety z:Ref="i126"/><TypeAttribute z:Ref="i105"/></URDFElement></ChildElements><ElementName>link</ElementName><required>true</required><Children/><Collision z:Ref="i96"/><Inertial z:Ref="i70"/><Joint z:Ref="i103"/><NameAttribute z:Ref="i69"/><Parent z:Ref="i1"/><STLQualityFine>false</STLQualityFine><SWComponentPIDs xmlns:a="http://schemas.microsoft.com/2003/10/Serialization/Arrays"><a:base64Binary>OEoAAAUAAAD//v8oMgAuACAAUgBpAGcAaAB0ACAATABpAG0AaQB0AC0AMQBAAEUAbgBkACAARQBmAGYAZQBjAHQAbwByACAARgB1AGwAbAAgAEIAdQBpAGwAZAAEAAAAEAAAAAEAAAABAAAAFwAAAA==</a:base64Binary><a:base64Binary>OEoAAAUAAAD//v8oMwAuACAATABlAGYAdAAgAEwAaQBtAGkAdAB0AC0AMQBAAEUAbgBkACAARQBmAGYAZQBjAHQAbwByACAARgB1AGwAbAAgAEIAdQBpAGwAZAAEAAAAEAAAAAEAAAABAAAAKQAAAA==</a:base64Binary><a:base64Binary>OEoAAAUAAAD//v8vMQAuACAARQBuAGQAIABFAGYAZgBlAGMAdABvAHIAIABzAGUAcgB2AG8ALQAxAEAARQBuAGQAIABFAGYAZgBlAGMAdABvAHIAIABGAHUAbABsACAAQgB1AGkAbABkAAQAAAAQAAAAAQAAAAEAAAAWAAAA</a:base64Binary></SWComponentPIDs><SWMainComponentPID i:nil="true"/><Visual z:Ref="i83"/><isFixedFrame>false</isFixedFrame><isIncomplete>false</isIncomplete></Link><Link z:Id="i135"><Attributes><Attribute z:Id="i136"><AttributeType>name</AttributeType><IsRequired>true</IsRequired><Value i:type="a:string" xmlns:a="http://www.w3.org/2001/XMLSchema">finger_1</Value></Attribute></Attributes><ChildElements><URDFElement z:Id="i137" i:type="Inertial"><Attributes/><ChildElements><URDFElement z:Id="i138" i:type="Origin"><Attributes><Attribute z:Id="i139"><AttributeType>xyz</AttributeType><IsRequired>true</IsRequired><Value i:type="a:ArrayOfdouble" xmlns:a="http://schemas.microsoft.com/2003/10/Serialization/Arrays"><a:double>0</a:double><a:double>0</a:double><a:double>0</a:double></Value></Attribute><Attribute z:Id="i140"><AttributeType>rpy</AttributeType><IsRequired>true</IsRequired><Value i:type="a:ArrayOfdouble" xmlns:a="http://schemas.microsoft.com/2003/10/Serialization/Arrays"><a:double>0</a:double><a:double>0</a:double><a:double>0</a:double></Value></Attribute></Attributes><ChildElements/><ElementName>origin</ElementName><required>false</required><RPYAttribute z:Ref="i140"/><XYZAttribute z:Ref="i139"/><isCustomized>false</isCustomized></URDFElement><URDFElement z:Id="i141" i:type="Mass"><Attributes><Attribute z:Id="i142"><AttributeType>value</AttributeType><IsRequired>true</IsRequired><Value i:type="a:double" xmlns:a="http://www.w3.org/2001/XMLSchema">0</Value></Attribute></Attributes><ChildElements/><ElementName>mass</ElementName><required>false</required><ValueAttribute z:Ref="i142"/></URDFElement><URDFElement z:Id="i143" i:type="Inertia"><Attributes><Attribute z:Id="i144"><AttributeType>ixx</AttributeType><IsRequired>true</IsRequired><Value i:type="a:double" xmlns:a="http://www.w3.org/2001/XMLSchema">0</Value></Attribute><Attribute z:Id="i145"><AttributeType>ixy</AttributeType><IsRequired>true</IsRequired><Value i:type="a:double" xmlns:a="http://www.w3.org/2001/XMLSchema">0</Value></Attribute><Attribute z:Id="i146"><AttributeType>ixz</AttributeType><IsRequired>true</IsRequired><Value i:type="a:double" xmlns:a="http://www.w3.org/2001/XMLSchema">0</Value></Attribute><Attribute z:Id="i147"><AttributeType>iyy</AttributeType><IsRequired>true</IsRequired><Value i:type="a:double" xmlns:a="http://www.w3.org/2001/XMLSchema">0</Value></Attribute><Attribute z:Id="i148"><AttributeType>iyz</AttributeType><IsRequired>true</IsRequired><Value i:type="a:double" xmlns:a="http://www.w3.org/2001/XMLSchema">0</Value></Attribute><Attribute z:Id="i149"><AttributeType>izz</AttributeType><IsRequired>true</IsRequired><Value i:type="a:double" xmlns:a="http://www.w3.org/2001/XMLSchema">0</Value></Attribute></Attributes><ChildElements/><ElementName>inertia</ElementName><required>false</required><IxxAttribute z:Ref="i144"/><IxyAttribute z:Ref="i145"/><IxzAttribute z:Ref="i146"/><IyyAttribute z:Ref="i147"/><IyzAttribute z:Ref="i148"/><IzzAttribute z:Ref="i149"/></URDFElement></ChildElements><ElementName>inertial</ElementName><required>false</required><Inertia z:Ref="i143"/><Mass z:Ref="i141"/><Origin z:Ref="i138"/></URDFElement><URDFElement z:Id="i150" i:type="Visual"><Attributes/><ChildElements><URDFElement z:Id="i151" i:type="Origin"><Attributes><Attribute z:Id="i152"><AttributeType>xyz</AttributeType><IsRequired>true</IsRequired><Value i:type="a:ArrayOfdouble" xmlns:a="http://schemas.microsoft.com/2003/10/Serialization/Arrays"><a:double>0</a:double><a:double>0</a:double><a:double>0</a:double></Value></Attribute><Attribute z:Id="i153"><AttributeType>rpy</AttributeType><IsRequired>true</IsRequired><Value i:type="a:ArrayOfdouble" xmlns:a="http://schemas.microsoft.com/2003/10/Serialization/Arrays"><a:double>0</a:double><a:double>0</a:double><a:double>0</a:double></Value></Attribute></Attributes><ChildElements/><ElementName>origin</ElementName><required>false</required><RPYAttribute z:Ref="i153"/><XYZAttribute z:Ref="i152"/><isCustomized>false</isCustomized></URDFElement><URDFElement z:Id="i154" i:type="Geometry"><Attributes/><ChildElements><URDFElement z:Id="i155" i:type="Mesh"><Attributes><Attribute z:Id="i156"><AttributeType>filename</AttributeType><IsRequired>true</IsRequired><Value i:nil="true"/></Attribute></Attributes><ChildElements/><ElementName>mesh</ElementName><required>false</required><FilenameAttribute z:Ref="i156"/></URDFElement></ChildElements><ElementName>geometry</ElementName><required>true</required><Mesh z:Ref="i155"/></URDFElement><URDFElement z:Id="i157" i:type="Material"><Attributes><Attribute z:Id="i158"><AttributeType>name</AttributeType><IsRequired>true</IsRequired><Value i:type="a:string" xmlns:a="http://www.w3.org/2001/XMLSchema"/></Attribute></Attributes><ChildElements><URDFElement z:Id="i159" i:type="Color"><Attributes><Attribute z:Id="i160"><AttributeType>rgba</AttributeType><IsRequired>true</IsRequired><Value i:type="a:ArrayOfdouble" xmlns:a="http://schemas.microsoft.com/2003/10/Serialization/Arrays"><a:double>1</a:double><a:double>1</a:double><a:double>1</a:double><a:double>1</a:double></Value></Attribute></Attributes><ChildElements/><ElementName>color</ElementName><required>false</required><RGBAAttribute z:Ref="i160"/></URDFElement><URDFElement z:Id="i161" i:type="Texture"><Attributes><Attribute z:Id="i162"><AttributeType>filename</AttributeType><IsRequired>true</IsRequired><Value i:nil="true"/></Attribute></Attributes><ChildElements/><ElementName>texture</ElementName><required>false</required><FilenameAttribute z:Ref="i162"/><wFilename/></URDFElement></ChildElements><ElementName>material</ElementName><required>false</required><Color z:Ref="i159"/><NameAttribute z:Ref="i158"/><Texture z:Ref="i161"/></URDFElement></ChildElements><ElementName>visual</ElementName><required>false</required><Geometry z:Ref="i154"/><Material z:Ref="i157"/><Origin z:Ref="i151"/></URDFElement><URDFElement z:Id="i163" i:type="Collision"><Attributes/><ChildElements><URDFElement z:Id="i164" i:type="Origin"><Attributes><Attribute z:Id="i165"><AttributeType>xyz</AttributeType><IsRequired>true</IsRequired><Value i:type="a:ArrayOfdouble" xmlns:a="http://schemas.microsoft.com/2003/10/Serialization/Arrays"><a:double>0</a:double><a:double>0</a:double><a:double>0</a:double></Value></Attribute><Attribute z:Id="i166"><AttributeType>rpy</AttributeType><IsRequired>true</IsRequired><Value i:type="a:ArrayOfdouble" xmlns:a="http://schemas.microsoft.com/2003/10/Serialization/Arrays"><a:double>0</a:double><a:double>0</a:double><a:double>0</a:double></Value></Attribute></Attributes><ChildElements/><ElementName>origin</ElementName><required>false</required><RPYAttribute z:Ref="i166"/><XYZAttribute z:Ref="i165"/><isCustomized>false</isCustomized></URDFElement><URDFElement z:Id="i167" i:type="Geometry"><Attributes/><ChildElements><URDFElement z:Id="i168" i:type="Mesh"><Attributes><Attribute z:Id="i169"><AttributeType>filename</AttributeType><IsRequired>true</IsRequired><Value i:nil="true"/></Attribute></Attributes><ChildElements/><ElementName>mesh</ElementName><required>false</required><FilenameAttribute z:Ref="i169"/></URDFElement></ChildElements><ElementName>geometry</ElementName><required>true</required><Mesh z:Ref="i168"/></URDFElement></ChildElements><ElementName>collision</ElementName><required>false</required><Geometry z:Ref="i167"/><Origin z:Ref="i164"/></URDFElement><URDFElement z:Id="i170" i:type="Joint"><Attributes><Attribute z:Id="i171"><AttributeType>name</AttributeType><IsRequired>true</IsRequired><Value i:type="a:string" xmlns:a="http://www.w3.org/2001/XMLSchema">finger_1_joint</Value></Attribute><Attribute z:Id="i172"><AttributeType>type</AttributeType><IsRequired>true</IsRequired><Value i:type="a:string" xmlns:a="http://www.w3.org/2001/XMLSchema">prismatic</Value></Attribute></Attributes><ChildElements><URDFElement z:Id="i173" i:type="Origin"><Attributes><Attribute z:Id="i174"><AttributeType>xyz</AttributeType><IsRequired>true</IsRequired><Value i:type="a:ArrayOfdouble" xmlns:a="http://schemas.microsoft.com/2003/10/Serialization/Arrays"><a:double>0</a:double><a:double>0</a:double><a:double>0</a:double></Value></Attribute><Attribute z:Id="i175"><AttributeType>rpy</AttributeType><IsRequired>true</IsRequired><Value i:type="a:ArrayOfdouble" xmlns:a="http://schemas.microsoft.com/2003/10/Serialization/Arrays"><a:double>0</a:double><a:double>0</a:double><a:double>0</a:double></Value></Attribute></Attributes><ChildElements/><ElementName>origin</ElementName><required>false</required><RPYAttribute z:Ref="i175"/><XYZAttribute z:Ref="i174"/><isCustomized>false</isCustomized></URDFElement><URDFElement z:Id="i176" i:type="ParentLink"><Attributes><Attribute z:Id="i177"><AttributeType>link</AttributeType><IsRequired>true</IsRequired><Value i:type="a:string" xmlns:a="http://www.w3.org/2001/XMLSchema"/></Attribute></Attributes><ChildElements/><ElementName>parent</ElementName><required>true</required><NameAttribute z:Ref="i177"/></URDFElement><URDFElement z:Id="i178" i:type="ChildLink"><Attributes><Attribute z:Id="i179"><AttributeType>link</AttributeType><IsRequired>true</IsRequired><Value i:type="a:string" xmlns:a="http://www.w3.org/2001/XMLSchema"/></Attribute></Attributes><ChildElements/><ElementName>child</ElementName><required>true</required><NameAttribute z:Ref="i179"/></URDFElement><URDFElement z:Id="i180" i:type="Axis"><Attributes><Attribute z:Id="i181"><AttributeType>xyz</AttributeType><IsRequired>true</IsRequired><Value i:type="a:ArrayOfdouble" xmlns:a="http://schemas.microsoft.com/2003/10/Serialization/Arrays"><a:double>0</a:double><a:double>0</a:double><a:double>0</a:double></Value></Attribute></Attributes><ChildElements/><ElementName>axis</ElementName><required>false</required><XYZAttribute z:Ref="i181"/></URDFElement><URDFElement z:Id="i182" i:type="Limit"><Attributes><Attribute z:Id="i183"><AttributeType>lower</AttributeType><IsRequired>false</IsRequired><Value i:nil="true"/></Attribute><Attribute z:Id="i184"><AttributeType>upper</AttributeType><IsRequired>false</IsRequired><Value i:nil="true"/></Attribute><Attribute z:Id="i185"><AttributeType>effort</AttributeType><IsRequired>true</IsRequired><Value i:nil="true"/></Attribute><Attribute z:Id="i186"><AttributeType>velocity</AttributeType><IsRequired>true</IsRequired><Value i:nil="true"/></Attribute></Attributes><ChildElements/><ElementName>limit</ElementName><required>false</required><EffortAttribute z:Ref="i185"/><LowerAttribute z:Ref="i183"/><UpperAttribute z:Ref="i184"/><VelocityAttribute z:Ref="i186"/></URDFElement><URDFElement z:Id="i187" i:type="Calibration"><Attributes><Attribute z:Id="i188"><AttributeType>rising</AttributeType><IsRequired>false</IsRequired><Value i:nil="true"/></Attribute><Attribute z:Id="i189"><AttributeType>falling</AttributeType><IsRequired>false</IsRequired><Value i:nil="true"/></Attribute></Attributes><ChildElements/><ElementName>calibration</ElementName><required>false</required><FallingAttribute z:Ref="i189"/><RisingAttribute z:Ref="i188"/></URDFElement><URDFElement z:Id="i190" i:type="Dynamics"><Attributes><Attribute z:Id="i191"><AttributeType>damping</AttributeType><IsRequired>false</IsRequired><Value i:nil="true"/></Attribute><Attribute z:Id="i192"><AttributeType>friction</AttributeType><IsRequired>false</IsRequired><Value i:nil="true"/></Attribute></Attributes><ChildElements/><ElementName>dynamics</ElementName><required>false</required><DampingAttribute z:Ref="i191"/><FrictionAttribute z:Ref="i192"/></URDFElement><URDFElement z:Id="i193" i:type="SafetyController"><Attributes><Attribute z:Id="i194"><AttributeType>soft_upper_limit</AttributeType><IsRequired>false</IsRequired><Value i:nil="true"/></Attribute><Attribute z:Id="i195"><AttributeType>soft_lower_limit</AttributeType><IsRequired>false</IsRequired><Value i:nil="true"/></Attribute><Attribute z:Id="i196"><AttributeType>k_position</AttributeType><IsRequired>false</IsRequired><Value i:nil="true"/></Attribute><Attribute z:Id="i197"><AttributeType>k_velocity</AttributeType><IsRequired>true</IsRequired><Value i:nil="true"/></Attribute></Attributes><ChildElements/><ElementName>safety_controller</ElementName><required>false</required><KPositionAttribute z:Ref="i196"/><KVelocityAttribute z:Ref="i197"/><SoftLowerAttribute z:Ref="i195"/><SoftUpperAttribute z:Ref="i194"/></URDFElement><URDFElement z:Id="i198" i:type="Mimic"><Attributes><Attribute z:Id="i199"><AttributeType>joint</AttributeType><IsRequired>true</IsRequired><Value i:nil="true"/></Attribute><Attribute z:Id="i200"><AttributeType>multiplier</AttributeType><IsRequired>false</IsRequired><Value i:nil="true"/></Attribute><Attribute z:Id="i201"><AttributeType>offset</AttributeType><IsRequired>false</IsRequired><Value i:nil="true"/></Attribute></Attributes><ChildElements/><ElementName>mimic</ElementName><required>false</required><JointNameAttribute z:Ref="i199"/><MultiplierAttribute z:Ref="i200"/><OffsetAttribute z:Ref="i201"/></URDFElement></ChildElements><ElementName>joint</ElementName><required>false</required><Axis z:Ref="i180"/><AxisName>Automatically Generate</AxisName><Calibration z:Ref="i187"/><Child z:Ref="i178"/><CoordinateSystemName>Coordinate System8</CoordinateSystemName><Dynamics z:Ref="i190"/><Limit z:Ref="i182"/><Mimic z:Ref="i198"/><NameAttribute z:Ref="i171"/><Origin z:Ref="i173"/><Parent z:Ref="i176"/><Safety z:Ref="i193"/><TypeAttribute z:Ref="i172"/></URDFElement></ChildElements><ElementName>link</ElementName><required>true</required><Children/><Collision z:Ref="i163"/><Inertial z:Ref="i137"/><Joint z:Ref="i170"/><NameAttribute z:Ref="i136"/><Parent z:Ref="i1"/><STLQualityFine>false</STLQualityFine><SWComponentPIDs xmlns:a="http://schemas.microsoft.com/2003/10/Serialization/Arrays"><a:base64Binary>OEoAAAUAAAD//v8oNgAuACAAUgBpAGcAaAB0ACAAUAByAG8AbgBnAC0AMQBAAEUAbgBkACAARQBmAGYAZQBjAHQAbwByACAARgB1AGwAbAAgAEIAdQBpAGwAZAAEAAAAEAAAAAEAAAABAAAAJAAAAA==</a:base64Binary><a:base64Binary>OEoAAAUAAAD//v8oNQAuACAAUgBpAGcAaAB0ACAATQBvAHUAbgB0AC0AMQBAAEUAbgBkACAARQBmAGYAZQBjAHQAbwByACAARgB1AGwAbAAgAEIAdQBpAGwAZAAEAAAAEAAAAAEAAAABAAAAGAAAAA==</a:base64Binary><a:base64Binary>OEoAAAUAAAD//v8mOQAuACAAUgBpAGcAaAB0ACAAVABhAGIALQAxAEAARQBuAGQAIABFAGYAZgBlAGMAdABvAHIAIABGAHUAbABsACAAQgB1AGkAbABkAAQAAAAQAAAAAQAAAAEAAABJAAAA</a:base64Binary></SWComponentPIDs><SWMainComponentPID i:nil="true"/><Visual z:Ref="i150"/><isFixedFrame>false</isFixedFrame><isIncomplete>false</isIncomplete></Link><Link z:Id="i202"><Attributes><Attribute z:Id="i203"><AttributeType>name</AttributeType><IsRequired>true</IsRequired><Value i:type="a:string" xmlns:a="http://www.w3.org/2001/XMLSchema">finger_2</Value></Attribute></Attributes><ChildElements><URDFElement z:Id="i204" i:type="Inertial"><Attributes/><ChildElements><URDFElement z:Id="i205" i:type="Origin"><Attributes><Attribute z:Id="i206"><AttributeType>xyz</AttributeType><IsRequired>true</IsRequired><Value i:type="a:ArrayOfdouble" xmlns:a="http://schemas.microsoft.com/2003/10/Serialization/Arrays"><a:double>0</a:double><a:double>0</a:double><a:double>0</a:double></Value></Attribute><Attribute z:Id="i207"><AttributeType>rpy</AttributeType><IsRequired>true</IsRequired><Value i:type="a:ArrayOfdouble" xmlns:a="http://schemas.microsoft.com/2003/10/Serialization/Arrays"><a:double>0</a:double><a:double>0</a:double><a:double>0</a:double></Value></Attribute></Attributes><ChildElements/><ElementName>origin</ElementName><required>false</required><RPYAttribute z:Ref="i207"/><XYZAttribute z:Ref="i206"/><isCustomized>false</isCustomized></URDFElement><URDFElement z:Id="i208" i:type="Mass"><Attributes><Attribute z:Id="i209"><AttributeType>value</AttributeType><IsRequired>true</IsRequired><Value i:type="a:double" xmlns:a="http://www.w3.org/2001/XMLSchema">0</Value></Attribute></Attributes><ChildElements/><ElementName>mass</ElementName><required>false</required><ValueAttribute z:Ref="i209"/></URDFElement><URDFElement z:Id="i210" i:type="Inertia"><Attributes><Attribute z:Id="i211"><AttributeType>ixx</AttributeType><IsRequired>true</IsRequired><Value i:type="a:double" xmlns:a="http://www.w3.org/2001/XMLSchema">0</Value></Attribute><Attribute z:Id="i212"><AttributeType>ixy</AttributeType><IsRequired>true</IsRequired><Value i:type="a:double" xmlns:a="http://www.w3.org/2001/XMLSchema">0</Value></Attribute><Attribute z:Id="i213"><AttributeType>ixz</AttributeType><IsRequired>true</IsRequired><Value i:type="a:double" xmlns:a="http://www.w3.org/2001/XMLSchema">0</Value></Attribute><Attribute z:Id="i214"><AttributeType>iyy</AttributeType><IsRequired>true</IsRequired><Value i:type="a:double" xmlns:a="http://www.w3.org/2001/XMLSchema">0</Value></Attribute><Attribute z:Id="i215"><AttributeType>iyz</AttributeType><IsRequired>true</IsRequired><Value i:type="a:double" xmlns:a="http://www.w3.org/2001/XMLSchema">0</Value></Attribute><Attribute z:Id="i216"><AttributeType>izz</AttributeType><IsRequired>true</IsRequired><Value i:type="a:double" xmlns:a="http://www.w3.org/2001/XMLSchema">0</Value></Attribute></Attributes><ChildElements/><ElementName>inertia</ElementName><required>false</required><IxxAttribute z:Ref="i211"/><IxyAttribute z:Ref="i212"/><IxzAttribute z:Ref="i213"/><IyyAttribute z:Ref="i214"/><IyzAttribute z:Ref="i215"/><IzzAttribute z:Ref="i216"/></URDFElement></ChildElements><ElementName>inertial</ElementName><required>false</required><Inertia z:Ref="i210"/><Mass z:Ref="i208"/><Origin z:Ref="i205"/></URDFElement><URDFElement z:Id="i217" i:type="Visual"><Attributes/><ChildElements><URDFElement z:Id="i218" i:type="Origin"><Attributes><Attribute z:Id="i219"><AttributeType>xyz</AttributeType><IsRequired>true</IsRequired><Value i:type="a:ArrayOfdouble" xmlns:a="http://schemas.microsoft.com/2003/10/Serialization/Arrays"><a:double>0</a:double><a:double>0</a:double><a:double>0</a:double></Value></Attribute><Attribute z:Id="i220"><AttributeType>rpy</AttributeType><IsRequired>true</IsRequired><Value i:type="a:ArrayOfdouble" xmlns:a="http://schemas.microsoft.com/2003/10/Serialization/Arrays"><a:double>0</a:double><a:double>0</a:double><a:double>0</a:double></Value></Attribute></Attributes><ChildElements/><ElementName>origin</ElementName><required>false</required><RPYAttribute z:Ref="i220"/><XYZAttribute z:Ref="i219"/><isCustomized>false</isCustomized></URDFElement><URDFElement z:Id="i221" i:type="Geometry"><Attributes/><ChildElements><URDFElement z:Id="i222" i:type="Mesh"><Attributes><Attribute z:Id="i223"><AttributeType>filename</AttributeType><IsRequired>true</IsRequired><Value i:nil="true"/></Attribute></Attributes><ChildElements/><ElementName>mesh</ElementName><required>false</required><FilenameAttribute z:Ref="i223"/></URDFElement></ChildElements><ElementName>geometry</ElementName><required>true</required><Mesh z:Ref="i222"/></URDFElement><URDFElement z:Id="i224" i:type="Material"><Attributes><Attribute z:Id="i225"><AttributeType>name</AttributeType><IsRequired>true</IsRequired><Value i:type="a:string" xmlns:a="http://www.w3.org/2001/XMLSchema"/></Attribute></Attributes><ChildElements><URDFElement z:Id="i226" i:type="Color"><Attributes><Attribute z:Id="i227"><AttributeType>rgba</AttributeType><IsRequired>true</IsRequired><Value i:type="a:ArrayOfdouble" xmlns:a="http://schemas.microsoft.com/2003/10/Serialization/Arrays"><a:double>1</a:double><a:double>1</a:double><a:double>1</a:double><a:double>1</a:double></Value></Attribute></Attributes><ChildElements/><ElementName>color</ElementName><required>false</required><RGBAAttribute z:Ref="i227"/></URDFElement><URDFElement z:Id="i228" i:type="Texture"><Attributes><Attribute z:Id="i229"><AttributeType>filename</AttributeType><IsRequired>true</IsRequired><Value i:nil="true"/></Attribute></Attributes><ChildElements/><ElementName>texture</ElementName><required>false</required><FilenameAttribute z:Ref="i229"/><wFilename/></URDFElement></ChildElements><ElementName>material</ElementName><required>false</required><Color z:Ref="i226"/><NameAttribute z:Ref="i225"/><Texture z:Ref="i228"/></URDFElement></ChildElements><ElementName>visual</ElementName><required>false</required><Geometry z:Ref="i221"/><Material z:Ref="i224"/><Origin z:Ref="i218"/></URDFElement><URDFElement z:Id="i230" i:type="Collision"><Attributes/><ChildElements><URDFElement z:Id="i231" i:type="Origin"><Attributes><Attribute z:Id="i232"><AttributeType>xyz</AttributeType><IsRequired>true</IsRequired><Value i:type="a:ArrayOfdouble" xmlns:a="http://schemas.microsoft.com/2003/10/Serialization/Arrays"><a:double>0</a:double><a:double>0</a:double><a:double>0</a:double></Value></Attribute><Attribute z:Id="i233"><AttributeType>rpy</AttributeType><IsRequired>true</IsRequired><Value i:type="a:ArrayOfdouble" xmlns:a="http://schemas.microsoft.com/2003/10/Serialization/Arrays"><a:double>0</a:double><a:double>0</a:double><a:double>0</a:double></Value></Attribute></Attributes><ChildElements/><ElementName>origin</ElementName><required>false</required><RPYAttribute z:Ref="i233"/><XYZAttribute z:Ref="i232"/><isCustomized>false</isCustomized></URDFElement><URDFElement z:Id="i234" i:type="Geometry"><Attributes/><ChildElements><URDFElement z:Id="i235" i:type="Mesh"><Attributes><Attribute z:Id="i236"><AttributeType>filename</AttributeType><IsRequired>true</IsRequired><Value i:nil="true"/></Attribute></Attributes><ChildElements/><ElementName>mesh</ElementName><required>false</required><FilenameAttribute z:Ref="i236"/></URDFElement></ChildElements><ElementName>geometry</ElementName><required>true</required><Mesh z:Ref="i235"/></URDFElement></ChildElements><ElementName>collision</ElementName><required>false</required><Geometry z:Ref="i234"/><Origin z:Ref="i231"/></URDFElement><URDFElement z:Id="i237" i:type="Joint"><Attributes><Attribute z:Id="i238"><AttributeType>name</AttributeType><IsRequired>true</IsRequired><Value i:type="a:string" xmlns:a="http://www.w3.org/2001/XMLSchema">finger_2_joint</Value></Attribute><Attribute z:Id="i239"><AttributeType>type</AttributeType><IsRequired>true</IsRequired><Value i:type="a:string" xmlns:a="http://www.w3.org/2001/XMLSchema">prismatic</Value></Attribute></Attributes><ChildElements><URDFElement z:Id="i240" i:type="Origin"><Attributes><Attribute z:Id="i241"><AttributeType>xyz</AttributeType><IsRequired>true</IsRequired><Value i:type="a:ArrayOfdouble" xmlns:a="http://schemas.microsoft.com/2003/10/Serialization/Arrays"><a:double>0</a:double><a:double>0</a:double><a:double>0</a:double></Value></Attribute><Attribute z:Id="i242"><AttributeType>rpy</AttributeType><IsRequired>true</IsRequired><Value i:type="a:ArrayOfdouble" xmlns:a="http://schemas.microsoft.com/2003/10/Serialization/Arrays"><a:double>0</a:double><a:double>0</a:double><a:double>0</a:double></Value></Attribute></Attributes><ChildElements/><ElementName>origin</ElementName><required>false</required><RPYAttribute z:Ref="i242"/><XYZAttribute z:Ref="i241"/><isCustomized>false</isCustomized></URDFElement><URDFElement z:Id="i243" i:type="ParentLink"><Attributes><Attribute z:Id="i244"><AttributeType>link</AttributeType><IsRequired>true</IsRequired><Value i:type="a:string" xmlns:a="http://www.w3.org/2001/XMLSchema"/></Attribute></Attributes><ChildElements/><ElementName>parent</ElementName><required>true</required><NameAttribute z:Ref="i244"/></URDFElement><URDFElement z:Id="i245" i:type="ChildLink"><Attributes><Attribute z:Id="i246"><AttributeType>link</AttributeType><IsRequired>true</IsRequired><Value i:type="a:string" xmlns:a="http://www.w3.org/2001/XMLSchema"/></Attribute></Attributes><ChildElements/><ElementName>child</ElementName><required>true</required><NameAttribute z:Ref="i246"/></URDFElement><URDFElement z:Id="i247" i:type="Axis"><Attributes><Attribute z:Id="i248"><AttributeType>xyz</AttributeType><IsRequired>true</IsRequired><Value i:type="a:ArrayOfdouble" xmlns:a="http://schemas.microsoft.com/2003/10/Serialization/Arrays"><a:double>0</a:double><a:double>0</a:double><a:double>0</a:double></Value></Attribute></Attributes><ChildElements/><ElementName>axis</ElementName><required>false</required><XYZAttribute z:Ref="i248"/></URDFElement><URDFElement z:Id="i249" i:type="Limit"><Attributes><Attribute z:Id="i250"><AttributeType>lower</AttributeType><IsRequired>false</IsRequired><Value i:nil="true"/></Attribute><Attribute z:Id="i251"><AttributeType>upper</AttributeType><IsRequired>false</IsRequired><Value i:nil="true"/></Attribute><Attribute z:Id="i252"><AttributeType>effort</AttributeType><IsRequired>true</IsRequired><Value i:nil="true"/></Attribute><Attribute z:Id="i253"><AttributeType>velocity</AttributeType><IsRequired>true</IsRequired><Value i:nil="true"/></Attribute></Attributes><ChildElements/><ElementName>limit</ElementName><required>false</required><EffortAttribute z:Ref="i252"/><LowerAttribute z:Ref="i250"/><UpperAttribute z:Ref="i251"/><VelocityAttribute z:Ref="i253"/></URDFElement><URDFElement z:Id="i254" i:type="Calibration"><Attributes><Attribute z:Id="i255"><AttributeType>rising</AttributeType><IsRequired>false</IsRequired><Value i:nil="true"/></Attribute><Attribute z:Id="i256"><AttributeType>falling</AttributeType><IsRequired>false</IsRequired><Value i:nil="true"/></Attribute></Attributes><ChildElements/><ElementName>calibration</ElementName><required>false</required><FallingAttribute z:Ref="i256"/><RisingAttribute z:Ref="i255"/></URDFElement><URDFElement z:Id="i257" i:type="Dynamics"><Attributes><Attribute z:Id="i258"><AttributeType>damping</AttributeType><IsRequired>false</IsRequired><Value i:nil="true"/></Attribute><Attribute z:Id="i259"><AttributeType>friction</AttributeType><IsRequired>false</IsRequired><Value i:nil="true"/></Attribute></Attributes><ChildElements/><ElementName>dynamics</ElementName><required>false</required><DampingAttribute z:Ref="i258"/><FrictionAttribute z:Ref="i259"/></URDFElement><URDFElement z:Id="i260" i:type="SafetyController"><Attributes><Attribute z:Id="i261"><AttributeType>soft_upper_limit</AttributeType><IsRequired>false</IsRequired><Value i:nil="true"/></Attribute><Attribute z:Id="i262"><AttributeType>soft_lower_limit</AttributeType><IsRequired>false</IsRequired><Value i:nil="true"/></Attribute><Attribute z:Id="i263"><AttributeType>k_position</AttributeType><IsRequired>false</IsRequired><Value i:nil="true"/></Attribute><Attribute z:Id="i264"><AttributeType>k_velocity</AttributeType><IsRequired>true</IsRequired><Value i:nil="true"/></Attribute></Attributes><ChildElements/><ElementName>safety_controller</ElementName><required>false</required><KPositionAttribute z:Ref="i263"/><KVelocityAttribute z:Ref="i264"/><SoftLowerAttribute z:Ref="i262"/><SoftUpperAttribute z:Ref="i261"/></URDFElement><URDFElement z:Id="i265" i:type="Mimic"><Attributes><Attribute z:Id="i266"><AttributeType>joint</AttributeType><IsRequired>true</IsRequired><Value i:nil="true"/></Attribute><Attribute z:Id="i267"><AttributeType>multiplier</AttributeType><IsRequired>false</IsRequired><Value i:nil="true"/></Attribute><Attribute z:Id="i268"><AttributeType>offset</AttributeType><IsRequired>false</IsRequired><Value i:nil="true"/></Attribute></Attributes><ChildElements/><ElementName>mimic</ElementName><required>false</required><JointNameAttribute z:Ref="i266"/><MultiplierAttribute z:Ref="i267"/><OffsetAttribute z:Ref="i268"/></URDFElement></ChildElements><ElementName>joint</ElementName><required>false</required><Axis z:Ref="i247"/><AxisName>Automatically Generate</AxisName><Calibration z:Ref="i254"/><Child z:Ref="i245"/><CoordinateSystemName>Coordinate System9</CoordinateSystemName><Dynamics z:Ref="i257"/><Limit z:Ref="i249"/><Mimic z:Ref="i265"/><NameAttribute z:Ref="i238"/><Origin z:Ref="i240"/><Parent z:Ref="i243"/><Safety z:Ref="i260"/><TypeAttribute z:Ref="i239"/></URDFElement></ChildElements><ElementName>link</ElementName><required>true</required><Children/><Collision z:Ref="i230"/><Inertial z:Ref="i204"/><Joint z:Ref="i237"/><NameAttribute z:Ref="i203"/><Parent z:Ref="i1"/><STLQualityFine>false</STLQualityFine><SWComponentPIDs xmlns:a="http://schemas.microsoft.com/2003/10/Serialization/Arrays"><a:base64Binary>OEoAAAUAAAD//v8nOAAuACAATABlAGYAdAAgAFAAcgBvAG4AZwAtADEAQABFAG4AZAAgAEUAZgBmAGUAYwB0AG8AcgAgAEYAdQBsAGwAIABCAHUAaQBsAGQABAAAABAAAAABAAAAAQAAADMAAAA=</a:base64Binary><a:base64Binary>OEoAAAUAAAD//v8nNwAuACAATABlAGYAdAAgAE0AbwB1AG4AdAAtADEAQABFAG4AZAAgAEUAZgBmAGUAYwB0AG8AcgAgAEYAdQBsAGwAIABCAHUAaQBsAGQABAAAABAAAAABAAAAAQAAAC8AAAA=</a:base64Binary><a:base64Binary>OEoAAAUAAAD//v8mMQAwAC4AIABMAGUAZgB0ACAAVABhAGIALQAxAEAARQBuAGQAIABFAGYAZgBlAGMAdABvAHIAIABGAHUAbABsACAAQgB1AGkAbABkAAQAAAAQAAAAAQAAAAEAAABNAAAA</a:base64Binary></SWComponentPIDs><SWMainComponentPID i:nil="true"/><Visual z:Ref="i217"/><isFixedFrame>false</isFixedFrame><isIncomplete>false</isIncomplete></Link></Children><Collision z:Ref="i29"/><Inertial z:Ref="i3"/><Joint z:Ref="i36"/><NameAttribute z:Ref="i2"/><Parent i:nil="true"/><STLQualityFine>false</STLQualityFine><SWComponentPIDs xmlns:a="http://schemas.microsoft.com/2003/10/Serialization/Arrays"><a:base64Binary>OEoAAAUAAAD//v8vMQAuACAARQBuAGQAIABFAGYAZgBlAGMAdABvAHIAIABzAGUAcgB2AG8ALQAxAEAARQBuAGQAIABFAGYAZgBlAGMAdABvAHIAIABGAHUAbABsACAAQgB1AGkAbABkAAQAAAAQAAAAAQAAAAEAAAAWAAAA</a:base64Binary><a:base64Binary>OEoAAAUAAAD//v8oMwAuACAATABlAGYAdAAgAEwAaQBtAGkAdAB0AC0AMQBAAEUAbgBkACAARQBmAGYAZQBjAHQAbwByACAARgB1AGwAbAAgAEIAdQBpAGwAZAAEAAAAEAAAAAEAAAABAAAAKQAAAA==</a:base64Binary><a:base64Binary>OEoAAAUAAAD//v8oMgAuACAAUgBpAGcAaAB0ACAATABpAG0AaQB0AC0AMQBAAEUAbgBkACAARQBmAGYAZQBjAHQAbwByACAARgB1AGwAbAAgAEIAdQBpAGwAZAAEAAAAEAAAAAEAAAABAAAAFwAAAA==</a:base64Binary></SWComponentPIDs><SWMainComponentPID i:nil="true"/><Visual z:Ref="i16"/><isFixedFrame>false</isFixedFrame><isIncomplete>false</isIncomplete></Link>
2026-09-14 15:37:47,919 INFO  LinkNode.cs: 35 - Building node base_link
2026-09-14 15:37:47,920 INFO  LinkNode.cs: 35 - Building node ring_link
2026-09-14 15:37:47,921 INFO  LinkNode.cs: 35 - Building node finger_1
2026-09-14 15:37:47,921 INFO  LinkNode.cs: 35 - Building node finger_2
2026-09-14 15:37:47,922 INFO  CommonSwOperations.cs: 221 - Loading SolidWorks components for base_link from C:\Users\Drown\Documents\CAD\Open Manipulator X 6\End Effector\End Effector Full Build.SLDASM
2026-09-14 15:37:47,924 INFO  CommonSwOperations.cs: 245 - Loading component with PID 8J     ???/1 .   E n d   E f f e c t o r   s e r v o - 1 @ E n d   E f f e c t o r   F u l l   B u i l d                
2026-09-14 15:37:47,926 INFO  CommonSwOperations.cs: 254 - Successfully loaded component C:\Users\Drown\Documents\CAD\Open Manipulator X 6\End Effector\1. End Effector servo.SLDPRT
2026-09-14 15:37:47,926 INFO  CommonSwOperations.cs: 245 - Loading component with PID 8J     ???(3 .   L e f t   L i m i t t - 1 @ E n d   E f f e c t o r   F u l l   B u i l d             )   
2026-09-14 15:37:47,927 INFO  CommonSwOperations.cs: 254 - Successfully loaded component C:\Users\Drown\Documents\CAD\Open Manipulator X 6\End Effector\3. Left Limitt.SLDPRT
2026-09-14 15:37:47,928 INFO  CommonSwOperations.cs: 245 - Loading component with PID 8J     ???(2 .   R i g h t   L i m i t - 1 @ E n d   E f f e c t o r   F u l l   B u i l d                
2026-09-14 15:37:47,929 INFO  CommonSwOperations.cs: 254 - Successfully loaded component C:\Users\Drown\Documents\CAD\Open Manipulator X 6\End Effector\2. Right Limit.SLDPRT
2026-09-14 15:37:47,929 INFO  CommonSwOperations.cs: 230 - Loaded 3 components for link base_link
2026-09-14 15:37:47,930 INFO  CommonSwOperations.cs: 221 - Loading SolidWorks components for ring_link from C:\Users\Drown\Documents\CAD\Open Manipulator X 6\End Effector\End Effector Full Build.SLDASM
2026-09-14 15:37:47,930 INFO  CommonSwOperations.cs: 245 - Loading component with PID 8J     ???(2 .   R i g h t   L i m i t - 1 @ E n d   E f f e c t o r   F u l l   B u i l d                
2026-09-14 15:37:47,931 INFO  CommonSwOperations.cs: 254 - Successfully loaded component C:\Users\Drown\Documents\CAD\Open Manipulator X 6\End Effector\2. Right Limit.SLDPRT
2026-09-14 15:37:47,931 INFO  CommonSwOperations.cs: 245 - Loading component with PID 8J     ???(3 .   L e f t   L i m i t t - 1 @ E n d   E f f e c t o r   F u l l   B u i l d             )   
2026-09-14 15:37:47,932 INFO  CommonSwOperations.cs: 254 - Successfully loaded component C:\Users\Drown\Documents\CAD\Open Manipulator X 6\End Effector\3. Left Limitt.SLDPRT
2026-09-14 15:37:47,932 INFO  CommonSwOperations.cs: 245 - Loading component with PID 8J     ???/1 .   E n d   E f f e c t o r   s e r v o - 1 @ E n d   E f f e c t o r   F u l l   B u i l d                
2026-09-14 15:37:47,933 INFO  CommonSwOperations.cs: 254 - Successfully loaded component C:\Users\Drown\Documents\CAD\Open Manipulator X 6\End Effector\1. End Effector servo.SLDPRT
2026-09-14 15:37:47,934 INFO  CommonSwOperations.cs: 230 - Loaded 3 components for link ring_link
2026-09-14 15:37:47,934 INFO  CommonSwOperations.cs: 221 - Loading SolidWorks components for finger_1 from C:\Users\Drown\Documents\CAD\Open Manipulator X 6\End Effector\End Effector Full Build.SLDASM
2026-09-14 15:37:47,935 INFO  CommonSwOperations.cs: 245 - Loading component with PID 8J     ???(6 .   R i g h t   P r o n g - 1 @ E n d   E f f e c t o r   F u l l   B u i l d             $   
2026-09-14 15:37:47,935 INFO  CommonSwOperations.cs: 254 - Successfully loaded component C:\Users\Drown\Documents\CAD\Open Manipulator X 6\End Effector\6. Right Prong.SLDPRT
2026-09-14 15:37:47,936 INFO  CommonSwOperations.cs: 245 - Loading component with PID 8J     ???(5 .   R i g h t   M o u n t - 1 @ E n d   E f f e c t o r   F u l l   B u i l d                
2026-09-14 15:37:47,937 INFO  CommonSwOperations.cs: 254 - Successfully loaded component C:\Users\Drown\Documents\CAD\Open Manipulator X 6\End Effector\5. Right Mount.SLDPRT
2026-09-14 15:37:47,937 INFO  CommonSwOperations.cs: 245 - Loading component with PID 8J     ???&9 .   R i g h t   T a b - 1 @ E n d   E f f e c t o r   F u l l   B u i l d             I   
2026-09-14 15:37:47,938 INFO  CommonSwOperations.cs: 254 - Successfully loaded component C:\Users\Drown\Documents\CAD\Open Manipulator X 6\End Effector\9. Right Tab.SLDPRT
2026-09-14 15:37:47,939 INFO  CommonSwOperations.cs: 230 - Loaded 3 components for link finger_1
2026-09-14 15:37:47,940 INFO  CommonSwOperations.cs: 221 - Loading SolidWorks components for finger_2 from C:\Users\Drown\Documents\CAD\Open Manipulator X 6\End Effector\End Effector Full Build.SLDASM
2026-09-14 15:37:47,940 INFO  CommonSwOperations.cs: 245 - Loading component with PID 8J     ???'8 .   L e f t   P r o n g - 1 @ E n d   E f f e c t o r   F u l l   B u i l d             3   
2026-09-14 15:37:47,976 INFO  CommonSwOperations.cs: 254 - Successfully loaded component C:\Users\Drown\Documents\CAD\Open Manipulator X 6\End Effector\8. Left Prong.SLDPRT
2026-09-14 15:37:47,977 INFO  CommonSwOperations.cs: 245 - Loading component with PID 8J     ???'7 .   L e f t   M o u n t - 1 @ E n d   E f f e c t o r   F u l l   B u i l d             /   
2026-09-14 15:37:47,978 INFO  CommonSwOperations.cs: 254 - Successfully loaded component C:\Users\Drown\Documents\CAD\Open Manipulator X 6\End Effector\7. Left Mount.SLDPRT
2026-09-14 15:37:47,978 INFO  CommonSwOperations.cs: 245 - Loading component with PID 8J     ???&1 0 .   L e f t   T a b - 1 @ E n d   E f f e c t o r   F u l l   B u i l d             M   
2026-09-14 15:37:47,979 INFO  CommonSwOperations.cs: 254 - Successfully loaded component C:\Users\Drown\Documents\CAD\Open Manipulator X 6\End Effector\10. Left Tab.SLDPRT
2026-09-14 15:37:47,980 INFO  CommonSwOperations.cs: 230 - Loaded 3 components for link finger_2
2026-09-14 15:37:48,032 INFO  SwAddin.cs: 344 - Showing property manager
2026-09-14 15:37:55,846 INFO  ExportPropertyManager.cs: 422 - Configuration saved
2026-09-14 15:37:55,849 INFO  ConfigurationSerialization.cs: 276 - URDF Configuration found
<Link z:Id="i1" xmlns="http://schemas.datacontract.org/2004/07/SW2URDF" xmlns:i="http://www.w3.org/2001/XMLSchema-instance" xmlns:z="http://schemas.microsoft.com/2003/10/Serialization/"><Attributes><Attribute z:Id="i2"><AttributeType>name</AttributeType><IsRequired>true</IsRequired><Value i:type="a:string" xmlns:a="http://www.w3.org/2001/XMLSchema">base_link</Value></Attribute></Attributes><ChildElements><URDFElement z:Id="i3" i:type="Inertial"><Attributes/><ChildElements><URDFElement z:Id="i4" i:type="Origin"><Attributes><Attribute z:Id="i5"><AttributeType>xyz</AttributeType><IsRequired>true</IsRequired><Value i:type="a:ArrayOfdouble" xmlns:a="http://schemas.microsoft.com/2003/10/Serialization/Arrays"><a:double>0</a:double><a:double>0</a:double><a:double>0</a:double></Value></Attribute><Attribute z:Id="i6"><AttributeType>rpy</AttributeType><IsRequired>true</IsRequired><Value i:type="a:ArrayOfdouble" xmlns:a="http://schemas.microsoft.com/2003/10/Serialization/Arrays"><a:double>0</a:double><a:double>0</a:double><a:double>0</a:double></Value></Attribute></Attributes><ChildElements/><ElementName>origin</ElementName><required>false</required><RPYAttribute z:Ref="i6"/><XYZAttribute z:Ref="i5"/><isCustomized>false</isCustomized></URDFElement><URDFElement z:Id="i7" i:type="Mass"><Attributes><Attribute z:Id="i8"><AttributeType>value</AttributeType><IsRequired>true</IsRequired><Value i:type="a:double" xmlns:a="http://www.w3.org/2001/XMLSchema">0</Value></Attribute></Attributes><ChildElements/><ElementName>mass</ElementName><required>false</required><ValueAttribute z:Ref="i8"/></URDFElement><URDFElement z:Id="i9" i:type="Inertia"><Attributes><Attribute z:Id="i10"><AttributeType>ixx</AttributeType><IsRequired>true</IsRequired><Value i:type="a:double" xmlns:a="http://www.w3.org/2001/XMLSchema">0</Value></Attribute><Attribute z:Id="i11"><AttributeType>ixy</AttributeType><IsRequired>true</IsRequired><Value i:type="a:double" xmlns:a="http://www.w3.org/2001/XMLSchema">0</Value></Attribute><Attribute z:Id="i12"><AttributeType>ixz</AttributeType><IsRequired>true</IsRequired><Value i:type="a:double" xmlns:a="http://www.w3.org/2001/XMLSchema">0</Value></Attribute><Attribute z:Id="i13"><AttributeType>iyy</AttributeType><IsRequired>true</IsRequired><Value i:type="a:double" xmlns:a="http://www.w3.org/2001/XMLSchema">0</Value></Attribute><Attribute z:Id="i14"><AttributeType>iyz</AttributeType><IsRequired>true</IsRequired><Value i:type="a:double" xmlns:a="http://www.w3.org/2001/XMLSchema">0</Value></Attribute><Attribute z:Id="i15"><AttributeType>izz</AttributeType><IsRequired>true</IsRequired><Value i:type="a:double" xmlns:a="http://www.w3.org/2001/XMLSchema">0</Value></Attribute></Attributes><ChildElements/><ElementName>inertia</ElementName><required>false</required><IxxAttribute z:Ref="i10"/><IxyAttribute z:Ref="i11"/><IxzAttribute z:Ref="i12"/><IyyAttribute z:Ref="i13"/><IyzAttribute z:Ref="i14"/><IzzAttribute z:Ref="i15"/></URDFElement></ChildElements><ElementName>inertial</ElementName><required>false</required><Inertia z:Ref="i9"/><Mass z:Ref="i7"/><Origin z:Ref="i4"/></URDFElement><URDFElement z:Id="i16" i:type="Visual"><Attributes/><ChildElements><URDFElement z:Id="i17" i:type="Origin"><Attributes><Attribute z:Id="i18"><AttributeType>xyz</AttributeType><IsRequired>true</IsRequired><Value i:type="a:ArrayOfdouble" xmlns:a="http://schemas.microsoft.com/2003/10/Serialization/Arrays"><a:double>0</a:double><a:double>0</a:double><a:double>0</a:double></Value></Attribute><Attribute z:Id="i19"><AttributeType>rpy</AttributeType><IsRequired>true</IsRequired><Value i:type="a:ArrayOfdouble" xmlns:a="http://schemas.microsoft.com/2003/10/Serialization/Arrays"><a:double>0</a:double><a:double>0</a:double><a:double>0</a:double></Value></Attribute></Attributes><ChildElements/><ElementName>origin</ElementName><required>false</required><RPYAttribute z:Ref="i19"/><XYZAttribute z:Ref="i18"/><isCustomized>false</isCustomized></URDFElement><URDFElement z:Id="i20" i:type="Geometry"><Attributes/><ChildElements><URDFElement z:Id="i21" i:type="Mesh"><Attributes><Attribute z:Id="i22"><AttributeType>filename</AttributeType><IsRequired>true</IsRequired><Value i:nil="true"/></Attribute></Attributes><ChildElements/><ElementName>mesh</ElementName><required>false</required><FilenameAttribute z:Ref="i22"/></URDFElement></ChildElements><ElementName>geometry</ElementName><required>true</required><Mesh z:Ref="i21"/></URDFElement><URDFElement z:Id="i23" i:type="Material"><Attributes><Attribute z:Id="i24"><AttributeType>name</AttributeType><IsRequired>true</IsRequired><Value i:type="a:string" xmlns:a="http://www.w3.org/2001/XMLSchema"/></Attribute></Attributes><ChildElements><URDFElement z:Id="i25" i:type="Color"><Attributes><Attribute z:Id="i26"><AttributeType>rgba</AttributeType><IsRequired>true</IsRequired><Value i:type="a:ArrayOfdouble" xmlns:a="http://schemas.microsoft.com/2003/10/Serialization/Arrays"><a:double>1</a:double><a:double>1</a:double><a:double>1</a:double><a:double>1</a:double></Value></Attribute></Attributes><ChildElements/><ElementName>color</ElementName><required>false</required><RGBAAttribute z:Ref="i26"/></URDFElement><URDFElement z:Id="i27" i:type="Texture"><Attributes><Attribute z:Id="i28"><AttributeType>filename</AttributeType><IsRequired>true</IsRequired><Value i:nil="true"/></Attribute></Attributes><ChildElements/><ElementName>texture</ElementName><required>false</required><FilenameAttribute z:Ref="i28"/><wFilename/></URDFElement></ChildElements><ElementName>material</ElementName><required>false</required><Color z:Ref="i25"/><NameAttribute z:Ref="i24"/><Texture z:Ref="i27"/></URDFElement></ChildElements><ElementName>visual</ElementName><required>false</required><Geometry z:Ref="i20"/><Material z:Ref="i23"/><Origin z:Ref="i17"/></URDFElement><URDFElement z:Id="i29" i:type="Collision"><Attributes/><ChildElements><URDFElement z:Id="i30" i:type="Origin"><Attributes><Attribute z:Id="i31"><AttributeType>xyz</AttributeType><IsRequired>true</IsRequired><Value i:type="a:ArrayOfdouble" xmlns:a="http://schemas.microsoft.com/2003/10/Serialization/Arrays"><a:double>0</a:double><a:double>0</a:double><a:double>0</a:double></Value></Attribute><Attribute z:Id="i32"><AttributeType>rpy</AttributeType><IsRequired>true</IsRequired><Value i:type="a:ArrayOfdouble" xmlns:a="http://schemas.microsoft.com/2003/10/Serialization/Arrays"><a:double>0</a:double><a:double>0</a:double><a:double>0</a:double></Value></Attribute></Attributes><ChildElements/><ElementName>origin</ElementName><required>false</required><RPYAttribute z:Ref="i32"/><XYZAttribute z:Ref="i31"/><isCustomized>false</isCustomized></URDFElement><URDFElement z:Id="i33" i:type="Geometry"><Attributes/><ChildElements><URDFElement z:Id="i34" i:type="Mesh"><Attributes><Attribute z:Id="i35"><AttributeType>filename</AttributeType><IsRequired>true</IsRequired><Value i:nil="true"/></Attribute></Attributes><ChildElements/><ElementName>mesh</ElementName><required>false</required><FilenameAttribute z:Ref="i35"/></URDFElement></ChildElements><ElementName>geometry</ElementName><required>true</required><Mesh z:Ref="i34"/></URDFElement></ChildElements><ElementName>collision</ElementName><required>false</required><Geometry z:Ref="i33"/><Origin z:Ref="i30"/></URDFElement><URDFElement z:Id="i36" i:type="Joint"><Attributes><Attribute z:Id="i37"><AttributeType>name</AttributeType><IsRequired>true</IsRequired><Value i:type="a:string" xmlns:a="http://www.w3.org/2001/XMLSchema"/></Attribute><Attribute z:Id="i38"><AttributeType>type</AttributeType><IsRequired>true</IsRequired><Value i:type="a:string" xmlns:a="http://www.w3.org/2001/XMLSchema"/></Attribute></Attributes><ChildElements><URDFElement z:Id="i39" i:type="Origin"><Attributes><Attribute z:Id="i40"><AttributeType>xyz</AttributeType><IsRequired>true</IsRequired><Value i:type="a:ArrayOfdouble" xmlns:a="http://schemas.microsoft.com/2003/10/Serialization/Arrays"><a:double>0</a:double><a:double>0</a:double><a:double>0</a:double></Value></Attribute><Attribute z:Id="i41"><AttributeType>rpy</AttributeType><IsRequired>true</IsRequired><Value i:type="a:ArrayOfdouble" xmlns:a="http://schemas.microsoft.com/2003/10/Serialization/Arrays"><a:double>0</a:double><a:double>0</a:double><a:double>0</a:double></Value></Attribute></Attributes><ChildElements/><ElementName>origin</ElementName><required>false</required><RPYAttribute z:Ref="i41"/><XYZAttribute z:Ref="i40"/><isCustomized>false</isCustomized></URDFElement><URDFElement z:Id="i42" i:type="ParentLink"><Attributes><Attribute z:Id="i43"><AttributeType>link</AttributeType><IsRequired>true</IsRequired><Value i:type="a:string" xmlns:a="http://www.w3.org/2001/XMLSchema"/></Attribute></Attributes><ChildElements/><ElementName>parent</ElementName><required>true</required><NameAttribute z:Ref="i43"/></URDFElement><URDFElement z:Id="i44" i:type="ChildLink"><Attributes><Attribute z:Id="i45"><AttributeType>link</AttributeType><IsRequired>true</IsRequired><Value i:type="a:string" xmlns:a="http://www.w3.org/2001/XMLSchema"/></Attribute></Attributes><ChildElements/><ElementName>child</ElementName><required>true</required><NameAttribute z:Ref="i45"/></URDFElement><URDFElement z:Id="i46" i:type="Axis"><Attributes><Attribute z:Id="i47"><AttributeType>xyz</AttributeType><IsRequired>true</IsRequired><Value i:type="a:ArrayOfdouble" xmlns:a="http://schemas.microsoft.com/2003/10/Serialization/Arrays"><a:double>0</a:double><a:double>0</a:double><a:double>0</a:double></Value></Attribute></Attributes><ChildElements/><ElementName>axis</ElementName><required>false</required><XYZAttribute z:Ref="i47"/></URDFElement><URDFElement z:Id="i48" i:type="Limit"><Attributes><Attribute z:Id="i49"><AttributeType>lower</AttributeType><IsRequired>false</IsRequired><Value i:nil="true"/></Attribute><Attribute z:Id="i50"><AttributeType>upper</AttributeType><IsRequired>false</IsRequired><Value i:nil="true"/></Attribute><Attribute z:Id="i51"><AttributeType>effort</AttributeType><IsRequired>true</IsRequired><Value i:nil="true"/></Attribute><Attribute z:Id="i52"><AttributeType>velocity</AttributeType><IsRequired>true</IsRequired><Value i:nil="true"/></Attribute></Attributes><ChildElements/><ElementName>limit</ElementName><required>false</required><EffortAttribute z:Ref="i51"/><LowerAttribute z:Ref="i49"/><UpperAttribute z:Ref="i50"/><VelocityAttribute z:Ref="i52"/></URDFElement><URDFElement z:Id="i53" i:type="Calibration"><Attributes><Attribute z:Id="i54"><AttributeType>rising</AttributeType><IsRequired>false</IsRequired><Value i:nil="true"/></Attribute><Attribute z:Id="i55"><AttributeType>falling</AttributeType><IsRequired>false</IsRequired><Value i:nil="true"/></Attribute></Attributes><ChildElements/><ElementName>calibration</ElementName><required>false</required><FallingAttribute z:Ref="i55"/><RisingAttribute z:Ref="i54"/></URDFElement><URDFElement z:Id="i56" i:type="Dynamics"><Attributes><Attribute z:Id="i57"><AttributeType>damping</AttributeType><IsRequired>false</IsRequired><Value i:nil="true"/></Attribute><Attribute z:Id="i58"><AttributeType>friction</AttributeType><IsRequired>false</IsRequired><Value i:nil="true"/></Attribute></Attributes><ChildElements/><ElementName>dynamics</ElementName><required>false</required><DampingAttribute z:Ref="i57"/><FrictionAttribute z:Ref="i58"/></URDFElement><URDFElement z:Id="i59" i:type="SafetyController"><Attributes><Attribute z:Id="i60"><AttributeType>soft_upper_limit</AttributeType><IsRequired>false</IsRequired><Value i:nil="true"/></Attribute><Attribute z:Id="i61"><AttributeType>soft_lower_limit</AttributeType><IsRequired>false</IsRequired><Value i:nil="true"/></Attribute><Attribute z:Id="i62"><AttributeType>k_position</AttributeType><IsRequired>false</IsRequired><Value i:nil="true"/></Attribute><Attribute z:Id="i63"><AttributeType>k_velocity</AttributeType><IsRequired>true</IsRequired><Value i:nil="true"/></Attribute></Attributes><ChildElements/><ElementName>safety_controller</ElementName><required>false</required><KPositionAttribute z:Ref="i62"/><KVelocityAttribute z:Ref="i63"/><SoftLowerAttribute z:Ref="i61"/><SoftUpperAttribute z:Ref="i60"/></URDFElement><URDFElement z:Id="i64" i:type="Mimic"><Attributes><Attribute z:Id="i65"><AttributeType>joint</AttributeType><IsRequired>true</IsRequired><Value i:nil="true"/></Attribute><Attribute z:Id="i66"><AttributeType>multiplier</AttributeType><IsRequired>false</IsRequired><Value i:nil="true"/></Attribute><Attribute z:Id="i67"><AttributeType>offset</AttributeType><IsRequired>false</IsRequired><Value i:nil="true"/></Attribute></Attributes><ChildElements/><ElementName>mimic</ElementName><required>false</required><JointNameAttribute z:Ref="i65"/><MultiplierAttribute z:Ref="i66"/><OffsetAttribute z:Ref="i67"/></URDFElement></ChildElements><ElementName>joint</ElementName><required>false</required><Axis z:Ref="i46"/><AxisName/><Calibration z:Ref="i53"/><Child z:Ref="i44"/><CoordinateSystemName>Automatically Generate</CoordinateSystemName><Dynamics z:Ref="i56"/><Limit z:Ref="i48"/><Mimic z:Ref="i64"/><NameAttribute z:Ref="i37"/><Origin z:Ref="i39"/><Parent z:Ref="i42"/><Safety z:Ref="i59"/><TypeAttribute z:Ref="i38"/></URDFElement></ChildElements><ElementName>link</ElementName><required>true</required><Children><Link z:Id="i68"><Attributes><Attribute z:Id="i69"><AttributeType>name</AttributeType><IsRequired>true</IsRequired><Value i:type="a:string" xmlns:a="http://www.w3.org/2001/XMLSchema">ring_link</Value></Attribute></Attributes><ChildElements><URDFElement z:Id="i70" i:type="Inertial"><Attributes/><ChildElements><URDFElement z:Id="i71" i:type="Origin"><Attributes><Attribute z:Id="i72"><AttributeType>xyz</AttributeType><IsRequired>true</IsRequired><Value i:type="a:ArrayOfdouble" xmlns:a="http://schemas.microsoft.com/2003/10/Serialization/Arrays"><a:double>0</a:double><a:double>0</a:double><a:double>0</a:double></Value></Attribute><Attribute z:Id="i73"><AttributeType>rpy</AttributeType><IsRequired>true</IsRequired><Value i:type="a:ArrayOfdouble" xmlns:a="http://schemas.microsoft.com/2003/10/Serialization/Arrays"><a:double>0</a:double><a:double>0</a:double><a:double>0</a:double></Value></Attribute></Attributes><ChildElements/><ElementName>origin</ElementName><required>false</required><RPYAttribute z:Ref="i73"/><XYZAttribute z:Ref="i72"/><isCustomized>false</isCustomized></URDFElement><URDFElement z:Id="i74" i:type="Mass"><Attributes><Attribute z:Id="i75"><AttributeType>value</AttributeType><IsRequired>true</IsRequired><Value i:type="a:double" xmlns:a="http://www.w3.org/2001/XMLSchema">0</Value></Attribute></Attributes><ChildElements/><ElementName>mass</ElementName><required>false</required><ValueAttribute z:Ref="i75"/></URDFElement><URDFElement z:Id="i76" i:type="Inertia"><Attributes><Attribute z:Id="i77"><AttributeType>ixx</AttributeType><IsRequired>true</IsRequired><Value i:type="a:double" xmlns:a="http://www.w3.org/2001/XMLSchema">0</Value></Attribute><Attribute z:Id="i78"><AttributeType>ixy</AttributeType><IsRequired>true</IsRequired><Value i:type="a:double" xmlns:a="http://www.w3.org/2001/XMLSchema">0</Value></Attribute><Attribute z:Id="i79"><AttributeType>ixz</AttributeType><IsRequired>true</IsRequired><Value i:type="a:double" xmlns:a="http://www.w3.org/2001/XMLSchema">0</Value></Attribute><Attribute z:Id="i80"><AttributeType>iyy</AttributeType><IsRequired>true</IsRequired><Value i:type="a:double" xmlns:a="http://www.w3.org/2001/XMLSchema">0</Value></Attribute><Attribute z:Id="i81"><AttributeType>iyz</AttributeType><IsRequired>true</IsRequired><Value i:type="a:double" xmlns:a="http://www.w3.org/2001/XMLSchema">0</Value></Attribute><Attribute z:Id="i82"><AttributeType>izz</AttributeType><IsRequired>true</IsRequired><Value i:type="a:double" xmlns:a="http://www.w3.org/2001/XMLSchema">0</Value></Attribute></Attributes><ChildElements/><ElementName>inertia</ElementName><required>false</required><IxxAttribute z:Ref="i77"/><IxyAttribute z:Ref="i78"/><IxzAttribute z:Ref="i79"/><IyyAttribute z:Ref="i80"/><IyzAttribute z:Ref="i81"/><IzzAttribute z:Ref="i82"/></URDFElement></ChildElements><ElementName>inertial</ElementName><required>false</required><Inertia z:Ref="i76"/><Mass z:Ref="i74"/><Origin z:Ref="i71"/></URDFElement><URDFElement z:Id="i83" i:type="Visual"><Attributes/><ChildElements><URDFElement z:Id="i84" i:type="Origin"><Attributes><Attribute z:Id="i85"><AttributeType>xyz</AttributeType><IsRequired>true</IsRequired><Value i:type="a:ArrayOfdouble" xmlns:a="http://schemas.microsoft.com/2003/10/Serialization/Arrays"><a:double>0</a:double><a:double>0</a:double><a:double>0</a:double></Value></Attribute><Attribute z:Id="i86"><AttributeType>rpy</AttributeType><IsRequired>true</IsRequired><Value i:type="a:ArrayOfdouble" xmlns:a="http://schemas.microsoft.com/2003/10/Serialization/Arrays"><a:double>0</a:double><a:double>0</a:double><a:double>0</a:double></Value></Attribute></Attributes><ChildElements/><ElementName>origin</ElementName><required>false</required><RPYAttribute z:Ref="i86"/><XYZAttribute z:Ref="i85"/><isCustomized>false</isCustomized></URDFElement><URDFElement z:Id="i87" i:type="Geometry"><Attributes/><ChildElements><URDFElement z:Id="i88" i:type="Mesh"><Attributes><Attribute z:Id="i89"><AttributeType>filename</AttributeType><IsRequired>true</IsRequired><Value i:nil="true"/></Attribute></Attributes><ChildElements/><ElementName>mesh</ElementName><required>false</required><FilenameAttribute z:Ref="i89"/></URDFElement></ChildElements><ElementName>geometry</ElementName><required>true</required><Mesh z:Ref="i88"/></URDFElement><URDFElement z:Id="i90" i:type="Material"><Attributes><Attribute z:Id="i91"><AttributeType>name</AttributeType><IsRequired>true</IsRequired><Value i:type="a:string" xmlns:a="http://www.w3.org/2001/XMLSchema"/></Attribute></Attributes><ChildElements><URDFElement z:Id="i92" i:type="Color"><Attributes><Attribute z:Id="i93"><AttributeType>rgba</AttributeType><IsRequired>true</IsRequired><Value i:type="a:ArrayOfdouble" xmlns:a="http://schemas.microsoft.com/2003/10/Serialization/Arrays"><a:double>1</a:double><a:double>1</a:double><a:double>1</a:double><a:double>1</a:double></Value></Attribute></Attributes><ChildElements/><ElementName>color</ElementName><required>false</required><RGBAAttribute z:Ref="i93"/></URDFElement><URDFElement z:Id="i94" i:type="Texture"><Attributes><Attribute z:Id="i95"><AttributeType>filename</AttributeType><IsRequired>true</IsRequired><Value i:nil="true"/></Attribute></Attributes><ChildElements/><ElementName>texture</ElementName><required>false</required><FilenameAttribute z:Ref="i95"/><wFilename/></URDFElement></ChildElements><ElementName>material</ElementName><required>false</required><Color z:Ref="i92"/><NameAttribute z:Ref="i91"/><Texture z:Ref="i94"/></URDFElement></ChildElements><ElementName>visual</ElementName><required>false</required><Geometry z:Ref="i87"/><Material z:Ref="i90"/><Origin z:Ref="i84"/></URDFElement><URDFElement z:Id="i96" i:type="Collision"><Attributes/><ChildElements><URDFElement z:Id="i97" i:type="Origin"><Attributes><Attribute z:Id="i98"><AttributeType>xyz</AttributeType><IsRequired>true</IsRequired><Value i:type="a:ArrayOfdouble" xmlns:a="http://schemas.microsoft.com/2003/10/Serialization/Arrays"><a:double>0</a:double><a:double>0</a:double><a:double>0</a:double></Value></Attribute><Attribute z:Id="i99"><AttributeType>rpy</AttributeType><IsRequired>true</IsRequired><Value i:type="a:ArrayOfdouble" xmlns:a="http://schemas.microsoft.com/2003/10/Serialization/Arrays"><a:double>0</a:double><a:double>0</a:double><a:double>0</a:double></Value></Attribute></Attributes><ChildElements/><ElementName>origin</ElementName><required>false</required><RPYAttribute z:Ref="i99"/><XYZAttribute z:Ref="i98"/><isCustomized>false</isCustomized></URDFElement><URDFElement z:Id="i100" i:type="Geometry"><Attributes/><ChildElements><URDFElement z:Id="i101" i:type="Mesh"><Attributes><Attribute z:Id="i102"><AttributeType>filename</AttributeType><IsRequired>true</IsRequired><Value i:nil="true"/></Attribute></Attributes><ChildElements/><ElementName>mesh</ElementName><required>false</required><FilenameAttribute z:Ref="i102"/></URDFElement></ChildElements><ElementName>geometry</ElementName><required>true</required><Mesh z:Ref="i101"/></URDFElement></ChildElements><ElementName>collision</ElementName><required>false</required><Geometry z:Ref="i100"/><Origin z:Ref="i97"/></URDFElement><URDFElement z:Id="i103" i:type="Joint"><Attributes><Attribute z:Id="i104"><AttributeType>name</AttributeType><IsRequired>true</IsRequired><Value i:type="a:string" xmlns:a="http://www.w3.org/2001/XMLSchema">ring_joint</Value></Attribute><Attribute z:Id="i105"><AttributeType>type</AttributeType><IsRequired>true</IsRequired><Value i:type="a:string" xmlns:a="http://www.w3.org/2001/XMLSchema">revolute</Value></Attribute></Attributes><ChildElements><URDFElement z:Id="i106" i:type="Origin"><Attributes><Attribute z:Id="i107"><AttributeType>xyz</AttributeType><IsRequired>true</IsRequired><Value i:type="a:ArrayOfdouble" xmlns:a="http://schemas.microsoft.com/2003/10/Serialization/Arrays"><a:double>0</a:double><a:double>0</a:double><a:double>0</a:double></Value></Attribute><Attribute z:Id="i108"><AttributeType>rpy</AttributeType><IsRequired>true</IsRequired><Value i:type="a:ArrayOfdouble" xmlns:a="http://schemas.microsoft.com/2003/10/Serialization/Arrays"><a:double>0</a:double><a:double>0</a:double><a:double>0</a:double></Value></Attribute></Attributes><ChildElements/><ElementName>origin</ElementName><required>false</required><RPYAttribute z:Ref="i108"/><XYZAttribute z:Ref="i107"/><isCustomized>false</isCustomized></URDFElement><URDFElement z:Id="i109" i:type="ParentLink"><Attributes><Attribute z:Id="i110"><AttributeType>link</AttributeType><IsRequired>true</IsRequired><Value i:type="a:string" xmlns:a="http://www.w3.org/2001/XMLSchema"/></Attribute></Attributes><ChildElements/><ElementName>parent</ElementName><required>true</required><NameAttribute z:Ref="i110"/></URDFElement><URDFElement z:Id="i111" i:type="ChildLink"><Attributes><Attribute z:Id="i112"><AttributeType>link</AttributeType><IsRequired>true</IsRequired><Value i:type="a:string" xmlns:a="http://www.w3.org/2001/XMLSchema"/></Attribute></Attributes><ChildElements/><ElementName>child</ElementName><required>true</required><NameAttribute z:Ref="i112"/></URDFElement><URDFElement z:Id="i113" i:type="Axis"><Attributes><Attribute z:Id="i114"><AttributeType>xyz</AttributeType><IsRequired>true</IsRequired><Value i:type="a:ArrayOfdouble" xmlns:a="http://schemas.microsoft.com/2003/10/Serialization/Arrays"><a:double>0</a:double><a:double>0</a:double><a:double>0</a:double></Value></Attribute></Attributes><ChildElements/><ElementName>axis</ElementName><required>false</required><XYZAttribute z:Ref="i114"/></URDFElement><URDFElement z:Id="i115" i:type="Limit"><Attributes><Attribute z:Id="i116"><AttributeType>lower</AttributeType><IsRequired>false</IsRequired><Value i:nil="true"/></Attribute><Attribute z:Id="i117"><AttributeType>upper</AttributeType><IsRequired>false</IsRequired><Value i:nil="true"/></Attribute><Attribute z:Id="i118"><AttributeType>effort</AttributeType><IsRequired>true</IsRequired><Value i:nil="true"/></Attribute><Attribute z:Id="i119"><AttributeType>velocity</AttributeType><IsRequired>true</IsRequired><Value i:nil="true"/></Attribute></Attributes><ChildElements/><ElementName>limit</ElementName><required>false</required><EffortAttribute z:Ref="i118"/><LowerAttribute z:Ref="i116"/><UpperAttribute z:Ref="i117"/><VelocityAttribute z:Ref="i119"/></URDFElement><URDFElement z:Id="i120" i:type="Calibration"><Attributes><Attribute z:Id="i121"><AttributeType>rising</AttributeType><IsRequired>false</IsRequired><Value i:nil="true"/></Attribute><Attribute z:Id="i122"><AttributeType>falling</AttributeType><IsRequired>false</IsRequired><Value i:nil="true"/></Attribute></Attributes><ChildElements/><ElementName>calibration</ElementName><required>false</required><FallingAttribute z:Ref="i122"/><RisingAttribute z:Ref="i121"/></URDFElement><URDFElement z:Id="i123" i:type="Dynamics"><Attributes><Attribute z:Id="i124"><AttributeType>damping</AttributeType><IsRequired>false</IsRequired><Value i:nil="true"/></Attribute><Attribute z:Id="i125"><AttributeType>friction</AttributeType><IsRequired>false</IsRequired><Value i:nil="true"/></Attribute></Attributes><ChildElements/><ElementName>dynamics</ElementName><required>false</required><DampingAttribute z:Ref="i124"/><FrictionAttribute z:Ref="i125"/></URDFElement><URDFElement z:Id="i126" i:type="SafetyController"><Attributes><Attribute z:Id="i127"><AttributeType>soft_upper_limit</AttributeType><IsRequired>false</IsRequired><Value i:nil="true"/></Attribute><Attribute z:Id="i128"><AttributeType>soft_lower_limit</AttributeType><IsRequired>false</IsRequired><Value i:nil="true"/></Attribute><Attribute z:Id="i129"><AttributeType>k_position</AttributeType><IsRequired>false</IsRequired><Value i:nil="true"/></Attribute><Attribute z:Id="i130"><AttributeType>k_velocity</AttributeType><IsRequired>true</IsRequired><Value i:nil="true"/></Attribute></Attributes><ChildElements/><ElementName>safety_controller</ElementName><required>false</required><KPositionAttribute z:Ref="i129"/><KVelocityAttribute z:Ref="i130"/><SoftLowerAttribute z:Ref="i128"/><SoftUpperAttribute z:Ref="i127"/></URDFElement><URDFElement z:Id="i131" i:type="Mimic"><Attributes><Attribute z:Id="i132"><AttributeType>joint</AttributeType><IsRequired>true</IsRequired><Value i:nil="true"/></Attribute><Attribute z:Id="i133"><AttributeType>multiplier</AttributeType><IsRequired>false</IsRequired><Value i:nil="true"/></Attribute><Attribute z:Id="i134"><AttributeType>offset</AttributeType><IsRequired>false</IsRequired><Value i:nil="true"/></Attribute></Attributes><ChildElements/><ElementName>mimic</ElementName><required>false</required><JointNameAttribute z:Ref="i132"/><MultiplierAttribute z:Ref="i133"/><OffsetAttribute z:Ref="i134"/></URDFElement></ChildElements><ElementName>joint</ElementName><required>false</required><Axis z:Ref="i113"/><AxisName>Axis1</AxisName><Calibration z:Ref="i120"/><Child z:Ref="i111"/><CoordinateSystemName>Coordinate System5</CoordinateSystemName><Dynamics z:Ref="i123"/><Limit z:Ref="i115"/><Mimic z:Ref="i131"/><NameAttribute z:Ref="i104"/><Origin z:Ref="i106"/><Parent z:Ref="i109"/><Safety z:Ref="i126"/><TypeAttribute z:Ref="i105"/></URDFElement></ChildElements><ElementName>link</ElementName><required>true</required><Children/><Collision z:Ref="i96"/><Inertial z:Ref="i70"/><Joint z:Ref="i103"/><NameAttribute z:Ref="i69"/><Parent z:Ref="i1"/><STLQualityFine>false</STLQualityFine><SWComponentPIDs xmlns:a="http://schemas.microsoft.com/2003/10/Serialization/Arrays"><a:base64Binary>OEoAAAUAAAD//v8oMgAuACAAUgBpAGcAaAB0ACAATABpAG0AaQB0AC0AMQBAAEUAbgBkACAARQBmAGYAZQBjAHQAbwByACAARgB1AGwAbAAgAEIAdQBpAGwAZAAEAAAAEAAAAAEAAAABAAAAFwAAAA==</a:base64Binary><a:base64Binary>OEoAAAUAAAD//v8oMwAuACAATABlAGYAdAAgAEwAaQBtAGkAdAB0AC0AMQBAAEUAbgBkACAARQBmAGYAZQBjAHQAbwByACAARgB1AGwAbAAgAEIAdQBpAGwAZAAEAAAAEAAAAAEAAAABAAAAKQAAAA==</a:base64Binary><a:base64Binary>OEoAAAUAAAD//v8vMQAuACAARQBuAGQAIABFAGYAZgBlAGMAdABvAHIAIABzAGUAcgB2AG8ALQAxAEAARQBuAGQAIABFAGYAZgBlAGMAdABvAHIAIABGAHUAbABsACAAQgB1AGkAbABkAAQAAAAQAAAAAQAAAAEAAAAWAAAA</a:base64Binary></SWComponentPIDs><SWMainComponentPID i:nil="true"/><Visual z:Ref="i83"/><isFixedFrame>false</isFixedFrame><isIncomplete>false</isIncomplete></Link><Link z:Id="i135"><Attributes><Attribute z:Id="i136"><AttributeType>name</AttributeType><IsRequired>true</IsRequired><Value i:type="a:string" xmlns:a="http://www.w3.org/2001/XMLSchema">finger_1</Value></Attribute></Attributes><ChildElements><URDFElement z:Id="i137" i:type="Inertial"><Attributes/><ChildElements><URDFElement z:Id="i138" i:type="Origin"><Attributes><Attribute z:Id="i139"><AttributeType>xyz</AttributeType><IsRequired>true</IsRequired><Value i:type="a:ArrayOfdouble" xmlns:a="http://schemas.microsoft.com/2003/10/Serialization/Arrays"><a:double>0</a:double><a:double>0</a:double><a:double>0</a:double></Value></Attribute><Attribute z:Id="i140"><AttributeType>rpy</AttributeType><IsRequired>true</IsRequired><Value i:type="a:ArrayOfdouble" xmlns:a="http://schemas.microsoft.com/2003/10/Serialization/Arrays"><a:double>0</a:double><a:double>0</a:double><a:double>0</a:double></Value></Attribute></Attributes><ChildElements/><ElementName>origin</ElementName><required>false</required><RPYAttribute z:Ref="i140"/><XYZAttribute z:Ref="i139"/><isCustomized>false</isCustomized></URDFElement><URDFElement z:Id="i141" i:type="Mass"><Attributes><Attribute z:Id="i142"><AttributeType>value</AttributeType><IsRequired>true</IsRequired><Value i:type="a:double" xmlns:a="http://www.w3.org/2001/XMLSchema">0</Value></Attribute></Attributes><ChildElements/><ElementName>mass</ElementName><required>false</required><ValueAttribute z:Ref="i142"/></URDFElement><URDFElement z:Id="i143" i:type="Inertia"><Attributes><Attribute z:Id="i144"><AttributeType>ixx</AttributeType><IsRequired>true</IsRequired><Value i:type="a:double" xmlns:a="http://www.w3.org/2001/XMLSchema">0</Value></Attribute><Attribute z:Id="i145"><AttributeType>ixy</AttributeType><IsRequired>true</IsRequired><Value i:type="a:double" xmlns:a="http://www.w3.org/2001/XMLSchema">0</Value></Attribute><Attribute z:Id="i146"><AttributeType>ixz</AttributeType><IsRequired>true</IsRequired><Value i:type="a:double" xmlns:a="http://www.w3.org/2001/XMLSchema">0</Value></Attribute><Attribute z:Id="i147"><AttributeType>iyy</AttributeType><IsRequired>true</IsRequired><Value i:type="a:double" xmlns:a="http://www.w3.org/2001/XMLSchema">0</Value></Attribute><Attribute z:Id="i148"><AttributeType>iyz</AttributeType><IsRequired>true</IsRequired><Value i:type="a:double" xmlns:a="http://www.w3.org/2001/XMLSchema">0</Value></Attribute><Attribute z:Id="i149"><AttributeType>izz</AttributeType><IsRequired>true</IsRequired><Value i:type="a:double" xmlns:a="http://www.w3.org/2001/XMLSchema">0</Value></Attribute></Attributes><ChildElements/><ElementName>inertia</ElementName><required>false</required><IxxAttribute z:Ref="i144"/><IxyAttribute z:Ref="i145"/><IxzAttribute z:Ref="i146"/><IyyAttribute z:Ref="i147"/><IyzAttribute z:Ref="i148"/><IzzAttribute z:Ref="i149"/></URDFElement></ChildElements><ElementName>inertial</ElementName><required>false</required><Inertia z:Ref="i143"/><Mass z:Ref="i141"/><Origin z:Ref="i138"/></URDFElement><URDFElement z:Id="i150" i:type="Visual"><Attributes/><ChildElements><URDFElement z:Id="i151" i:type="Origin"><Attributes><Attribute z:Id="i152"><AttributeType>xyz</AttributeType><IsRequired>true</IsRequired><Value i:type="a:ArrayOfdouble" xmlns:a="http://schemas.microsoft.com/2003/10/Serialization/Arrays"><a:double>0</a:double><a:double>0</a:double><a:double>0</a:double></Value></Attribute><Attribute z:Id="i153"><AttributeType>rpy</AttributeType><IsRequired>true</IsRequired><Value i:type="a:ArrayOfdouble" xmlns:a="http://schemas.microsoft.com/2003/10/Serialization/Arrays"><a:double>0</a:double><a:double>0</a:double><a:double>0</a:double></Value></Attribute></Attributes><ChildElements/><ElementName>origin</ElementName><required>false</required><RPYAttribute z:Ref="i153"/><XYZAttribute z:Ref="i152"/><isCustomized>false</isCustomized></URDFElement><URDFElement z:Id="i154" i:type="Geometry"><Attributes/><ChildElements><URDFElement z:Id="i155" i:type="Mesh"><Attributes><Attribute z:Id="i156"><AttributeType>filename</AttributeType><IsRequired>true</IsRequired><Value i:nil="true"/></Attribute></Attributes><ChildElements/><ElementName>mesh</ElementName><required>false</required><FilenameAttribute z:Ref="i156"/></URDFElement></ChildElements><ElementName>geometry</ElementName><required>true</required><Mesh z:Ref="i155"/></URDFElement><URDFElement z:Id="i157" i:type="Material"><Attributes><Attribute z:Id="i158"><AttributeType>name</AttributeType><IsRequired>true</IsRequired><Value i:type="a:string" xmlns:a="http://www.w3.org/2001/XMLSchema"/></Attribute></Attributes><ChildElements><URDFElement z:Id="i159" i:type="Color"><Attributes><Attribute z:Id="i160"><AttributeType>rgba</AttributeType><IsRequired>true</IsRequired><Value i:type="a:ArrayOfdouble" xmlns:a="http://schemas.microsoft.com/2003/10/Serialization/Arrays"><a:double>1</a:double><a:double>1</a:double><a:double>1</a:double><a:double>1</a:double></Value></Attribute></Attributes><ChildElements/><ElementName>color</ElementName><required>false</required><RGBAAttribute z:Ref="i160"/></URDFElement><URDFElement z:Id="i161" i:type="Texture"><Attributes><Attribute z:Id="i162"><AttributeType>filename</AttributeType><IsRequired>true</IsRequired><Value i:nil="true"/></Attribute></Attributes><ChildElements/><ElementName>texture</ElementName><required>false</required><FilenameAttribute z:Ref="i162"/><wFilename/></URDFElement></ChildElements><ElementName>material</ElementName><required>false</required><Color z:Ref="i159"/><NameAttribute z:Ref="i158"/><Texture z:Ref="i161"/></URDFElement></ChildElements><ElementName>visual</ElementName><required>false</required><Geometry z:Ref="i154"/><Material z:Ref="i157"/><Origin z:Ref="i151"/></URDFElement><URDFElement z:Id="i163" i:type="Collision"><Attributes/><ChildElements><URDFElement z:Id="i164" i:type="Origin"><Attributes><Attribute z:Id="i165"><AttributeType>xyz</AttributeType><IsRequired>true</IsRequired><Value i:type="a:ArrayOfdouble" xmlns:a="http://schemas.microsoft.com/2003/10/Serialization/Arrays"><a:double>0</a:double><a:double>0</a:double><a:double>0</a:double></Value></Attribute><Attribute z:Id="i166"><AttributeType>rpy</AttributeType><IsRequired>true</IsRequired><Value i:type="a:ArrayOfdouble" xmlns:a="http://schemas.microsoft.com/2003/10/Serialization/Arrays"><a:double>0</a:double><a:double>0</a:double><a:double>0</a:double></Value></Attribute></Attributes><ChildElements/><ElementName>origin</ElementName><required>false</required><RPYAttribute z:Ref="i166"/><XYZAttribute z:Ref="i165"/><isCustomized>false</isCustomized></URDFElement><URDFElement z:Id="i167" i:type="Geometry"><Attributes/><ChildElements><URDFElement z:Id="i168" i:type="Mesh"><Attributes><Attribute z:Id="i169"><AttributeType>filename</AttributeType><IsRequired>true</IsRequired><Value i:nil="true"/></Attribute></Attributes><ChildElements/><ElementName>mesh</ElementName><required>false</required><FilenameAttribute z:Ref="i169"/></URDFElement></ChildElements><ElementName>geometry</ElementName><required>true</required><Mesh z:Ref="i168"/></URDFElement></ChildElements><ElementName>collision</ElementName><required>false</required><Geometry z:Ref="i167"/><Origin z:Ref="i164"/></URDFElement><URDFElement z:Id="i170" i:type="Joint"><Attributes><Attribute z:Id="i171"><AttributeType>name</AttributeType><IsRequired>true</IsRequired><Value i:type="a:string" xmlns:a="http://www.w3.org/2001/XMLSchema">finger_1_joint</Value></Attribute><Attribute z:Id="i172"><AttributeType>type</AttributeType><IsRequired>true</IsRequired><Value i:type="a:string" xmlns:a="http://www.w3.org/2001/XMLSchema">prismatic</Value></Attribute></Attributes><ChildElements><URDFElement z:Id="i173" i:type="Origin"><Attributes><Attribute z:Id="i174"><AttributeType>xyz</AttributeType><IsRequired>true</IsRequired><Value i:type="a:ArrayOfdouble" xmlns:a="http://schemas.microsoft.com/2003/10/Serialization/Arrays"><a:double>0</a:double><a:double>0</a:double><a:double>0</a:double></Value></Attribute><Attribute z:Id="i175"><AttributeType>rpy</AttributeType><IsRequired>true</IsRequired><Value i:type="a:ArrayOfdouble" xmlns:a="http://schemas.microsoft.com/2003/10/Serialization/Arrays"><a:double>0</a:double><a:double>0</a:double><a:double>0</a:double></Value></Attribute></Attributes><ChildElements/><ElementName>origin</ElementName><required>false</required><RPYAttribute z:Ref="i175"/><XYZAttribute z:Ref="i174"/><isCustomized>false</isCustomized></URDFElement><URDFElement z:Id="i176" i:type="ParentLink"><Attributes><Attribute z:Id="i177"><AttributeType>link</AttributeType><IsRequired>true</IsRequired><Value i:type="a:string" xmlns:a="http://www.w3.org/2001/XMLSchema"/></Attribute></Attributes><ChildElements/><ElementName>parent</ElementName><required>true</required><NameAttribute z:Ref="i177"/></URDFElement><URDFElement z:Id="i178" i:type="ChildLink"><Attributes><Attribute z:Id="i179"><AttributeType>link</AttributeType><IsRequired>true</IsRequired><Value i:type="a:string" xmlns:a="http://www.w3.org/2001/XMLSchema"/></Attribute></Attributes><ChildElements/><ElementName>child</ElementName><required>true</required><NameAttribute z:Ref="i179"/></URDFElement><URDFElement z:Id="i180" i:type="Axis"><Attributes><Attribute z:Id="i181"><AttributeType>xyz</AttributeType><IsRequired>true</IsRequired><Value i:type="a:ArrayOfdouble" xmlns:a="http://schemas.microsoft.com/2003/10/Serialization/Arrays"><a:double>0</a:double><a:double>0</a:double><a:double>0</a:double></Value></Attribute></Attributes><ChildElements/><ElementName>axis</ElementName><required>false</required><XYZAttribute z:Ref="i181"/></URDFElement><URDFElement z:Id="i182" i:type="Limit"><Attributes><Attribute z:Id="i183"><AttributeType>lower</AttributeType><IsRequired>false</IsRequired><Value i:nil="true"/></Attribute><Attribute z:Id="i184"><AttributeType>upper</AttributeType><IsRequired>false</IsRequired><Value i:nil="true"/></Attribute><Attribute z:Id="i185"><AttributeType>effort</AttributeType><IsRequired>true</IsRequired><Value i:nil="true"/></Attribute><Attribute z:Id="i186"><AttributeType>velocity</AttributeType><IsRequired>true</IsRequired><Value i:nil="true"/></Attribute></Attributes><ChildElements/><ElementName>limit</ElementName><required>false</required><EffortAttribute z:Ref="i185"/><LowerAttribute z:Ref="i183"/><UpperAttribute z:Ref="i184"/><VelocityAttribute z:Ref="i186"/></URDFElement><URDFElement z:Id="i187" i:type="Calibration"><Attributes><Attribute z:Id="i188"><AttributeType>rising</AttributeType><IsRequired>false</IsRequired><Value i:nil="true"/></Attribute><Attribute z:Id="i189"><AttributeType>falling</AttributeType><IsRequired>false</IsRequired><Value i:nil="true"/></Attribute></Attributes><ChildElements/><ElementName>calibration</ElementName><required>false</required><FallingAttribute z:Ref="i189"/><RisingAttribute z:Ref="i188"/></URDFElement><URDFElement z:Id="i190" i:type="Dynamics"><Attributes><Attribute z:Id="i191"><AttributeType>damping</AttributeType><IsRequired>false</IsRequired><Value i:nil="true"/></Attribute><Attribute z:Id="i192"><AttributeType>friction</AttributeType><IsRequired>false</IsRequired><Value i:nil="true"/></Attribute></Attributes><ChildElements/><ElementName>dynamics</ElementName><required>false</required><DampingAttribute z:Ref="i191"/><FrictionAttribute z:Ref="i192"/></URDFElement><URDFElement z:Id="i193" i:type="SafetyController"><Attributes><Attribute z:Id="i194"><AttributeType>soft_upper_limit</AttributeType><IsRequired>false</IsRequired><Value i:nil="true"/></Attribute><Attribute z:Id="i195"><AttributeType>soft_lower_limit</AttributeType><IsRequired>false</IsRequired><Value i:nil="true"/></Attribute><Attribute z:Id="i196"><AttributeType>k_position</AttributeType><IsRequired>false</IsRequired><Value i:nil="true"/></Attribute><Attribute z:Id="i197"><AttributeType>k_velocity</AttributeType><IsRequired>true</IsRequired><Value i:nil="true"/></Attribute></Attributes><ChildElements/><ElementName>safety_controller</ElementName><required>false</required><KPositionAttribute z:Ref="i196"/><KVelocityAttribute z:Ref="i197"/><SoftLowerAttribute z:Ref="i195"/><SoftUpperAttribute z:Ref="i194"/></URDFElement><URDFElement z:Id="i198" i:type="Mimic"><Attributes><Attribute z:Id="i199"><AttributeType>joint</AttributeType><IsRequired>true</IsRequired><Value i:nil="true"/></Attribute><Attribute z:Id="i200"><AttributeType>multiplier</AttributeType><IsRequired>false</IsRequired><Value i:nil="true"/></Attribute><Attribute z:Id="i201"><AttributeType>offset</AttributeType><IsRequired>false</IsRequired><Value i:nil="true"/></Attribute></Attributes><ChildElements/><ElementName>mimic</ElementName><required>false</required><JointNameAttribute z:Ref="i199"/><MultiplierAttribute z:Ref="i200"/><OffsetAttribute z:Ref="i201"/></URDFElement></ChildElements><ElementName>joint</ElementName><required>false</required><Axis z:Ref="i180"/><AxisName>Automatically Generate</AxisName><Calibration z:Ref="i187"/><Child z:Ref="i178"/><CoordinateSystemName>Coordinate System8</CoordinateSystemName><Dynamics z:Ref="i190"/><Limit z:Ref="i182"/><Mimic z:Ref="i198"/><NameAttribute z:Ref="i171"/><Origin z:Ref="i173"/><Parent z:Ref="i176"/><Safety z:Ref="i193"/><TypeAttribute z:Ref="i172"/></URDFElement></ChildElements><ElementName>link</ElementName><required>true</required><Children/><Collision z:Ref="i163"/><Inertial z:Ref="i137"/><Joint z:Ref="i170"/><NameAttribute z:Ref="i136"/><Parent z:Ref="i1"/><STLQualityFine>false</STLQualityFine><SWComponentPIDs xmlns:a="http://schemas.microsoft.com/2003/10/Serialization/Arrays"><a:base64Binary>OEoAAAUAAAD//v8oNgAuACAAUgBpAGcAaAB0ACAAUAByAG8AbgBnAC0AMQBAAEUAbgBkACAARQBmAGYAZQBjAHQAbwByACAARgB1AGwAbAAgAEIAdQBpAGwAZAAEAAAAEAAAAAEAAAABAAAAJAAAAA==</a:base64Binary><a:base64Binary>OEoAAAUAAAD//v8oNQAuACAAUgBpAGcAaAB0ACAATQBvAHUAbgB0AC0AMQBAAEUAbgBkACAARQBmAGYAZQBjAHQAbwByACAARgB1AGwAbAAgAEIAdQBpAGwAZAAEAAAAEAAAAAEAAAABAAAAGAAAAA==</a:base64Binary><a:base64Binary>OEoAAAUAAAD//v8mOQAuACAAUgBpAGcAaAB0ACAAVABhAGIALQAxAEAARQBuAGQAIABFAGYAZgBlAGMAdABvAHIAIABGAHUAbABsACAAQgB1AGkAbABkAAQAAAAQAAAAAQAAAAEAAABJAAAA</a:base64Binary></SWComponentPIDs><SWMainComponentPID i:nil="true"/><Visual z:Ref="i150"/><isFixedFrame>false</isFixedFrame><isIncomplete>false</isIncomplete></Link><Link z:Id="i202"><Attributes><Attribute z:Id="i203"><AttributeType>name</AttributeType><IsRequired>true</IsRequired><Value i:type="a:string" xmlns:a="http://www.w3.org/2001/XMLSchema">finger_2</Value></Attribute></Attributes><ChildElements><URDFElement z:Id="i204" i:type="Inertial"><Attributes/><ChildElements><URDFElement z:Id="i205" i:type="Origin"><Attributes><Attribute z:Id="i206"><AttributeType>xyz</AttributeType><IsRequired>true</IsRequired><Value i:type="a:ArrayOfdouble" xmlns:a="http://schemas.microsoft.com/2003/10/Serialization/Arrays"><a:double>0</a:double><a:double>0</a:double><a:double>0</a:double></Value></Attribute><Attribute z:Id="i207"><AttributeType>rpy</AttributeType><IsRequired>true</IsRequired><Value i:type="a:ArrayOfdouble" xmlns:a="http://schemas.microsoft.com/2003/10/Serialization/Arrays"><a:double>0</a:double><a:double>0</a:double><a:double>0</a:double></Value></Attribute></Attributes><ChildElements/><ElementName>origin</ElementName><required>false</required><RPYAttribute z:Ref="i207"/><XYZAttribute z:Ref="i206"/><isCustomized>false</isCustomized></URDFElement><URDFElement z:Id="i208" i:type="Mass"><Attributes><Attribute z:Id="i209"><AttributeType>value</AttributeType><IsRequired>true</IsRequired><Value i:type="a:double" xmlns:a="http://www.w3.org/2001/XMLSchema">0</Value></Attribute></Attributes><ChildElements/><ElementName>mass</ElementName><required>false</required><ValueAttribute z:Ref="i209"/></URDFElement><URDFElement z:Id="i210" i:type="Inertia"><Attributes><Attribute z:Id="i211"><AttributeType>ixx</AttributeType><IsRequired>true</IsRequired><Value i:type="a:double" xmlns:a="http://www.w3.org/2001/XMLSchema">0</Value></Attribute><Attribute z:Id="i212"><AttributeType>ixy</AttributeType><IsRequired>true</IsRequired><Value i:type="a:double" xmlns:a="http://www.w3.org/2001/XMLSchema">0</Value></Attribute><Attribute z:Id="i213"><AttributeType>ixz</AttributeType><IsRequired>true</IsRequired><Value i:type="a:double" xmlns:a="http://www.w3.org/2001/XMLSchema">0</Value></Attribute><Attribute z:Id="i214"><AttributeType>iyy</AttributeType><IsRequired>true</IsRequired><Value i:type="a:double" xmlns:a="http://www.w3.org/2001/XMLSchema">0</Value></Attribute><Attribute z:Id="i215"><AttributeType>iyz</AttributeType><IsRequired>true</IsRequired><Value i:type="a:double" xmlns:a="http://www.w3.org/2001/XMLSchema">0</Value></Attribute><Attribute z:Id="i216"><AttributeType>izz</AttributeType><IsRequired>true</IsRequired><Value i:type="a:double" xmlns:a="http://www.w3.org/2001/XMLSchema">0</Value></Attribute></Attributes><ChildElements/><ElementName>inertia</ElementName><required>false</required><IxxAttribute z:Ref="i211"/><IxyAttribute z:Ref="i212"/><IxzAttribute z:Ref="i213"/><IyyAttribute z:Ref="i214"/><IyzAttribute z:Ref="i215"/><IzzAttribute z:Ref="i216"/></URDFElement></ChildElements><ElementName>inertial</ElementName><required>false</required><Inertia z:Ref="i210"/><Mass z:Ref="i208"/><Origin z:Ref="i205"/></URDFElement><URDFElement z:Id="i217" i:type="Visual"><Attributes/><ChildElements><URDFElement z:Id="i218" i:type="Origin"><Attributes><Attribute z:Id="i219"><AttributeType>xyz</AttributeType><IsRequired>true</IsRequired><Value i:type="a:ArrayOfdouble" xmlns:a="http://schemas.microsoft.com/2003/10/Serialization/Arrays"><a:double>0</a:double><a:double>0</a:double><a:double>0</a:double></Value></Attribute><Attribute z:Id="i220"><AttributeType>rpy</AttributeType><IsRequired>true</IsRequired><Value i:type="a:ArrayOfdouble" xmlns:a="http://schemas.microsoft.com/2003/10/Serialization/Arrays"><a:double>0</a:double><a:double>0</a:double><a:double>0</a:double></Value></Attribute></Attributes><ChildElements/><ElementName>origin</ElementName><required>false</required><RPYAttribute z:Ref="i220"/><XYZAttribute z:Ref="i219"/><isCustomized>false</isCustomized></URDFElement><URDFElement z:Id="i221" i:type="Geometry"><Attributes/><ChildElements><URDFElement z:Id="i222" i:type="Mesh"><Attributes><Attribute z:Id="i223"><AttributeType>filename</AttributeType><IsRequired>true</IsRequired><Value i:nil="true"/></Attribute></Attributes><ChildElements/><ElementName>mesh</ElementName><required>false</required><FilenameAttribute z:Ref="i223"/></URDFElement></ChildElements><ElementName>geometry</ElementName><required>true</required><Mesh z:Ref="i222"/></URDFElement><URDFElement z:Id="i224" i:type="Material"><Attributes><Attribute z:Id="i225"><AttributeType>name</AttributeType><IsRequired>true</IsRequired><Value i:type="a:string" xmlns:a="http://www.w3.org/2001/XMLSchema"/></Attribute></Attributes><ChildElements><URDFElement z:Id="i226" i:type="Color"><Attributes><Attribute z:Id="i227"><AttributeType>rgba</AttributeType><IsRequired>true</IsRequired><Value i:type="a:ArrayOfdouble" xmlns:a="http://schemas.microsoft.com/2003/10/Serialization/Arrays"><a:double>1</a:double><a:double>1</a:double><a:double>1</a:double><a:double>1</a:double></Value></Attribute></Attributes><ChildElements/><ElementName>color</ElementName><required>false</required><RGBAAttribute z:Ref="i227"/></URDFElement><URDFElement z:Id="i228" i:type="Texture"><Attributes><Attribute z:Id="i229"><AttributeType>filename</AttributeType><IsRequired>true</IsRequired><Value i:nil="true"/></Attribute></Attributes><ChildElements/><ElementName>texture</ElementName><required>false</required><FilenameAttribute z:Ref="i229"/><wFilename/></URDFElement></ChildElements><ElementName>material</ElementName><required>false</required><Color z:Ref="i226"/><NameAttribute z:Ref="i225"/><Texture z:Ref="i228"/></URDFElement></ChildElements><ElementName>visual</ElementName><required>false</required><Geometry z:Ref="i221"/><Material z:Ref="i224"/><Origin z:Ref="i218"/></URDFElement><URDFElement z:Id="i230" i:type="Collision"><Attributes/><ChildElements><URDFElement z:Id="i231" i:type="Origin"><Attributes><Attribute z:Id="i232"><AttributeType>xyz</AttributeType><IsRequired>true</IsRequired><Value i:type="a:ArrayOfdouble" xmlns:a="http://schemas.microsoft.com/2003/10/Serialization/Arrays"><a:double>0</a:double><a:double>0</a:double><a:double>0</a:double></Value></Attribute><Attribute z:Id="i233"><AttributeType>rpy</AttributeType><IsRequired>true</IsRequired><Value i:type="a:ArrayOfdouble" xmlns:a="http://schemas.microsoft.com/2003/10/Serialization/Arrays"><a:double>0</a:double><a:double>0</a:double><a:double>0</a:double></Value></Attribute></Attributes><ChildElements/><ElementName>origin</ElementName><required>false</required><RPYAttribute z:Ref="i233"/><XYZAttribute z:Ref="i232"/><isCustomized>false</isCustomized></URDFElement><URDFElement z:Id="i234" i:type="Geometry"><Attributes/><ChildElements><URDFElement z:Id="i235" i:type="Mesh"><Attributes><Attribute z:Id="i236"><AttributeType>filename</AttributeType><IsRequired>true</IsRequired><Value i:nil="true"/></Attribute></Attributes><ChildElements/><ElementName>mesh</ElementName><required>false</required><FilenameAttribute z:Ref="i236"/></URDFElement></ChildElements><ElementName>geometry</ElementName><required>true</required><Mesh z:Ref="i235"/></URDFElement></ChildElements><ElementName>collision</ElementName><required>false</required><Geometry z:Ref="i234"/><Origin z:Ref="i231"/></URDFElement><URDFElement z:Id="i237" i:type="Joint"><Attributes><Attribute z:Id="i238"><AttributeType>name</AttributeType><IsRequired>true</IsRequired><Value i:type="a:string" xmlns:a="http://www.w3.org/2001/XMLSchema">finger_2_joint</Value></Attribute><Attribute z:Id="i239"><AttributeType>type</AttributeType><IsRequired>true</IsRequired><Value i:type="a:string" xmlns:a="http://www.w3.org/2001/XMLSchema">prismatic</Value></Attribute></Attributes><ChildElements><URDFElement z:Id="i240" i:type="Origin"><Attributes><Attribute z:Id="i241"><AttributeType>xyz</AttributeType><IsRequired>true</IsRequired><Value i:type="a:ArrayOfdouble" xmlns:a="http://schemas.microsoft.com/2003/10/Serialization/Arrays"><a:double>0</a:double><a:double>0</a:double><a:double>0</a:double></Value></Attribute><Attribute z:Id="i242"><AttributeType>rpy</AttributeType><IsRequired>true</IsRequired><Value i:type="a:ArrayOfdouble" xmlns:a="http://schemas.microsoft.com/2003/10/Serialization/Arrays"><a:double>0</a:double><a:double>0</a:double><a:double>0</a:double></Value></Attribute></Attributes><ChildElements/><ElementName>origin</ElementName><required>false</required><RPYAttribute z:Ref="i242"/><XYZAttribute z:Ref="i241"/><isCustomized>false</isCustomized></URDFElement><URDFElement z:Id="i243" i:type="ParentLink"><Attributes><Attribute z:Id="i244"><AttributeType>link</AttributeType><IsRequired>true</IsRequired><Value i:type="a:string" xmlns:a="http://www.w3.org/2001/XMLSchema"/></Attribute></Attributes><ChildElements/><ElementName>parent</ElementName><required>true</required><NameAttribute z:Ref="i244"/></URDFElement><URDFElement z:Id="i245" i:type="ChildLink"><Attributes><Attribute z:Id="i246"><AttributeType>link</AttributeType><IsRequired>true</IsRequired><Value i:type="a:string" xmlns:a="http://www.w3.org/2001/XMLSchema"/></Attribute></Attributes><ChildElements/><ElementName>child</ElementName><required>true</required><NameAttribute z:Ref="i246"/></URDFElement><URDFElement z:Id="i247" i:type="Axis"><Attributes><Attribute z:Id="i248"><AttributeType>xyz</AttributeType><IsRequired>true</IsRequired><Value i:type="a:ArrayOfdouble" xmlns:a="http://schemas.microsoft.com/2003/10/Serialization/Arrays"><a:double>0</a:double><a:double>0</a:double><a:double>0</a:double></Value></Attribute></Attributes><ChildElements/><ElementName>axis</ElementName><required>false</required><XYZAttribute z:Ref="i248"/></URDFElement><URDFElement z:Id="i249" i:type="Limit"><Attributes><Attribute z:Id="i250"><AttributeType>lower</AttributeType><IsRequired>false</IsRequired><Value i:nil="true"/></Attribute><Attribute z:Id="i251"><AttributeType>upper</AttributeType><IsRequired>false</IsRequired><Value i:nil="true"/></Attribute><Attribute z:Id="i252"><AttributeType>effort</AttributeType><IsRequired>true</IsRequired><Value i:nil="true"/></Attribute><Attribute z:Id="i253"><AttributeType>velocity</AttributeType><IsRequired>true</IsRequired><Value i:nil="true"/></Attribute></Attributes><ChildElements/><ElementName>limit</ElementName><required>false</required><EffortAttribute z:Ref="i252"/><LowerAttribute z:Ref="i250"/><UpperAttribute z:Ref="i251"/><VelocityAttribute z:Ref="i253"/></URDFElement><URDFElement z:Id="i254" i:type="Calibration"><Attributes><Attribute z:Id="i255"><AttributeType>rising</AttributeType><IsRequired>false</IsRequired><Value i:nil="true"/></Attribute><Attribute z:Id="i256"><AttributeType>falling</AttributeType><IsRequired>false</IsRequired><Value i:nil="true"/></Attribute></Attributes><ChildElements/><ElementName>calibration</ElementName><required>false</required><FallingAttribute z:Ref="i256"/><RisingAttribute z:Ref="i255"/></URDFElement><URDFElement z:Id="i257" i:type="Dynamics"><Attributes><Attribute z:Id="i258"><AttributeType>damping</AttributeType><IsRequired>false</IsRequired><Value i:nil="true"/></Attribute><Attribute z:Id="i259"><AttributeType>friction</AttributeType><IsRequired>false</IsRequired><Value i:nil="true"/></Attribute></Attributes><ChildElements/><ElementName>dynamics</ElementName><required>false</required><DampingAttribute z:Ref="i258"/><FrictionAttribute z:Ref="i259"/></URDFElement><URDFElement z:Id="i260" i:type="SafetyController"><Attributes><Attribute z:Id="i261"><AttributeType>soft_upper_limit</AttributeType><IsRequired>false</IsRequired><Value i:nil="true"/></Attribute><Attribute z:Id="i262"><AttributeType>soft_lower_limit</AttributeType><IsRequired>false</IsRequired><Value i:nil="true"/></Attribute><Attribute z:Id="i263"><AttributeType>k_position</AttributeType><IsRequired>false</IsRequired><Value i:nil="true"/></Attribute><Attribute z:Id="i264"><AttributeType>k_velocity</AttributeType><IsRequired>true</IsRequired><Value i:nil="true"/></Attribute></Attributes><ChildElements/><ElementName>safety_controller</ElementName><required>false</required><KPositionAttribute z:Ref="i263"/><KVelocityAttribute z:Ref="i264"/><SoftLowerAttribute z:Ref="i262"/><SoftUpperAttribute z:Ref="i261"/></URDFElement><URDFElement z:Id="i265" i:type="Mimic"><Attributes><Attribute z:Id="i266"><AttributeType>joint</AttributeType><IsRequired>true</IsRequired><Value i:nil="true"/></Attribute><Attribute z:Id="i267"><AttributeType>multiplier</AttributeType><IsRequired>false</IsRequired><Value i:nil="true"/></Attribute><Attribute z:Id="i268"><AttributeType>offset</AttributeType><IsRequired>false</IsRequired><Value i:nil="true"/></Attribute></Attributes><ChildElements/><ElementName>mimic</ElementName><required>false</required><JointNameAttribute z:Ref="i266"/><MultiplierAttribute z:Ref="i267"/><OffsetAttribute z:Ref="i268"/></URDFElement></ChildElements><ElementName>joint</ElementName><required>false</required><Axis z:Ref="i247"/><AxisName>Automatically Generate</AxisName><Calibration z:Ref="i254"/><Child z:Ref="i245"/><CoordinateSystemName>Coordinate System9</CoordinateSystemName><Dynamics z:Ref="i257"/><Limit z:Ref="i249"/><Mimic z:Ref="i265"/><NameAttribute z:Ref="i238"/><Origin z:Ref="i240"/><Parent z:Ref="i243"/><Safety z:Ref="i260"/><TypeAttribute z:Ref="i239"/></URDFElement></ChildElements><ElementName>link</ElementName><required>true</required><Children/><Collision z:Ref="i230"/><Inertial z:Ref="i204"/><Joint z:Ref="i237"/><NameAttribute z:Ref="i203"/><Parent z:Ref="i1"/><STLQualityFine>false</STLQualityFine><SWComponentPIDs xmlns:a="http://schemas.microsoft.com/2003/10/Serialization/Arrays"><a:base64Binary>OEoAAAUAAAD//v8nOAAuACAATABlAGYAdAAgAFAAcgBvAG4AZwAtADEAQABFAG4AZAAgAEUAZgBmAGUAYwB0AG8AcgAgAEYAdQBsAGwAIABCAHUAaQBsAGQABAAAABAAAAABAAAAAQAAADMAAAA=</a:base64Binary><a:base64Binary>OEoAAAUAAAD//v8nNwAuACAATABlAGYAdAAgAE0AbwB1AG4AdAAtADEAQABFAG4AZAAgAEUAZgBmAGUAYwB0AG8AcgAgAEYAdQBsAGwAIABCAHUAaQBsAGQABAAAABAAAAABAAAAAQAAAC8AAAA=</a:base64Binary><a:base64Binary>OEoAAAUAAAD//v8mMQAwAC4AIABMAGUAZgB0ACAAVABhAGIALQAxAEAARQBuAGQAIABFAGYAZgBlAGMAdABvAHIAIABGAHUAbABsACAAQgB1AGkAbABkAAQAAAAQAAAAAQAAAAEAAABNAAAA</a:base64Binary></SWComponentPIDs><SWMainComponentPID i:nil="true"/><Visual z:Ref="i217"/><isFixedFrame>false</isFixedFrame><isIncomplete>false</isIncomplete></Link></Children><Collision z:Ref="i29"/><Inertial z:Ref="i3"/><Joint z:Ref="i36"/><NameAttribute z:Ref="i2"/><Parent i:nil="true"/><STLQualityFine>false</STLQualityFine><SWComponentPIDs xmlns:a="http://schemas.microsoft.com/2003/10/Serialization/Arrays"><a:base64Binary>OEoAAAUAAAD//v8vMQAuACAARQBuAGQAIABFAGYAZgBlAGMAdABvAHIAIABzAGUAcgB2AG8ALQAxAEAARQBuAGQAIABFAGYAZgBlAGMAdABvAHIAIABGAHUAbABsACAAQgB1AGkAbABkAAQAAAAQAAAAAQAAAAEAAAAWAAAA</a:base64Binary><a:base64Binary>OEoAAAUAAAD//v8oMwAuACAATABlAGYAdAAgAEwAaQBtAGkAdAB0AC0AMQBAAEUAbgBkACAARQBmAGYAZQBjAHQAbwByACAARgB1AGwAbAAgAEIAdQBpAGwAZAAEAAAAEAAAAAEAAAABAAAAKQAAAA==</a:base64Binary><a:base64Binary>OEoAAAUAAAD//v8oMgAuACAAUgBpAGcAaAB0ACAATABpAG0AaQB0AC0AMQBAAEUAbgBkACAARQBmAGYAZQBjAHQAbwByACAARgB1AGwAbAAgAEIAdQBpAGwAZAAEAAAAEAAAAAEAAAABAAAAFwAAAA==</a:base64Binary></SWComponentPIDs><SWMainComponentPID i:nil="true"/><Visual z:Ref="i16"/><isFixedFrame>false</isFixedFrame><isIncomplete>false</isIncomplete></Link>
2026-09-14 15:37:56,251 INFO  ExportHelperExtension.cs: 347 - Creating joint ring_link
2026-09-14 15:37:56,302 WARN  ExportHelperExtension.cs: 351 - Creating joint from parent base_link to child ring_link failed
2026-09-14 15:37:56,564 INFO  ExportHelperExtension.cs: 347 - Creating joint finger_1
2026-09-14 15:37:56,565 INFO  ExportHelperExtension.cs: 1397 - Fixing components for base_link
2026-09-14 15:37:56,565 INFO  ExportHelperExtension.cs: 1402 - Fixing 22
2026-09-14 15:37:56,566 INFO  ExportHelperExtension.cs: 1409 - Component 22 is already fixed
2026-09-14 15:37:56,566 INFO  ExportHelperExtension.cs: 1402 - Fixing 41
2026-09-14 15:37:56,567 INFO  ExportHelperExtension.cs: 1402 - Fixing 23
2026-09-14 15:37:56,895 INFO  ExportHelperExtension.cs: 832 - R1: 0, 0
2026-09-14 15:37:56,896 INFO  ExportHelperExtension.cs: 841 - R2: 0, 0
2026-09-14 15:37:56,896 INFO  ExportHelperExtension.cs: 849 - L1: 0
2026-09-14 15:37:56,896 INFO  ExportHelperExtension.cs: 857 - L2: 0
2026-09-14 15:37:56,897 INFO  ExportHelperExtension.cs: 1352 - Unfixing component 41
2026-09-14 15:37:56,898 INFO  ExportHelperExtension.cs: 1352 - Unfixing component 23
2026-09-14 15:37:57,191 WARN  ExportHelperExtension.cs: 351 - Creating joint from parent base_link to child finger_1 failed
2026-09-14 15:37:57,419 INFO  ExportHelperExtension.cs: 347 - Creating joint finger_2
2026-09-14 15:37:57,419 INFO  ExportHelperExtension.cs: 1397 - Fixing components for base_link
2026-09-14 15:37:57,420 INFO  ExportHelperExtension.cs: 1402 - Fixing 22
2026-09-14 15:37:57,420 INFO  ExportHelperExtension.cs: 1409 - Component 22 is already fixed
2026-09-14 15:37:57,421 INFO  ExportHelperExtension.cs: 1402 - Fixing 41
2026-09-14 15:37:57,421 INFO  ExportHelperExtension.cs: 1402 - Fixing 23
2026-09-14 15:37:57,806 INFO  ExportHelperExtension.cs: 832 - R1: 0, 0
2026-09-14 15:37:57,807 INFO  ExportHelperExtension.cs: 841 - R2: 0, 0
2026-09-14 15:37:57,808 INFO  ExportHelperExtension.cs: 849 - L1: 0
2026-09-14 15:37:57,808 INFO  ExportHelperExtension.cs: 857 - L2: 0
2026-09-14 15:37:57,809 INFO  ExportHelperExtension.cs: 1352 - Unfixing component 41
2026-09-14 15:37:57,810 INFO  ExportHelperExtension.cs: 1352 - Unfixing component 23
2026-09-14 15:37:58,106 WARN  ExportHelperExtension.cs: 351 - Creating joint from parent base_link to child finger_2 failed
2026-09-14 15:37:58,500 INFO  ExportHelperExtension.cs: 1125 - Retrieving features of type [CoordSys] from End Effector Full Build
2026-09-14 15:37:58,500 INFO  ExportHelperExtension.cs: 1136 - Found 72 in End Effector Full Build
2026-09-14 15:37:58,501 INFO  ExportHelperExtension.cs: 1145 - Found 4 features of type [CoordSys] in End Effector Full Build
2026-09-14 15:37:58,503 INFO  ExportHelperExtension.cs: 1148 - Proceeding through assembly components
2026-09-14 15:37:58,503 INFO  ExportHelperExtension.cs: 1160 - 12 components to check
2026-09-14 15:37:58,504 INFO  ExportHelperExtension.cs: 1125 - Retrieving features of type [CoordSys] from 1. End Effector servo-1
2026-09-14 15:37:58,505 INFO  ExportHelperExtension.cs: 1136 - Found 22 in 1. End Effector servo-1
2026-09-14 15:37:58,506 INFO  ExportHelperExtension.cs: 1145 - Found 0 features of type [CoordSys] in 1. End Effector servo-1
2026-09-14 15:37:58,507 INFO  ExportHelperExtension.cs: 1125 - Retrieving features of type [CoordSys] from 9. Prong Mounts-1
2026-09-14 15:37:58,508 INFO  ExportHelperExtension.cs: 1136 - Found 22 in 9. Prong Mounts-1
2026-09-14 15:37:58,509 INFO  ExportHelperExtension.cs: 1145 - Found 0 features of type [CoordSys] in 9. Prong Mounts-1
2026-09-14 15:37:58,509 INFO  ExportHelperExtension.cs: 1125 - Retrieving features of type [CoordSys] from 2. Right Limit-1
2026-09-14 15:37:58,510 INFO  ExportHelperExtension.cs: 1136 - Found 22 in 2. Right Limit-1
2026-09-14 15:37:58,511 INFO  ExportHelperExtension.cs: 1145 - Found 0 features of type [CoordSys] in 2. Right Limit-1
2026-09-14 15:37:58,515 INFO  ExportHelperExtension.cs: 1125 - Retrieving features of type [CoordSys] from 6. Right Prong-1
2026-09-14 15:37:58,595 INFO  ExportHelperExtension.cs: 1136 - Found 22 in 6. Right Prong-1
2026-09-14 15:37:58,596 INFO  ExportHelperExtension.cs: 1145 - Found 0 features of type [CoordSys] in 6. Right Prong-1
2026-09-14 15:37:58,597 INFO  ExportHelperExtension.cs: 1125 - Retrieving features of type [CoordSys] from 7. Left Mount-1
2026-09-14 15:37:58,597 INFO  ExportHelperExtension.cs: 1136 - Found 22 in 7. Left Mount-1
2026-09-14 15:37:58,598 INFO  ExportHelperExtension.cs: 1145 - Found 0 features of type [CoordSys] in 7. Left Mount-1
2026-09-14 15:37:58,600 INFO  ExportHelperExtension.cs: 1125 - Retrieving features of type [CoordSys] from 3. Left Limitt-1
2026-09-14 15:37:58,601 INFO  ExportHelperExtension.cs: 1136 - Found 22 in 3. Left Limitt-1
2026-09-14 15:37:58,602 INFO  ExportHelperExtension.cs: 1145 - Found 0 features of type [CoordSys] in 3. Left Limitt-1
2026-09-14 15:37:58,603 INFO  ExportHelperExtension.cs: 1125 - Retrieving features of type [CoordSys] from 5. Right Mount-1
2026-09-14 15:37:58,605 INFO  ExportHelperExtension.cs: 1136 - Found 22 in 5. Right Mount-1
2026-09-14 15:37:58,606 INFO  ExportHelperExtension.cs: 1145 - Found 0 features of type [CoordSys] in 5. Right Mount-1
2026-09-14 15:37:58,607 INFO  ExportHelperExtension.cs: 1125 - Retrieving features of type [CoordSys] from 8. Left Prong-1
2026-09-14 15:37:58,608 INFO  ExportHelperExtension.cs: 1136 - Found 22 in 8. Left Prong-1
2026-09-14 15:37:58,608 INFO  ExportHelperExtension.cs: 1145 - Found 0 features of type [CoordSys] in 8. Left Prong-1
2026-09-14 15:37:58,609 INFO  ExportHelperExtension.cs: 1125 - Retrieving features of type [CoordSys] from 4. Left Hook-1
2026-09-14 15:37:58,610 INFO  ExportHelperExtension.cs: 1136 - Found 22 in 4. Left Hook-1
2026-09-14 15:37:58,611 INFO  ExportHelperExtension.cs: 1145 - Found 0 features of type [CoordSys] in 4. Left Hook-1
2026-09-14 15:37:58,611 INFO  ExportHelperExtension.cs: 1125 - Retrieving features of type [CoordSys] from 11. Right Hook-1
2026-09-14 15:37:58,612 INFO  ExportHelperExtension.cs: 1136 - Found 22 in 11. Right Hook-1
2026-09-14 15:37:58,613 INFO  ExportHelperExtension.cs: 1145 - Found 0 features of type [CoordSys] in 11. Right Hook-1
2026-09-14 15:37:58,613 INFO  ExportHelperExtension.cs: 1125 - Retrieving features of type [CoordSys] from 9. Right Tab-1
2026-09-14 15:37:58,614 INFO  ExportHelperExtension.cs: 1136 - Found 22 in 9. Right Tab-1
2026-09-14 15:37:58,615 INFO  ExportHelperExtension.cs: 1145 - Found 0 features of type [CoordSys] in 9. Right Tab-1
2026-09-14 15:37:58,615 INFO  ExportHelperExtension.cs: 1125 - Retrieving features of type [CoordSys] from 10. Left Tab-1
2026-09-14 15:37:58,616 INFO  ExportHelperExtension.cs: 1136 - Found 22 in 10. Left Tab-1
2026-09-14 15:37:58,616 INFO  ExportHelperExtension.cs: 1145 - Found 0 features of type [CoordSys] in 10. Left Tab-1
2026-09-14 15:37:58,617 INFO  ExportHelperExtension.cs: 1125 - Retrieving features of type [RefAxis] from End Effector Full Build
2026-09-14 15:37:58,618 INFO  ExportHelperExtension.cs: 1136 - Found 72 in End Effector Full Build
2026-09-14 15:37:58,619 INFO  ExportHelperExtension.cs: 1145 - Found 1 features of type [RefAxis] in End Effector Full Build
2026-09-14 15:37:58,620 INFO  ExportHelperExtension.cs: 1148 - Proceeding through assembly components
2026-09-14 15:37:58,622 INFO  ExportHelperExtension.cs: 1160 - 12 components to check
2026-09-14 15:37:58,623 INFO  ExportHelperExtension.cs: 1125 - Retrieving features of type [RefAxis] from 1. End Effector servo-1
2026-09-14 15:37:58,624 INFO  ExportHelperExtension.cs: 1136 - Found 22 in 1. End Effector servo-1
2026-09-14 15:37:58,625 INFO  ExportHelperExtension.cs: 1145 - Found 0 features of type [RefAxis] in 1. End Effector servo-1
2026-09-14 15:37:58,626 INFO  ExportHelperExtension.cs: 1125 - Retrieving features of type [RefAxis] from 9. Prong Mounts-1
2026-09-14 15:37:58,627 INFO  ExportHelperExtension.cs: 1136 - Found 22 in 9. Prong Mounts-1
2026-09-14 15:37:58,628 INFO  ExportHelperExtension.cs: 1145 - Found 0 features of type [RefAxis] in 9. Prong Mounts-1
2026-09-14 15:37:58,629 INFO  ExportHelperExtension.cs: 1125 - Retrieving features of type [RefAxis] from 2. Right Limit-1
2026-09-14 15:37:58,630 INFO  ExportHelperExtension.cs: 1136 - Found 22 in 2. Right Limit-1
2026-09-14 15:37:58,630 INFO  ExportHelperExtension.cs: 1145 - Found 0 features of type [RefAxis] in 2. Right Limit-1
2026-09-14 15:37:58,631 INFO  ExportHelperExtension.cs: 1125 - Retrieving features of type [RefAxis] from 6. Right Prong-1
2026-09-14 15:37:58,632 INFO  ExportHelperExtension.cs: 1136 - Found 22 in 6. Right Prong-1
2026-09-14 15:37:58,633 INFO  ExportHelperExtension.cs: 1145 - Found 0 features of type [RefAxis] in 6. Right Prong-1
2026-09-14 15:37:58,633 INFO  ExportHelperExtension.cs: 1125 - Retrieving features of type [RefAxis] from 7. Left Mount-1
2026-09-14 15:37:58,634 INFO  ExportHelperExtension.cs: 1136 - Found 22 in 7. Left Mount-1
2026-09-14 15:37:58,635 INFO  ExportHelperExtension.cs: 1145 - Found 0 features of type [RefAxis] in 7. Left Mount-1
2026-09-14 15:37:58,636 INFO  ExportHelperExtension.cs: 1125 - Retrieving features of type [RefAxis] from 3. Left Limitt-1
2026-09-14 15:37:58,638 INFO  ExportHelperExtension.cs: 1136 - Found 22 in 3. Left Limitt-1
2026-09-14 15:37:58,638 INFO  ExportHelperExtension.cs: 1145 - Found 0 features of type [RefAxis] in 3. Left Limitt-1
2026-09-14 15:37:58,639 INFO  ExportHelperExtension.cs: 1125 - Retrieving features of type [RefAxis] from 5. Right Mount-1
2026-09-14 15:37:58,640 INFO  ExportHelperExtension.cs: 1136 - Found 22 in 5. Right Mount-1
2026-09-14 15:37:58,641 INFO  ExportHelperExtension.cs: 1145 - Found 0 features of type [RefAxis] in 5. Right Mount-1
2026-09-14 15:37:58,642 INFO  ExportHelperExtension.cs: 1125 - Retrieving features of type [RefAxis] from 8. Left Prong-1
2026-09-14 15:37:58,643 INFO  ExportHelperExtension.cs: 1136 - Found 22 in 8. Left Prong-1
2026-09-14 15:37:58,644 INFO  ExportHelperExtension.cs: 1145 - Found 0 features of type [RefAxis] in 8. Left Prong-1
2026-09-14 15:37:58,644 INFO  ExportHelperExtension.cs: 1125 - Retrieving features of type [RefAxis] from 4. Left Hook-1
2026-09-14 15:37:58,645 INFO  ExportHelperExtension.cs: 1136 - Found 22 in 4. Left Hook-1
2026-09-14 15:37:58,646 INFO  ExportHelperExtension.cs: 1145 - Found 0 features of type [RefAxis] in 4. Left Hook-1
2026-09-14 15:37:58,646 INFO  ExportHelperExtension.cs: 1125 - Retrieving features of type [RefAxis] from 11. Right Hook-1
2026-09-14 15:37:58,647 INFO  ExportHelperExtension.cs: 1136 - Found 22 in 11. Right Hook-1
2026-09-14 15:37:58,648 INFO  ExportHelperExtension.cs: 1145 - Found 0 features of type [RefAxis] in 11. Right Hook-1
2026-09-14 15:37:58,648 INFO  ExportHelperExtension.cs: 1125 - Retrieving features of type [RefAxis] from 9. Right Tab-1
2026-09-14 15:37:58,649 INFO  ExportHelperExtension.cs: 1136 - Found 22 in 9. Right Tab-1
2026-09-14 15:37:58,650 INFO  ExportHelperExtension.cs: 1145 - Found 0 features of type [RefAxis] in 9. Right Tab-1
2026-09-14 15:37:58,650 INFO  ExportHelperExtension.cs: 1125 - Retrieving features of type [RefAxis] from 10. Left Tab-1
2026-09-14 15:37:58,651 INFO  ExportHelperExtension.cs: 1136 - Found 22 in 10. Left Tab-1
2026-09-14 15:37:58,652 INFO  ExportHelperExtension.cs: 1145 - Found 0 features of type [RefAxis] in 10. Left Tab-1
2026-09-14 15:37:58,798 INFO  ExportPropertyManager.cs: 1142 - AfterClose called. This method no longer throws an Exception. It just silently does nothing. Ok, except for this logging message
2026-09-14 15:40:22,436 INFO  AssemblyExportForm.cs: 253 - Completing URDF export
2026-09-14 15:40:22,442 INFO  ConfigurationSerialization.cs: 276 - URDF Configuration found
<Link z:Id="i1" xmlns="http://schemas.datacontract.org/2004/07/SW2URDF" xmlns:i="http://www.w3.org/2001/XMLSchema-instance" xmlns:z="http://schemas.microsoft.com/2003/10/Serialization/"><Attributes><Attribute z:Id="i2"><AttributeType>name</AttributeType><IsRequired>true</IsRequired><Value i:type="a:string" xmlns:a="http://www.w3.org/2001/XMLSchema">base_link</Value></Attribute></Attributes><ChildElements><URDFElement z:Id="i3" i:type="Inertial"><Attributes/><ChildElements><URDFElement z:Id="i4" i:type="Origin"><Attributes><Attribute z:Id="i5"><AttributeType>xyz</AttributeType><IsRequired>true</IsRequired><Value i:type="a:ArrayOfdouble" xmlns:a="http://schemas.microsoft.com/2003/10/Serialization/Arrays"><a:double>0</a:double><a:double>0</a:double><a:double>0</a:double></Value></Attribute><Attribute z:Id="i6"><AttributeType>rpy</AttributeType><IsRequired>true</IsRequired><Value i:type="a:ArrayOfdouble" xmlns:a="http://schemas.microsoft.com/2003/10/Serialization/Arrays"><a:double>0</a:double><a:double>0</a:double><a:double>0</a:double></Value></Attribute></Attributes><ChildElements/><ElementName>origin</ElementName><required>false</required><RPYAttribute z:Ref="i6"/><XYZAttribute z:Ref="i5"/><isCustomized>false</isCustomized></URDFElement><URDFElement z:Id="i7" i:type="Mass"><Attributes><Attribute z:Id="i8"><AttributeType>value</AttributeType><IsRequired>true</IsRequired><Value i:type="a:double" xmlns:a="http://www.w3.org/2001/XMLSchema">0</Value></Attribute></Attributes><ChildElements/><ElementName>mass</ElementName><required>false</required><ValueAttribute z:Ref="i8"/></URDFElement><URDFElement z:Id="i9" i:type="Inertia"><Attributes><Attribute z:Id="i10"><AttributeType>ixx</AttributeType><IsRequired>true</IsRequired><Value i:type="a:double" xmlns:a="http://www.w3.org/2001/XMLSchema">0</Value></Attribute><Attribute z:Id="i11"><AttributeType>ixy</AttributeType><IsRequired>true</IsRequired><Value i:type="a:double" xmlns:a="http://www.w3.org/2001/XMLSchema">0</Value></Attribute><Attribute z:Id="i12"><AttributeType>ixz</AttributeType><IsRequired>true</IsRequired><Value i:type="a:double" xmlns:a="http://www.w3.org/2001/XMLSchema">0</Value></Attribute><Attribute z:Id="i13"><AttributeType>iyy</AttributeType><IsRequired>true</IsRequired><Value i:type="a:double" xmlns:a="http://www.w3.org/2001/XMLSchema">0</Value></Attribute><Attribute z:Id="i14"><AttributeType>iyz</AttributeType><IsRequired>true</IsRequired><Value i:type="a:double" xmlns:a="http://www.w3.org/2001/XMLSchema">0</Value></Attribute><Attribute z:Id="i15"><AttributeType>izz</AttributeType><IsRequired>true</IsRequired><Value i:type="a:double" xmlns:a="http://www.w3.org/2001/XMLSchema">0</Value></Attribute></Attributes><ChildElements/><ElementName>inertia</ElementName><required>false</required><IxxAttribute z:Ref="i10"/><IxyAttribute z:Ref="i11"/><IxzAttribute z:Ref="i12"/><IyyAttribute z:Ref="i13"/><IyzAttribute z:Ref="i14"/><IzzAttribute z:Ref="i15"/></URDFElement></ChildElements><ElementName>inertial</ElementName><required>false</required><Inertia z:Ref="i9"/><Mass z:Ref="i7"/><Origin z:Ref="i4"/></URDFElement><URDFElement z:Id="i16" i:type="Visual"><Attributes/><ChildElements><URDFElement z:Id="i17" i:type="Origin"><Attributes><Attribute z:Id="i18"><AttributeType>xyz</AttributeType><IsRequired>true</IsRequired><Value i:type="a:ArrayOfdouble" xmlns:a="http://schemas.microsoft.com/2003/10/Serialization/Arrays"><a:double>0</a:double><a:double>0</a:double><a:double>0</a:double></Value></Attribute><Attribute z:Id="i19"><AttributeType>rpy</AttributeType><IsRequired>true</IsRequired><Value i:type="a:ArrayOfdouble" xmlns:a="http://schemas.microsoft.com/2003/10/Serialization/Arrays"><a:double>0</a:double><a:double>0</a:double><a:double>0</a:double></Value></Attribute></Attributes><ChildElements/><ElementName>origin</ElementName><required>false</required><RPYAttribute z:Ref="i19"/><XYZAttribute z:Ref="i18"/><isCustomized>false</isCustomized></URDFElement><URDFElement z:Id="i20" i:type="Geometry"><Attributes/><ChildElements><URDFElement z:Id="i21" i:type="Mesh"><Attributes><Attribute z:Id="i22"><AttributeType>filename</AttributeType><IsRequired>true</IsRequired><Value i:nil="true"/></Attribute></Attributes><ChildElements/><ElementName>mesh</ElementName><required>false</required><FilenameAttribute z:Ref="i22"/></URDFElement></ChildElements><ElementName>geometry</ElementName><required>true</required><Mesh z:Ref="i21"/></URDFElement><URDFElement z:Id="i23" i:type="Material"><Attributes><Attribute z:Id="i24"><AttributeType>name</AttributeType><IsRequired>true</IsRequired><Value i:type="a:string" xmlns:a="http://www.w3.org/2001/XMLSchema"/></Attribute></Attributes><ChildElements><URDFElement z:Id="i25" i:type="Color"><Attributes><Attribute z:Id="i26"><AttributeType>rgba</AttributeType><IsRequired>true</IsRequired><Value i:type="a:ArrayOfdouble" xmlns:a="http://schemas.microsoft.com/2003/10/Serialization/Arrays"><a:double>1</a:double><a:double>1</a:double><a:double>1</a:double><a:double>1</a:double></Value></Attribute></Attributes><ChildElements/><ElementName>color</ElementName><required>false</required><RGBAAttribute z:Ref="i26"/></URDFElement><URDFElement z:Id="i27" i:type="Texture"><Attributes><Attribute z:Id="i28"><AttributeType>filename</AttributeType><IsRequired>true</IsRequired><Value i:nil="true"/></Attribute></Attributes><ChildElements/><ElementName>texture</ElementName><required>false</required><FilenameAttribute z:Ref="i28"/><wFilename/></URDFElement></ChildElements><ElementName>material</ElementName><required>false</required><Color z:Ref="i25"/><NameAttribute z:Ref="i24"/><Texture z:Ref="i27"/></URDFElement></ChildElements><ElementName>visual</ElementName><required>false</required><Geometry z:Ref="i20"/><Material z:Ref="i23"/><Origin z:Ref="i17"/></URDFElement><URDFElement z:Id="i29" i:type="Collision"><Attributes/><ChildElements><URDFElement z:Id="i30" i:type="Origin"><Attributes><Attribute z:Id="i31"><AttributeType>xyz</AttributeType><IsRequired>true</IsRequired><Value i:type="a:ArrayOfdouble" xmlns:a="http://schemas.microsoft.com/2003/10/Serialization/Arrays"><a:double>0</a:double><a:double>0</a:double><a:double>0</a:double></Value></Attribute><Attribute z:Id="i32"><AttributeType>rpy</AttributeType><IsRequired>true</IsRequired><Value i:type="a:ArrayOfdouble" xmlns:a="http://schemas.microsoft.com/2003/10/Serialization/Arrays"><a:double>0</a:double><a:double>0</a:double><a:double>0</a:double></Value></Attribute></Attributes><ChildElements/><ElementName>origin</ElementName><required>false</required><RPYAttribute z:Ref="i32"/><XYZAttribute z:Ref="i31"/><isCustomized>false</isCustomized></URDFElement><URDFElement z:Id="i33" i:type="Geometry"><Attributes/><ChildElements><URDFElement z:Id="i34" i:type="Mesh"><Attributes><Attribute z:Id="i35"><AttributeType>filename</AttributeType><IsRequired>true</IsRequired><Value i:nil="true"/></Attribute></Attributes><ChildElements/><ElementName>mesh</ElementName><required>false</required><FilenameAttribute z:Ref="i35"/></URDFElement></ChildElements><ElementName>geometry</ElementName><required>true</required><Mesh z:Ref="i34"/></URDFElement></ChildElements><ElementName>collision</ElementName><required>false</required><Geometry z:Ref="i33"/><Origin z:Ref="i30"/></URDFElement><URDFElement z:Id="i36" i:type="Joint"><Attributes><Attribute z:Id="i37"><AttributeType>name</AttributeType><IsRequired>true</IsRequired><Value i:type="a:string" xmlns:a="http://www.w3.org/2001/XMLSchema"/></Attribute><Attribute z:Id="i38"><AttributeType>type</AttributeType><IsRequired>true</IsRequired><Value i:type="a:string" xmlns:a="http://www.w3.org/2001/XMLSchema"/></Attribute></Attributes><ChildElements><URDFElement z:Id="i39" i:type="Origin"><Attributes><Attribute z:Id="i40"><AttributeType>xyz</AttributeType><IsRequired>true</IsRequired><Value i:type="a:ArrayOfdouble" xmlns:a="http://schemas.microsoft.com/2003/10/Serialization/Arrays"><a:double>0</a:double><a:double>0</a:double><a:double>0</a:double></Value></Attribute><Attribute z:Id="i41"><AttributeType>rpy</AttributeType><IsRequired>true</IsRequired><Value i:type="a:ArrayOfdouble" xmlns:a="http://schemas.microsoft.com/2003/10/Serialization/Arrays"><a:double>0</a:double><a:double>0</a:double><a:double>0</a:double></Value></Attribute></Attributes><ChildElements/><ElementName>origin</ElementName><required>false</required><RPYAttribute z:Ref="i41"/><XYZAttribute z:Ref="i40"/><isCustomized>false</isCustomized></URDFElement><URDFElement z:Id="i42" i:type="ParentLink"><Attributes><Attribute z:Id="i43"><AttributeType>link</AttributeType><IsRequired>true</IsRequired><Value i:type="a:string" xmlns:a="http://www.w3.org/2001/XMLSchema"/></Attribute></Attributes><ChildElements/><ElementName>parent</ElementName><required>true</required><NameAttribute z:Ref="i43"/></URDFElement><URDFElement z:Id="i44" i:type="ChildLink"><Attributes><Attribute z:Id="i45"><AttributeType>link</AttributeType><IsRequired>true</IsRequired><Value i:type="a:string" xmlns:a="http://www.w3.org/2001/XMLSchema"/></Attribute></Attributes><ChildElements/><ElementName>child</ElementName><required>true</required><NameAttribute z:Ref="i45"/></URDFElement><URDFElement z:Id="i46" i:type="Axis"><Attributes><Attribute z:Id="i47"><AttributeType>xyz</AttributeType><IsRequired>true</IsRequired><Value i:type="a:ArrayOfdouble" xmlns:a="http://schemas.microsoft.com/2003/10/Serialization/Arrays"><a:double>0</a:double><a:double>0</a:double><a:double>0</a:double></Value></Attribute></Attributes><ChildElements/><ElementName>axis</ElementName><required>false</required><XYZAttribute z:Ref="i47"/></URDFElement><URDFElement z:Id="i48" i:type="Limit"><Attributes><Attribute z:Id="i49"><AttributeType>lower</AttributeType><IsRequired>false</IsRequired><Value i:nil="true"/></Attribute><Attribute z:Id="i50"><AttributeType>upper</AttributeType><IsRequired>false</IsRequired><Value i:nil="true"/></Attribute><Attribute z:Id="i51"><AttributeType>effort</AttributeType><IsRequired>true</IsRequired><Value i:nil="true"/></Attribute><Attribute z:Id="i52"><AttributeType>velocity</AttributeType><IsRequired>true</IsRequired><Value i:nil="true"/></Attribute></Attributes><ChildElements/><ElementName>limit</ElementName><required>false</required><EffortAttribute z:Ref="i51"/><LowerAttribute z:Ref="i49"/><UpperAttribute z:Ref="i50"/><VelocityAttribute z:Ref="i52"/></URDFElement><URDFElement z:Id="i53" i:type="Calibration"><Attributes><Attribute z:Id="i54"><AttributeType>rising</AttributeType><IsRequired>false</IsRequired><Value i:nil="true"/></Attribute><Attribute z:Id="i55"><AttributeType>falling</AttributeType><IsRequired>false</IsRequired><Value i:nil="true"/></Attribute></Attributes><ChildElements/><ElementName>calibration</ElementName><required>false</required><FallingAttribute z:Ref="i55"/><RisingAttribute z:Ref="i54"/></URDFElement><URDFElement z:Id="i56" i:type="Dynamics"><Attributes><Attribute z:Id="i57"><AttributeType>damping</AttributeType><IsRequired>false</IsRequired><Value i:nil="true"/></Attribute><Attribute z:Id="i58"><AttributeType>friction</AttributeType><IsRequired>false</IsRequired><Value i:nil="true"/></Attribute></Attributes><ChildElements/><ElementName>dynamics</ElementName><required>false</required><DampingAttribute z:Ref="i57"/><FrictionAttribute z:Ref="i58"/></URDFElement><URDFElement z:Id="i59" i:type="SafetyController"><Attributes><Attribute z:Id="i60"><AttributeType>soft_upper_limit</AttributeType><IsRequired>false</IsRequired><Value i:nil="true"/></Attribute><Attribute z:Id="i61"><AttributeType>soft_lower_limit</AttributeType><IsRequired>false</IsRequired><Value i:nil="true"/></Attribute><Attribute z:Id="i62"><AttributeType>k_position</AttributeType><IsRequired>false</IsRequired><Value i:nil="true"/></Attribute><Attribute z:Id="i63"><AttributeType>k_velocity</AttributeType><IsRequired>true</IsRequired><Value i:nil="true"/></Attribute></Attributes><ChildElements/><ElementName>safety_controller</ElementName><required>false</required><KPositionAttribute z:Ref="i62"/><KVelocityAttribute z:Ref="i63"/><SoftLowerAttribute z:Ref="i61"/><SoftUpperAttribute z:Ref="i60"/></URDFElement><URDFElement z:Id="i64" i:type="Mimic"><Attributes><Attribute z:Id="i65"><AttributeType>joint</AttributeType><IsRequired>true</IsRequired><Value i:nil="true"/></Attribute><Attribute z:Id="i66"><AttributeType>multiplier</AttributeType><IsRequired>false</IsRequired><Value i:nil="true"/></Attribute><Attribute z:Id="i67"><AttributeType>offset</AttributeType><IsRequired>false</IsRequired><Value i:nil="true"/></Attribute></Attributes><ChildElements/><ElementName>mimic</ElementName><required>false</required><JointNameAttribute z:Ref="i65"/><MultiplierAttribute z:Ref="i66"/><OffsetAttribute z:Ref="i67"/></URDFElement></ChildElements><ElementName>joint</ElementName><required>false</required><Axis z:Ref="i46"/><AxisName/><Calibration z:Ref="i53"/><Child z:Ref="i44"/><CoordinateSystemName>Automatically Generate</CoordinateSystemName><Dynamics z:Ref="i56"/><Limit z:Ref="i48"/><Mimic z:Ref="i64"/><NameAttribute z:Ref="i37"/><Origin z:Ref="i39"/><Parent z:Ref="i42"/><Safety z:Ref="i59"/><TypeAttribute z:Ref="i38"/></URDFElement></ChildElements><ElementName>link</ElementName><required>true</required><Children><Link z:Id="i68"><Attributes><Attribute z:Id="i69"><AttributeType>name</AttributeType><IsRequired>true</IsRequired><Value i:type="a:string" xmlns:a="http://www.w3.org/2001/XMLSchema">ring_link</Value></Attribute></Attributes><ChildElements><URDFElement z:Id="i70" i:type="Inertial"><Attributes/><ChildElements><URDFElement z:Id="i71" i:type="Origin"><Attributes><Attribute z:Id="i72"><AttributeType>xyz</AttributeType><IsRequired>true</IsRequired><Value i:type="a:ArrayOfdouble" xmlns:a="http://schemas.microsoft.com/2003/10/Serialization/Arrays"><a:double>0</a:double><a:double>0</a:double><a:double>0</a:double></Value></Attribute><Attribute z:Id="i73"><AttributeType>rpy</AttributeType><IsRequired>true</IsRequired><Value i:type="a:ArrayOfdouble" xmlns:a="http://schemas.microsoft.com/2003/10/Serialization/Arrays"><a:double>0</a:double><a:double>0</a:double><a:double>0</a:double></Value></Attribute></Attributes><ChildElements/><ElementName>origin</ElementName><required>false</required><RPYAttribute z:Ref="i73"/><XYZAttribute z:Ref="i72"/><isCustomized>false</isCustomized></URDFElement><URDFElement z:Id="i74" i:type="Mass"><Attributes><Attribute z:Id="i75"><AttributeType>value</AttributeType><IsRequired>true</IsRequired><Value i:type="a:double" xmlns:a="http://www.w3.org/2001/XMLSchema">0</Value></Attribute></Attributes><ChildElements/><ElementName>mass</ElementName><required>false</required><ValueAttribute z:Ref="i75"/></URDFElement><URDFElement z:Id="i76" i:type="Inertia"><Attributes><Attribute z:Id="i77"><AttributeType>ixx</AttributeType><IsRequired>true</IsRequired><Value i:type="a:double" xmlns:a="http://www.w3.org/2001/XMLSchema">0</Value></Attribute><Attribute z:Id="i78"><AttributeType>ixy</AttributeType><IsRequired>true</IsRequired><Value i:type="a:double" xmlns:a="http://www.w3.org/2001/XMLSchema">0</Value></Attribute><Attribute z:Id="i79"><AttributeType>ixz</AttributeType><IsRequired>true</IsRequired><Value i:type="a:double" xmlns:a="http://www.w3.org/2001/XMLSchema">0</Value></Attribute><Attribute z:Id="i80"><AttributeType>iyy</AttributeType><IsRequired>true</IsRequired><Value i:type="a:double" xmlns:a="http://www.w3.org/2001/XMLSchema">0</Value></Attribute><Attribute z:Id="i81"><AttributeType>iyz</AttributeType><IsRequired>true</IsRequired><Value i:type="a:double" xmlns:a="http://www.w3.org/2001/XMLSchema">0</Value></Attribute><Attribute z:Id="i82"><AttributeType>izz</AttributeType><IsRequired>true</IsRequired><Value i:type="a:double" xmlns:a="http://www.w3.org/2001/XMLSchema">0</Value></Attribute></Attributes><ChildElements/><ElementName>inertia</ElementName><required>false</required><IxxAttribute z:Ref="i77"/><IxyAttribute z:Ref="i78"/><IxzAttribute z:Ref="i79"/><IyyAttribute z:Ref="i80"/><IyzAttribute z:Ref="i81"/><IzzAttribute z:Ref="i82"/></URDFElement></ChildElements><ElementName>inertial</ElementName><required>false</required><Inertia z:Ref="i76"/><Mass z:Ref="i74"/><Origin z:Ref="i71"/></URDFElement><URDFElement z:Id="i83" i:type="Visual"><Attributes/><ChildElements><URDFElement z:Id="i84" i:type="Origin"><Attributes><Attribute z:Id="i85"><AttributeType>xyz</AttributeType><IsRequired>true</IsRequired><Value i:type="a:ArrayOfdouble" xmlns:a="http://schemas.microsoft.com/2003/10/Serialization/Arrays"><a:double>0</a:double><a:double>0</a:double><a:double>0</a:double></Value></Attribute><Attribute z:Id="i86"><AttributeType>rpy</AttributeType><IsRequired>true</IsRequired><Value i:type="a:ArrayOfdouble" xmlns:a="http://schemas.microsoft.com/2003/10/Serialization/Arrays"><a:double>0</a:double><a:double>0</a:double><a:double>0</a:double></Value></Attribute></Attributes><ChildElements/><ElementName>origin</ElementName><required>false</required><RPYAttribute z:Ref="i86"/><XYZAttribute z:Ref="i85"/><isCustomized>false</isCustomized></URDFElement><URDFElement z:Id="i87" i:type="Geometry"><Attributes/><ChildElements><URDFElement z:Id="i88" i:type="Mesh"><Attributes><Attribute z:Id="i89"><AttributeType>filename</AttributeType><IsRequired>true</IsRequired><Value i:nil="true"/></Attribute></Attributes><ChildElements/><ElementName>mesh</ElementName><required>false</required><FilenameAttribute z:Ref="i89"/></URDFElement></ChildElements><ElementName>geometry</ElementName><required>true</required><Mesh z:Ref="i88"/></URDFElement><URDFElement z:Id="i90" i:type="Material"><Attributes><Attribute z:Id="i91"><AttributeType>name</AttributeType><IsRequired>true</IsRequired><Value i:type="a:string" xmlns:a="http://www.w3.org/2001/XMLSchema"/></Attribute></Attributes><ChildElements><URDFElement z:Id="i92" i:type="Color"><Attributes><Attribute z:Id="i93"><AttributeType>rgba</AttributeType><IsRequired>true</IsRequired><Value i:type="a:ArrayOfdouble" xmlns:a="http://schemas.microsoft.com/2003/10/Serialization/Arrays"><a:double>1</a:double><a:double>1</a:double><a:double>1</a:double><a:double>1</a:double></Value></Attribute></Attributes><ChildElements/><ElementName>color</ElementName><required>false</required><RGBAAttribute z:Ref="i93"/></URDFElement><URDFElement z:Id="i94" i:type="Texture"><Attributes><Attribute z:Id="i95"><AttributeType>filename</AttributeType><IsRequired>true</IsRequired><Value i:nil="true"/></Attribute></Attributes><ChildElements/><ElementName>texture</ElementName><required>false</required><FilenameAttribute z:Ref="i95"/><wFilename/></URDFElement></ChildElements><ElementName>material</ElementName><required>false</required><Color z:Ref="i92"/><NameAttribute z:Ref="i91"/><Texture z:Ref="i94"/></URDFElement></ChildElements><ElementName>visual</ElementName><required>false</required><Geometry z:Ref="i87"/><Material z:Ref="i90"/><Origin z:Ref="i84"/></URDFElement><URDFElement z:Id="i96" i:type="Collision"><Attributes/><ChildElements><URDFElement z:Id="i97" i:type="Origin"><Attributes><Attribute z:Id="i98"><AttributeType>xyz</AttributeType><IsRequired>true</IsRequired><Value i:type="a:ArrayOfdouble" xmlns:a="http://schemas.microsoft.com/2003/10/Serialization/Arrays"><a:double>0</a:double><a:double>0</a:double><a:double>0</a:double></Value></Attribute><Attribute z:Id="i99"><AttributeType>rpy</AttributeType><IsRequired>true</IsRequired><Value i:type="a:ArrayOfdouble" xmlns:a="http://schemas.microsoft.com/2003/10/Serialization/Arrays"><a:double>0</a:double><a:double>0</a:double><a:double>0</a:double></Value></Attribute></Attributes><ChildElements/><ElementName>origin</ElementName><required>false</required><RPYAttribute z:Ref="i99"/><XYZAttribute z:Ref="i98"/><isCustomized>false</isCustomized></URDFElement><URDFElement z:Id="i100" i:type="Geometry"><Attributes/><ChildElements><URDFElement z:Id="i101" i:type="Mesh"><Attributes><Attribute z:Id="i102"><AttributeType>filename</AttributeType><IsRequired>true</IsRequired><Value i:nil="true"/></Attribute></Attributes><ChildElements/><ElementName>mesh</ElementName><required>false</required><FilenameAttribute z:Ref="i102"/></URDFElement></ChildElements><ElementName>geometry</ElementName><required>true</required><Mesh z:Ref="i101"/></URDFElement></ChildElements><ElementName>collision</ElementName><required>false</required><Geometry z:Ref="i100"/><Origin z:Ref="i97"/></URDFElement><URDFElement z:Id="i103" i:type="Joint"><Attributes><Attribute z:Id="i104"><AttributeType>name</AttributeType><IsRequired>true</IsRequired><Value i:type="a:string" xmlns:a="http://www.w3.org/2001/XMLSchema">ring_joint</Value></Attribute><Attribute z:Id="i105"><AttributeType>type</AttributeType><IsRequired>true</IsRequired><Value i:type="a:string" xmlns:a="http://www.w3.org/2001/XMLSchema">revolute</Value></Attribute></Attributes><ChildElements><URDFElement z:Id="i106" i:type="Origin"><Attributes><Attribute z:Id="i107"><AttributeType>xyz</AttributeType><IsRequired>true</IsRequired><Value i:type="a:ArrayOfdouble" xmlns:a="http://schemas.microsoft.com/2003/10/Serialization/Arrays"><a:double>0</a:double><a:double>0</a:double><a:double>0</a:double></Value></Attribute><Attribute z:Id="i108"><AttributeType>rpy</AttributeType><IsRequired>true</IsRequired><Value i:type="a:ArrayOfdouble" xmlns:a="http://schemas.microsoft.com/2003/10/Serialization/Arrays"><a:double>0</a:double><a:double>0</a:double><a:double>0</a:double></Value></Attribute></Attributes><ChildElements/><ElementName>origin</ElementName><required>false</required><RPYAttribute z:Ref="i108"/><XYZAttribute z:Ref="i107"/><isCustomized>false</isCustomized></URDFElement><URDFElement z:Id="i109" i:type="ParentLink"><Attributes><Attribute z:Id="i110"><AttributeType>link</AttributeType><IsRequired>true</IsRequired><Value i:type="a:string" xmlns:a="http://www.w3.org/2001/XMLSchema"/></Attribute></Attributes><ChildElements/><ElementName>parent</ElementName><required>true</required><NameAttribute z:Ref="i110"/></URDFElement><URDFElement z:Id="i111" i:type="ChildLink"><Attributes><Attribute z:Id="i112"><AttributeType>link</AttributeType><IsRequired>true</IsRequired><Value i:type="a:string" xmlns:a="http://www.w3.org/2001/XMLSchema"/></Attribute></Attributes><ChildElements/><ElementName>child</ElementName><required>true</required><NameAttribute z:Ref="i112"/></URDFElement><URDFElement z:Id="i113" i:type="Axis"><Attributes><Attribute z:Id="i114"><AttributeType>xyz</AttributeType><IsRequired>true</IsRequired><Value i:type="a:ArrayOfdouble" xmlns:a="http://schemas.microsoft.com/2003/10/Serialization/Arrays"><a:double>0</a:double><a:double>0</a:double><a:double>0</a:double></Value></Attribute></Attributes><ChildElements/><ElementName>axis</ElementName><required>false</required><XYZAttribute z:Ref="i114"/></URDFElement><URDFElement z:Id="i115" i:type="Limit"><Attributes><Attribute z:Id="i116"><AttributeType>lower</AttributeType><IsRequired>true</IsRequired><Value i:nil="true"/></Attribute><Attribute z:Id="i117"><AttributeType>upper</AttributeType><IsRequired>true</IsRequired><Value i:nil="true"/></Attribute><Attribute z:Id="i118"><AttributeType>effort</AttributeType><IsRequired>true</IsRequired><Value i:nil="true"/></Attribute><Attribute z:Id="i119"><AttributeType>velocity</AttributeType><IsRequired>true</IsRequired><Value i:nil="true"/></Attribute></Attributes><ChildElements/><ElementName>limit</ElementName><required>true</required><EffortAttribute z:Ref="i118"/><LowerAttribute z:Ref="i116"/><UpperAttribute z:Ref="i117"/><VelocityAttribute z:Ref="i119"/></URDFElement><URDFElement z:Id="i120" i:type="Calibration"><Attributes><Attribute z:Id="i121"><AttributeType>rising</AttributeType><IsRequired>false</IsRequired><Value i:nil="true"/></Attribute><Attribute z:Id="i122"><AttributeType>falling</AttributeType><IsRequired>false</IsRequired><Value i:nil="true"/></Attribute></Attributes><ChildElements/><ElementName>calibration</ElementName><required>false</required><FallingAttribute z:Ref="i122"/><RisingAttribute z:Ref="i121"/></URDFElement><URDFElement z:Id="i123" i:type="Dynamics"><Attributes><Attribute z:Id="i124"><AttributeType>damping</AttributeType><IsRequired>false</IsRequired><Value i:nil="true"/></Attribute><Attribute z:Id="i125"><AttributeType>friction</AttributeType><IsRequired>false</IsRequired><Value i:nil="true"/></Attribute></Attributes><ChildElements/><ElementName>dynamics</ElementName><required>false</required><DampingAttribute z:Ref="i124"/><FrictionAttribute z:Ref="i125"/></URDFElement><URDFElement z:Id="i126" i:type="SafetyController"><Attributes><Attribute z:Id="i127"><AttributeType>soft_upper_limit</AttributeType><IsRequired>false</IsRequired><Value i:nil="true"/></Attribute><Attribute z:Id="i128"><AttributeType>soft_lower_limit</AttributeType><IsRequired>false</IsRequired><Value i:nil="true"/></Attribute><Attribute z:Id="i129"><AttributeType>k_position</AttributeType><IsRequired>false</IsRequired><Value i:nil="true"/></Attribute><Attribute z:Id="i130"><AttributeType>k_velocity</AttributeType><IsRequired>true</IsRequired><Value i:nil="true"/></Attribute></Attributes><ChildElements/><ElementName>safety_controller</ElementName><required>false</required><KPositionAttribute z:Ref="i129"/><KVelocityAttribute z:Ref="i130"/><SoftLowerAttribute z:Ref="i128"/><SoftUpperAttribute z:Ref="i127"/></URDFElement><URDFElement z:Id="i131" i:type="Mimic"><Attributes><Attribute z:Id="i132"><AttributeType>joint</AttributeType><IsRequired>true</IsRequired><Value i:nil="true"/></Attribute><Attribute z:Id="i133"><AttributeType>multiplier</AttributeType><IsRequired>false</IsRequired><Value i:nil="true"/></Attribute><Attribute z:Id="i134"><AttributeType>offset</AttributeType><IsRequired>false</IsRequired><Value i:nil="true"/></Attribute></Attributes><ChildElements/><ElementName>mimic</ElementName><required>false</required><JointNameAttribute z:Ref="i132"/><MultiplierAttribute z:Ref="i133"/><OffsetAttribute z:Ref="i134"/></URDFElement></ChildElements><ElementName>joint</ElementName><required>false</required><Axis z:Ref="i113"/><AxisName>Axis1</AxisName><Calibration z:Ref="i120"/><Child z:Ref="i111"/><CoordinateSystemName>Coordinate System5</CoordinateSystemName><Dynamics z:Ref="i123"/><Limit z:Ref="i115"/><Mimic z:Ref="i131"/><NameAttribute z:Ref="i104"/><Origin z:Ref="i106"/><Parent z:Ref="i109"/><Safety z:Ref="i126"/><TypeAttribute z:Ref="i105"/></URDFElement></ChildElements><ElementName>link</ElementName><required>true</required><Children/><Collision z:Ref="i96"/><Inertial z:Ref="i70"/><Joint z:Ref="i103"/><NameAttribute z:Ref="i69"/><Parent z:Ref="i1"/><STLQualityFine>false</STLQualityFine><SWComponentPIDs xmlns:a="http://schemas.microsoft.com/2003/10/Serialization/Arrays"><a:base64Binary>OEoAAAUAAAD//v8oMgAuACAAUgBpAGcAaAB0ACAATABpAG0AaQB0AC0AMQBAAEUAbgBkACAARQBmAGYAZQBjAHQAbwByACAARgB1AGwAbAAgAEIAdQBpAGwAZAAEAAAAEAAAAAEAAAABAAAAFwAAAA==</a:base64Binary><a:base64Binary>OEoAAAUAAAD//v8oMwAuACAATABlAGYAdAAgAEwAaQBtAGkAdAB0AC0AMQBAAEUAbgBkACAARQBmAGYAZQBjAHQAbwByACAARgB1AGwAbAAgAEIAdQBpAGwAZAAEAAAAEAAAAAEAAAABAAAAKQAAAA==</a:base64Binary><a:base64Binary>OEoAAAUAAAD//v8vMQAuACAARQBuAGQAIABFAGYAZgBlAGMAdABvAHIAIABzAGUAcgB2AG8ALQAxAEAARQBuAGQAIABFAGYAZgBlAGMAdABvAHIAIABGAHUAbABsACAAQgB1AGkAbABkAAQAAAAQAAAAAQAAAAEAAAAWAAAA</a:base64Binary></SWComponentPIDs><SWMainComponentPID i:nil="true"/><Visual z:Ref="i83"/><isFixedFrame>false</isFixedFrame><isIncomplete>false</isIncomplete></Link><Link z:Id="i135"><Attributes><Attribute z:Id="i136"><AttributeType>name</AttributeType><IsRequired>true</IsRequired><Value i:type="a:string" xmlns:a="http://www.w3.org/2001/XMLSchema">finger_1</Value></Attribute></Attributes><ChildElements><URDFElement z:Id="i137" i:type="Inertial"><Attributes/><ChildElements><URDFElement z:Id="i138" i:type="Origin"><Attributes><Attribute z:Id="i139"><AttributeType>xyz</AttributeType><IsRequired>true</IsRequired><Value i:type="a:ArrayOfdouble" xmlns:a="http://schemas.microsoft.com/2003/10/Serialization/Arrays"><a:double>0</a:double><a:double>0</a:double><a:double>0</a:double></Value></Attribute><Attribute z:Id="i140"><AttributeType>rpy</AttributeType><IsRequired>true</IsRequired><Value i:type="a:ArrayOfdouble" xmlns:a="http://schemas.microsoft.com/2003/10/Serialization/Arrays"><a:double>0</a:double><a:double>0</a:double><a:double>0</a:double></Value></Attribute></Attributes><ChildElements/><ElementName>origin</ElementName><required>false</required><RPYAttribute z:Ref="i140"/><XYZAttribute z:Ref="i139"/><isCustomized>false</isCustomized></URDFElement><URDFElement z:Id="i141" i:type="Mass"><Attributes><Attribute z:Id="i142"><AttributeType>value</AttributeType><IsRequired>true</IsRequired><Value i:type="a:double" xmlns:a="http://www.w3.org/2001/XMLSchema">0</Value></Attribute></Attributes><ChildElements/><ElementName>mass</ElementName><required>false</required><ValueAttribute z:Ref="i142"/></URDFElement><URDFElement z:Id="i143" i:type="Inertia"><Attributes><Attribute z:Id="i144"><AttributeType>ixx</AttributeType><IsRequired>true</IsRequired><Value i:type="a:double" xmlns:a="http://www.w3.org/2001/XMLSchema">0</Value></Attribute><Attribute z:Id="i145"><AttributeType>ixy</AttributeType><IsRequired>true</IsRequired><Value i:type="a:double" xmlns:a="http://www.w3.org/2001/XMLSchema">0</Value></Attribute><Attribute z:Id="i146"><AttributeType>ixz</AttributeType><IsRequired>true</IsRequired><Value i:type="a:double" xmlns:a="http://www.w3.org/2001/XMLSchema">0</Value></Attribute><Attribute z:Id="i147"><AttributeType>iyy</AttributeType><IsRequired>true</IsRequired><Value i:type="a:double" xmlns:a="http://www.w3.org/2001/XMLSchema">0</Value></Attribute><Attribute z:Id="i148"><AttributeType>iyz</AttributeType><IsRequired>true</IsRequired><Value i:type="a:double" xmlns:a="http://www.w3.org/2001/XMLSchema">0</Value></Attribute><Attribute z:Id="i149"><AttributeType>izz</AttributeType><IsRequired>true</IsRequired><Value i:type="a:double" xmlns:a="http://www.w3.org/2001/XMLSchema">0</Value></Attribute></Attributes><ChildElements/><ElementName>inertia</ElementName><required>false</required><IxxAttribute z:Ref="i144"/><IxyAttribute z:Ref="i145"/><IxzAttribute z:Ref="i146"/><IyyAttribute z:Ref="i147"/><IyzAttribute z:Ref="i148"/><IzzAttribute z:Ref="i149"/></URDFElement></ChildElements><ElementName>inertial</ElementName><required>false</required><Inertia z:Ref="i143"/><Mass z:Ref="i141"/><Origin z:Ref="i138"/></URDFElement><URDFElement z:Id="i150" i:type="Visual"><Attributes/><ChildElements><URDFElement z:Id="i151" i:type="Origin"><Attributes><Attribute z:Id="i152"><AttributeType>xyz</AttributeType><IsRequired>true</IsRequired><Value i:type="a:ArrayOfdouble" xmlns:a="http://schemas.microsoft.com/2003/10/Serialization/Arrays"><a:double>0</a:double><a:double>0</a:double><a:double>0</a:double></Value></Attribute><Attribute z:Id="i153"><AttributeType>rpy</AttributeType><IsRequired>true</IsRequired><Value i:type="a:ArrayOfdouble" xmlns:a="http://schemas.microsoft.com/2003/10/Serialization/Arrays"><a:double>0</a:double><a:double>0</a:double><a:double>0</a:double></Value></Attribute></Attributes><ChildElements/><ElementName>origin</ElementName><required>false</required><RPYAttribute z:Ref="i153"/><XYZAttribute z:Ref="i152"/><isCustomized>false</isCustomized></URDFElement><URDFElement z:Id="i154" i:type="Geometry"><Attributes/><ChildElements><URDFElement z:Id="i155" i:type="Mesh"><Attributes><Attribute z:Id="i156"><AttributeType>filename</AttributeType><IsRequired>true</IsRequired><Value i:nil="true"/></Attribute></Attributes><ChildElements/><ElementName>mesh</ElementName><required>false</required><FilenameAttribute z:Ref="i156"/></URDFElement></ChildElements><ElementName>geometry</ElementName><required>true</required><Mesh z:Ref="i155"/></URDFElement><URDFElement z:Id="i157" i:type="Material"><Attributes><Attribute z:Id="i158"><AttributeType>name</AttributeType><IsRequired>true</IsRequired><Value i:type="a:string" xmlns:a="http://www.w3.org/2001/XMLSchema"/></Attribute></Attributes><ChildElements><URDFElement z:Id="i159" i:type="Color"><Attributes><Attribute z:Id="i160"><AttributeType>rgba</AttributeType><IsRequired>true</IsRequired><Value i:type="a:ArrayOfdouble" xmlns:a="http://schemas.microsoft.com/2003/10/Serialization/Arrays"><a:double>1</a:double><a:double>1</a:double><a:double>1</a:double><a:double>1</a:double></Value></Attribute></Attributes><ChildElements/><ElementName>color</ElementName><required>false</required><RGBAAttribute z:Ref="i160"/></URDFElement><URDFElement z:Id="i161" i:type="Texture"><Attributes><Attribute z:Id="i162"><AttributeType>filename</AttributeType><IsRequired>true</IsRequired><Value i:nil="true"/></Attribute></Attributes><ChildElements/><ElementName>texture</ElementName><required>false</required><FilenameAttribute z:Ref="i162"/><wFilename/></URDFElement></ChildElements><ElementName>material</ElementName><required>false</required><Color z:Ref="i159"/><NameAttribute z:Ref="i158"/><Texture z:Ref="i161"/></URDFElement></ChildElements><ElementName>visual</ElementName><required>false</required><Geometry z:Ref="i154"/><Material z:Ref="i157"/><Origin z:Ref="i151"/></URDFElement><URDFElement z:Id="i163" i:type="Collision"><Attributes/><ChildElements><URDFElement z:Id="i164" i:type="Origin"><Attributes><Attribute z:Id="i165"><AttributeType>xyz</AttributeType><IsRequired>true</IsRequired><Value i:type="a:ArrayOfdouble" xmlns:a="http://schemas.microsoft.com/2003/10/Serialization/Arrays"><a:double>0</a:double><a:double>0</a:double><a:double>0</a:double></Value></Attribute><Attribute z:Id="i166"><AttributeType>rpy</AttributeType><IsRequired>true</IsRequired><Value i:type="a:ArrayOfdouble" xmlns:a="http://schemas.microsoft.com/2003/10/Serialization/Arrays"><a:double>0</a:double><a:double>0</a:double><a:double>0</a:double></Value></Attribute></Attributes><ChildElements/><ElementName>origin</ElementName><required>false</required><RPYAttribute z:Ref="i166"/><XYZAttribute z:Ref="i165"/><isCustomized>false</isCustomized></URDFElement><URDFElement z:Id="i167" i:type="Geometry"><Attributes/><ChildElements><URDFElement z:Id="i168" i:type="Mesh"><Attributes><Attribute z:Id="i169"><AttributeType>filename</AttributeType><IsRequired>true</IsRequired><Value i:nil="true"/></Attribute></Attributes><ChildElements/><ElementName>mesh</ElementName><required>false</required><FilenameAttribute z:Ref="i169"/></URDFElement></ChildElements><ElementName>geometry</ElementName><required>true</required><Mesh z:Ref="i168"/></URDFElement></ChildElements><ElementName>collision</ElementName><required>false</required><Geometry z:Ref="i167"/><Origin z:Ref="i164"/></URDFElement><URDFElement z:Id="i170" i:type="Joint"><Attributes><Attribute z:Id="i171"><AttributeType>name</AttributeType><IsRequired>true</IsRequired><Value i:type="a:string" xmlns:a="http://www.w3.org/2001/XMLSchema">finger_1_joint</Value></Attribute><Attribute z:Id="i172"><AttributeType>type</AttributeType><IsRequired>true</IsRequired><Value i:type="a:string" xmlns:a="http://www.w3.org/2001/XMLSchema">prismatic</Value></Attribute></Attributes><ChildElements><URDFElement z:Id="i173" i:type="Origin"><Attributes><Attribute z:Id="i174"><AttributeType>xyz</AttributeType><IsRequired>true</IsRequired><Value i:type="a:ArrayOfdouble" xmlns:a="http://schemas.microsoft.com/2003/10/Serialization/Arrays"><a:double>0</a:double><a:double>0</a:double><a:double>0</a:double></Value></Attribute><Attribute z:Id="i175"><AttributeType>rpy</AttributeType><IsRequired>true</IsRequired><Value i:type="a:ArrayOfdouble" xmlns:a="http://schemas.microsoft.com/2003/10/Serialization/Arrays"><a:double>0</a:double><a:double>0</a:double><a:double>0</a:double></Value></Attribute></Attributes><ChildElements/><ElementName>origin</ElementName><required>false</required><RPYAttribute z:Ref="i175"/><XYZAttribute z:Ref="i174"/><isCustomized>false</isCustomized></URDFElement><URDFElement z:Id="i176" i:type="ParentLink"><Attributes><Attribute z:Id="i177"><AttributeType>link</AttributeType><IsRequired>true</IsRequired><Value i:type="a:string" xmlns:a="http://www.w3.org/2001/XMLSchema"/></Attribute></Attributes><ChildElements/><ElementName>parent</ElementName><required>true</required><NameAttribute z:Ref="i177"/></URDFElement><URDFElement z:Id="i178" i:type="ChildLink"><Attributes><Attribute z:Id="i179"><AttributeType>link</AttributeType><IsRequired>true</IsRequired><Value i:type="a:string" xmlns:a="http://www.w3.org/2001/XMLSchema"/></Attribute></Attributes><ChildElements/><ElementName>child</ElementName><required>true</required><NameAttribute z:Ref="i179"/></URDFElement><URDFElement z:Id="i180" i:type="Axis"><Attributes><Attribute z:Id="i181"><AttributeType>xyz</AttributeType><IsRequired>true</IsRequired><Value i:type="a:ArrayOfdouble" xmlns:a="http://schemas.microsoft.com/2003/10/Serialization/Arrays"><a:double>0</a:double><a:double>0</a:double><a:double>0</a:double></Value></Attribute></Attributes><ChildElements/><ElementName>axis</ElementName><required>false</required><XYZAttribute z:Ref="i181"/></URDFElement><URDFElement z:Id="i182" i:type="Limit"><Attributes><Attribute z:Id="i183"><AttributeType>lower</AttributeType><IsRequired>false</IsRequired><Value i:nil="true"/></Attribute><Attribute z:Id="i184"><AttributeType>upper</AttributeType><IsRequired>false</IsRequired><Value i:nil="true"/></Attribute><Attribute z:Id="i185"><AttributeType>effort</AttributeType><IsRequired>true</IsRequired><Value i:nil="true"/></Attribute><Attribute z:Id="i186"><AttributeType>velocity</AttributeType><IsRequired>true</IsRequired><Value i:nil="true"/></Attribute></Attributes><ChildElements/><ElementName>limit</ElementName><required>false</required><EffortAttribute z:Ref="i185"/><LowerAttribute z:Ref="i183"/><UpperAttribute z:Ref="i184"/><VelocityAttribute z:Ref="i186"/></URDFElement><URDFElement z:Id="i187" i:type="Calibration"><Attributes><Attribute z:Id="i188"><AttributeType>rising</AttributeType><IsRequired>false</IsRequired><Value i:nil="true"/></Attribute><Attribute z:Id="i189"><AttributeType>falling</AttributeType><IsRequired>false</IsRequired><Value i:nil="true"/></Attribute></Attributes><ChildElements/><ElementName>calibration</ElementName><required>false</required><FallingAttribute z:Ref="i189"/><RisingAttribute z:Ref="i188"/></URDFElement><URDFElement z:Id="i190" i:type="Dynamics"><Attributes><Attribute z:Id="i191"><AttributeType>damping</AttributeType><IsRequired>false</IsRequired><Value i:nil="true"/></Attribute><Attribute z:Id="i192"><AttributeType>friction</AttributeType><IsRequired>false</IsRequired><Value i:nil="true"/></Attribute></Attributes><ChildElements/><ElementName>dynamics</ElementName><required>false</required><DampingAttribute z:Ref="i191"/><FrictionAttribute z:Ref="i192"/></URDFElement><URDFElement z:Id="i193" i:type="SafetyController"><Attributes><Attribute z:Id="i194"><AttributeType>soft_upper_limit</AttributeType><IsRequired>false</IsRequired><Value i:nil="true"/></Attribute><Attribute z:Id="i195"><AttributeType>soft_lower_limit</AttributeType><IsRequired>false</IsRequired><Value i:nil="true"/></Attribute><Attribute z:Id="i196"><AttributeType>k_position</AttributeType><IsRequired>false</IsRequired><Value i:nil="true"/></Attribute><Attribute z:Id="i197"><AttributeType>k_velocity</AttributeType><IsRequired>true</IsRequired><Value i:nil="true"/></Attribute></Attributes><ChildElements/><ElementName>safety_controller</ElementName><required>false</required><KPositionAttribute z:Ref="i196"/><KVelocityAttribute z:Ref="i197"/><SoftLowerAttribute z:Ref="i195"/><SoftUpperAttribute z:Ref="i194"/></URDFElement><URDFElement z:Id="i198" i:type="Mimic"><Attributes><Attribute z:Id="i199"><AttributeType>joint</AttributeType><IsRequired>true</IsRequired><Value i:nil="true"/></Attribute><Attribute z:Id="i200"><AttributeType>multiplier</AttributeType><IsRequired>false</IsRequired><Value i:nil="true"/></Attribute><Attribute z:Id="i201"><AttributeType>offset</AttributeType><IsRequired>false</IsRequired><Value i:nil="true"/></Attribute></Attributes><ChildElements/><ElementName>mimic</ElementName><required>false</required><JointNameAttribute z:Ref="i199"/><MultiplierAttribute z:Ref="i200"/><OffsetAttribute z:Ref="i201"/></URDFElement></ChildElements><ElementName>joint</ElementName><required>false</required><Axis z:Ref="i180"/><AxisName>Automatically Generate</AxisName><Calibration z:Ref="i187"/><Child z:Ref="i178"/><CoordinateSystemName>Coordinate System8</CoordinateSystemName><Dynamics z:Ref="i190"/><Limit z:Ref="i182"/><Mimic z:Ref="i198"/><NameAttribute z:Ref="i171"/><Origin z:Ref="i173"/><Parent z:Ref="i176"/><Safety z:Ref="i193"/><TypeAttribute z:Ref="i172"/></URDFElement></ChildElements><ElementName>link</ElementName><required>true</required><Children/><Collision z:Ref="i163"/><Inertial z:Ref="i137"/><Joint z:Ref="i170"/><NameAttribute z:Ref="i136"/><Parent z:Ref="i1"/><STLQualityFine>false</STLQualityFine><SWComponentPIDs xmlns:a="http://schemas.microsoft.com/2003/10/Serialization/Arrays"><a:base64Binary>OEoAAAUAAAD//v8oNgAuACAAUgBpAGcAaAB0ACAAUAByAG8AbgBnAC0AMQBAAEUAbgBkACAARQBmAGYAZQBjAHQAbwByACAARgB1AGwAbAAgAEIAdQBpAGwAZAAEAAAAEAAAAAEAAAABAAAAJAAAAA==</a:base64Binary><a:base64Binary>OEoAAAUAAAD//v8oNQAuACAAUgBpAGcAaAB0ACAATQBvAHUAbgB0AC0AMQBAAEUAbgBkACAARQBmAGYAZQBjAHQAbwByACAARgB1AGwAbAAgAEIAdQBpAGwAZAAEAAAAEAAAAAEAAAABAAAAGAAAAA==</a:base64Binary><a:base64Binary>OEoAAAUAAAD//v8mOQAuACAAUgBpAGcAaAB0ACAAVABhAGIALQAxAEAARQBuAGQAIABFAGYAZgBlAGMAdABvAHIAIABGAHUAbABsACAAQgB1AGkAbABkAAQAAAAQAAAAAQAAAAEAAABJAAAA</a:base64Binary></SWComponentPIDs><SWMainComponentPID i:nil="true"/><Visual z:Ref="i150"/><isFixedFrame>false</isFixedFrame><isIncomplete>false</isIncomplete></Link><Link z:Id="i202"><Attributes><Attribute z:Id="i203"><AttributeType>name</AttributeType><IsRequired>true</IsRequired><Value i:type="a:string" xmlns:a="http://www.w3.org/2001/XMLSchema">finger_2</Value></Attribute></Attributes><ChildElements><URDFElement z:Id="i204" i:type="Inertial"><Attributes/><ChildElements><URDFElement z:Id="i205" i:type="Origin"><Attributes><Attribute z:Id="i206"><AttributeType>xyz</AttributeType><IsRequired>true</IsRequired><Value i:type="a:ArrayOfdouble" xmlns:a="http://schemas.microsoft.com/2003/10/Serialization/Arrays"><a:double>0</a:double><a:double>0</a:double><a:double>0</a:double></Value></Attribute><Attribute z:Id="i207"><AttributeType>rpy</AttributeType><IsRequired>true</IsRequired><Value i:type="a:ArrayOfdouble" xmlns:a="http://schemas.microsoft.com/2003/10/Serialization/Arrays"><a:double>0</a:double><a:double>0</a:double><a:double>0</a:double></Value></Attribute></Attributes><ChildElements/><ElementName>origin</ElementName><required>false</required><RPYAttribute z:Ref="i207"/><XYZAttribute z:Ref="i206"/><isCustomized>false</isCustomized></URDFElement><URDFElement z:Id="i208" i:type="Mass"><Attributes><Attribute z:Id="i209"><AttributeType>value</AttributeType><IsRequired>true</IsRequired><Value i:type="a:double" xmlns:a="http://www.w3.org/2001/XMLSchema">0</Value></Attribute></Attributes><ChildElements/><ElementName>mass</ElementName><required>false</required><ValueAttribute z:Ref="i209"/></URDFElement><URDFElement z:Id="i210" i:type="Inertia"><Attributes><Attribute z:Id="i211"><AttributeType>ixx</AttributeType><IsRequired>true</IsRequired><Value i:type="a:double" xmlns:a="http://www.w3.org/2001/XMLSchema">0</Value></Attribute><Attribute z:Id="i212"><AttributeType>ixy</AttributeType><IsRequired>true</IsRequired><Value i:type="a:double" xmlns:a="http://www.w3.org/2001/XMLSchema">0</Value></Attribute><Attribute z:Id="i213"><AttributeType>ixz</AttributeType><IsRequired>true</IsRequired><Value i:type="a:double" xmlns:a="http://www.w3.org/2001/XMLSchema">0</Value></Attribute><Attribute z:Id="i214"><AttributeType>iyy</AttributeType><IsRequired>true</IsRequired><Value i:type="a:double" xmlns:a="http://www.w3.org/2001/XMLSchema">0</Value></Attribute><Attribute z:Id="i215"><AttributeType>iyz</AttributeType><IsRequired>true</IsRequired><Value i:type="a:double" xmlns:a="http://www.w3.org/2001/XMLSchema">0</Value></Attribute><Attribute z:Id="i216"><AttributeType>izz</AttributeType><IsRequired>true</IsRequired><Value i:type="a:double" xmlns:a="http://www.w3.org/2001/XMLSchema">0</Value></Attribute></Attributes><ChildElements/><ElementName>inertia</ElementName><required>false</required><IxxAttribute z:Ref="i211"/><IxyAttribute z:Ref="i212"/><IxzAttribute z:Ref="i213"/><IyyAttribute z:Ref="i214"/><IyzAttribute z:Ref="i215"/><IzzAttribute z:Ref="i216"/></URDFElement></ChildElements><ElementName>inertial</ElementName><required>false</required><Inertia z:Ref="i210"/><Mass z:Ref="i208"/><Origin z:Ref="i205"/></URDFElement><URDFElement z:Id="i217" i:type="Visual"><Attributes/><ChildElements><URDFElement z:Id="i218" i:type="Origin"><Attributes><Attribute z:Id="i219"><AttributeType>xyz</AttributeType><IsRequired>true</IsRequired><Value i:type="a:ArrayOfdouble" xmlns:a="http://schemas.microsoft.com/2003/10/Serialization/Arrays"><a:double>0</a:double><a:double>0</a:double><a:double>0</a:double></Value></Attribute><Attribute z:Id="i220"><AttributeType>rpy</AttributeType><IsRequired>true</IsRequired><Value i:type="a:ArrayOfdouble" xmlns:a="http://schemas.microsoft.com/2003/10/Serialization/Arrays"><a:double>0</a:double><a:double>0</a:double><a:double>0</a:double></Value></Attribute></Attributes><ChildElements/><ElementName>origin</ElementName><required>false</required><RPYAttribute z:Ref="i220"/><XYZAttribute z:Ref="i219"/><isCustomized>false</isCustomized></URDFElement><URDFElement z:Id="i221" i:type="Geometry"><Attributes/><ChildElements><URDFElement z:Id="i222" i:type="Mesh"><Attributes><Attribute z:Id="i223"><AttributeType>filename</AttributeType><IsRequired>true</IsRequired><Value i:nil="true"/></Attribute></Attributes><ChildElements/><ElementName>mesh</ElementName><required>false</required><FilenameAttribute z:Ref="i223"/></URDFElement></ChildElements><ElementName>geometry</ElementName><required>true</required><Mesh z:Ref="i222"/></URDFElement><URDFElement z:Id="i224" i:type="Material"><Attributes><Attribute z:Id="i225"><AttributeType>name</AttributeType><IsRequired>true</IsRequired><Value i:type="a:string" xmlns:a="http://www.w3.org/2001/XMLSchema"/></Attribute></Attributes><ChildElements><URDFElement z:Id="i226" i:type="Color"><Attributes><Attribute z:Id="i227"><AttributeType>rgba</AttributeType><IsRequired>true</IsRequired><Value i:type="a:ArrayOfdouble" xmlns:a="http://schemas.microsoft.com/2003/10/Serialization/Arrays"><a:double>1</a:double><a:double>1</a:double><a:double>1</a:double><a:double>1</a:double></Value></Attribute></Attributes><ChildElements/><ElementName>color</ElementName><required>false</required><RGBAAttribute z:Ref="i227"/></URDFElement><URDFElement z:Id="i228" i:type="Texture"><Attributes><Attribute z:Id="i229"><AttributeType>filename</AttributeType><IsRequired>true</IsRequired><Value i:nil="true"/></Attribute></Attributes><ChildElements/><ElementName>texture</ElementName><required>false</required><FilenameAttribute z:Ref="i229"/><wFilename/></URDFElement></ChildElements><ElementName>material</ElementName><required>false</required><Color z:Ref="i226"/><NameAttribute z:Ref="i225"/><Texture z:Ref="i228"/></URDFElement></ChildElements><ElementName>visual</ElementName><required>false</required><Geometry z:Ref="i221"/><Material z:Ref="i224"/><Origin z:Ref="i218"/></URDFElement><URDFElement z:Id="i230" i:type="Collision"><Attributes/><ChildElements><URDFElement z:Id="i231" i:type="Origin"><Attributes><Attribute z:Id="i232"><AttributeType>xyz</AttributeType><IsRequired>true</IsRequired><Value i:type="a:ArrayOfdouble" xmlns:a="http://schemas.microsoft.com/2003/10/Serialization/Arrays"><a:double>0</a:double><a:double>0</a:double><a:double>0</a:double></Value></Attribute><Attribute z:Id="i233"><AttributeType>rpy</AttributeType><IsRequired>true</IsRequired><Value i:type="a:ArrayOfdouble" xmlns:a="http://schemas.microsoft.com/2003/10/Serialization/Arrays"><a:double>0</a:double><a:double>0</a:double><a:double>0</a:double></Value></Attribute></Attributes><ChildElements/><ElementName>origin</ElementName><required>false</required><RPYAttribute z:Ref="i233"/><XYZAttribute z:Ref="i232"/><isCustomized>false</isCustomized></URDFElement><URDFElement z:Id="i234" i:type="Geometry"><Attributes/><ChildElements><URDFElement z:Id="i235" i:type="Mesh"><Attributes><Attribute z:Id="i236"><AttributeType>filename</AttributeType><IsRequired>true</IsRequired><Value i:nil="true"/></Attribute></Attributes><ChildElements/><ElementName>mesh</ElementName><required>false</required><FilenameAttribute z:Ref="i236"/></URDFElement></ChildElements><ElementName>geometry</ElementName><required>true</required><Mesh z:Ref="i235"/></URDFElement></ChildElements><ElementName>collision</ElementName><required>false</required><Geometry z:Ref="i234"/><Origin z:Ref="i231"/></URDFElement><URDFElement z:Id="i237" i:type="Joint"><Attributes><Attribute z:Id="i238"><AttributeType>name</AttributeType><IsRequired>true</IsRequired><Value i:type="a:string" xmlns:a="http://www.w3.org/2001/XMLSchema">finger_2_joint</Value></Attribute><Attribute z:Id="i239"><AttributeType>type</AttributeType><IsRequired>true</IsRequired><Value i:type="a:string" xmlns:a="http://www.w3.org/2001/XMLSchema">prismatic</Value></Attribute></Attributes><ChildElements><URDFElement z:Id="i240" i:type="Origin"><Attributes><Attribute z:Id="i241"><AttributeType>xyz</AttributeType><IsRequired>true</IsRequired><Value i:type="a:ArrayOfdouble" xmlns:a="http://schemas.microsoft.com/2003/10/Serialization/Arrays"><a:double>0</a:double><a:double>0</a:double><a:double>0</a:double></Value></Attribute><Attribute z:Id="i242"><AttributeType>rpy</AttributeType><IsRequired>true</IsRequired><Value i:type="a:ArrayOfdouble" xmlns:a="http://schemas.microsoft.com/2003/10/Serialization/Arrays"><a:double>0</a:double><a:double>0</a:double><a:double>0</a:double></Value></Attribute></Attributes><ChildElements/><ElementName>origin</ElementName><required>false</required><RPYAttribute z:Ref="i242"/><XYZAttribute z:Ref="i241"/><isCustomized>false</isCustomized></URDFElement><URDFElement z:Id="i243" i:type="ParentLink"><Attributes><Attribute z:Id="i244"><AttributeType>link</AttributeType><IsRequired>true</IsRequired><Value i:type="a:string" xmlns:a="http://www.w3.org/2001/XMLSchema"/></Attribute></Attributes><ChildElements/><ElementName>parent</ElementName><required>true</required><NameAttribute z:Ref="i244"/></URDFElement><URDFElement z:Id="i245" i:type="ChildLink"><Attributes><Attribute z:Id="i246"><AttributeType>link</AttributeType><IsRequired>true</IsRequired><Value i:type="a:string" xmlns:a="http://www.w3.org/2001/XMLSchema"/></Attribute></Attributes><ChildElements/><ElementName>child</ElementName><required>true</required><NameAttribute z:Ref="i246"/></URDFElement><URDFElement z:Id="i247" i:type="Axis"><Attributes><Attribute z:Id="i248"><AttributeType>xyz</AttributeType><IsRequired>true</IsRequired><Value i:type="a:ArrayOfdouble" xmlns:a="http://schemas.microsoft.com/2003/10/Serialization/Arrays"><a:double>0</a:double><a:double>0</a:double><a:double>0</a:double></Value></Attribute></Attributes><ChildElements/><ElementName>axis</ElementName><required>false</required><XYZAttribute z:Ref="i248"/></URDFElement><URDFElement z:Id="i249" i:type="Limit"><Attributes><Attribute z:Id="i250"><AttributeType>lower</AttributeType><IsRequired>false</IsRequired><Value i:nil="true"/></Attribute><Attribute z:Id="i251"><AttributeType>upper</AttributeType><IsRequired>false</IsRequired><Value i:nil="true"/></Attribute><Attribute z:Id="i252"><AttributeType>effort</AttributeType><IsRequired>true</IsRequired><Value i:nil="true"/></Attribute><Attribute z:Id="i253"><AttributeType>velocity</AttributeType><IsRequired>true</IsRequired><Value i:nil="true"/></Attribute></Attributes><ChildElements/><ElementName>limit</ElementName><required>false</required><EffortAttribute z:Ref="i252"/><LowerAttribute z:Ref="i250"/><UpperAttribute z:Ref="i251"/><VelocityAttribute z:Ref="i253"/></URDFElement><URDFElement z:Id="i254" i:type="Calibration"><Attributes><Attribute z:Id="i255"><AttributeType>rising</AttributeType><IsRequired>false</IsRequired><Value i:nil="true"/></Attribute><Attribute z:Id="i256"><AttributeType>falling</AttributeType><IsRequired>false</IsRequired><Value i:nil="true"/></Attribute></Attributes><ChildElements/><ElementName>calibration</ElementName><required>false</required><FallingAttribute z:Ref="i256"/><RisingAttribute z:Ref="i255"/></URDFElement><URDFElement z:Id="i257" i:type="Dynamics"><Attributes><Attribute z:Id="i258"><AttributeType>damping</AttributeType><IsRequired>false</IsRequired><Value i:nil="true"/></Attribute><Attribute z:Id="i259"><AttributeType>friction</AttributeType><IsRequired>false</IsRequired><Value i:nil="true"/></Attribute></Attributes><ChildElements/><ElementName>dynamics</ElementName><required>false</required><DampingAttribute z:Ref="i258"/><FrictionAttribute z:Ref="i259"/></URDFElement><URDFElement z:Id="i260" i:type="SafetyController"><Attributes><Attribute z:Id="i261"><AttributeType>soft_upper_limit</AttributeType><IsRequired>false</IsRequired><Value i:nil="true"/></Attribute><Attribute z:Id="i262"><AttributeType>soft_lower_limit</AttributeType><IsRequired>false</IsRequired><Value i:nil="true"/></Attribute><Attribute z:Id="i263"><AttributeType>k_position</AttributeType><IsRequired>false</IsRequired><Value i:nil="true"/></Attribute><Attribute z:Id="i264"><AttributeType>k_velocity</AttributeType><IsRequired>true</IsRequired><Value i:nil="true"/></Attribute></Attributes><ChildElements/><ElementName>safety_controller</ElementName><required>false</required><KPositionAttribute z:Ref="i263"/><KVelocityAttribute z:Ref="i264"/><SoftLowerAttribute z:Ref="i262"/><SoftUpperAttribute z:Ref="i261"/></URDFElement><URDFElement z:Id="i265" i:type="Mimic"><Attributes><Attribute z:Id="i266"><AttributeType>joint</AttributeType><IsRequired>true</IsRequired><Value i:nil="true"/></Attribute><Attribute z:Id="i267"><AttributeType>multiplier</AttributeType><IsRequired>false</IsRequired><Value i:nil="true"/></Attribute><Attribute z:Id="i268"><AttributeType>offset</AttributeType><IsRequired>false</IsRequired><Value i:nil="true"/></Attribute></Attributes><ChildElements/><ElementName>mimic</ElementName><required>false</required><JointNameAttribute z:Ref="i266"/><MultiplierAttribute z:Ref="i267"/><OffsetAttribute z:Ref="i268"/></URDFElement></ChildElements><ElementName>joint</ElementName><required>false</required><Axis z:Ref="i247"/><AxisName>Automatically Generate</AxisName><Calibration z:Ref="i254"/><Child z:Ref="i245"/><CoordinateSystemName>Coordinate System9</CoordinateSystemName><Dynamics z:Ref="i257"/><Limit z:Ref="i249"/><Mimic z:Ref="i265"/><NameAttribute z:Ref="i238"/><Origin z:Ref="i240"/><Parent z:Ref="i243"/><Safety z:Ref="i260"/><TypeAttribute z:Ref="i239"/></URDFElement></ChildElements><ElementName>link</ElementName><required>true</required><Children/><Collision z:Ref="i230"/><Inertial z:Ref="i204"/><Joint z:Ref="i237"/><NameAttribute z:Ref="i203"/><Parent z:Ref="i1"/><STLQualityFine>false</STLQualityFine><SWComponentPIDs xmlns:a="http://schemas.microsoft.com/2003/10/Serialization/Arrays"><a:base64Binary>OEoAAAUAAAD//v8nOAAuACAATABlAGYAdAAgAFAAcgBvAG4AZwAtADEAQABFAG4AZAAgAEUAZgBmAGUAYwB0AG8AcgAgAEYAdQBsAGwAIABCAHUAaQBsAGQABAAAABAAAAABAAAAAQAAADMAAAA=</a:base64Binary><a:base64Binary>OEoAAAUAAAD//v8nNwAuACAATABlAGYAdAAgAE0AbwB1AG4AdAAtADEAQABFAG4AZAAgAEUAZgBmAGUAYwB0AG8AcgAgAEYAdQBsAGwAIABCAHUAaQBsAGQABAAAABAAAAABAAAAAQAAAC8AAAA=</a:base64Binary><a:base64Binary>OEoAAAUAAAD//v8mMQAwAC4AIABMAGUAZgB0ACAAVABhAGIALQAxAEAARQBuAGQAIABFAGYAZgBlAGMAdABvAHIAIABGAHUAbABsACAAQgB1AGkAbABkAAQAAAAQAAAAAQAAAAEAAABNAAAA</a:base64Binary></SWComponentPIDs><SWMainComponentPID i:nil="true"/><Visual z:Ref="i217"/><isFixedFrame>false</isFixedFrame><isIncomplete>false</isIncomplete></Link></Children><Collision z:Ref="i29"/><Inertial z:Ref="i3"/><Joint z:Ref="i36"/><NameAttribute z:Ref="i2"/><Parent i:nil="true"/><STLQualityFine>false</STLQualityFine><SWComponentPIDs xmlns:a="http://schemas.microsoft.com/2003/10/Serialization/Arrays"><a:base64Binary>OEoAAAUAAAD//v8vMQAuACAARQBuAGQAIABFAGYAZgBlAGMAdABvAHIAIABzAGUAcgB2AG8ALQAxAEAARQBuAGQAIABFAGYAZgBlAGMAdABvAHIAIABGAHUAbABsACAAQgB1AGkAbABkAAQAAAAQAAAAAQAAAAEAAAAWAAAA</a:base64Binary><a:base64Binary>OEoAAAUAAAD//v8oMwAuACAATABlAGYAdAAgAEwAaQBtAGkAdAB0AC0AMQBAAEUAbgBkACAARQBmAGYAZQBjAHQAbwByACAARgB1AGwAbAAgAEIAdQBpAGwAZAAEAAAAEAAAAAEAAAABAAAAKQAAAA==</a:base64Binary><a:base64Binary>OEoAAAUAAAD//v8oMgAuACAAUgBpAGcAaAB0ACAATABpAG0AaQB0AC0AMQBAAEUAbgBkACAARQBmAGYAZQBjAHQAbwByACAARgB1AGwAbAAgAEIAdQBpAGwAZAAEAAAAEAAAAAEAAAABAAAAFwAAAA==</a:base64Binary></SWComponentPIDs><SWMainComponentPID i:nil="true"/><Visual z:Ref="i16"/><isFixedFrame>false</isFixedFrame><isIncomplete>false</isIncomplete></Link>
2026-09-14 15:40:35,829 INFO  AssemblyExportForm.cs: 309 - Saving URDF package to C:\Users\Drown\Documents\Github\Open-Manipulator-X-6\URDF\End Effector Full Build
2026-09-14 15:40:35,833 INFO  ExportHelper.cs: 147 - Beginning the export process
2026-09-14 15:40:35,837 INFO  ExportHelper.cs: 153 - Creating package directories with name End Effector Full Build and save path C:\Users\Drown\Documents\Github\Open-Manipulator-X-6\URDF
2026-09-14 15:40:38,246 INFO  ExportHelper.cs: 162 - Creating CMakeLists.txt at C:\Users\Drown\Documents\Github\Open-Manipulator-X-6\URDF\End Effector Full Build\CMakeLists.txt
2026-09-14 15:40:38,249 INFO  ExportHelper.cs: 166 - Creating joint names config at C:\Users\Drown\Documents\Github\Open-Manipulator-X-6\URDF\End Effector Full Build\config\joint_names_End Effector Full Build.yaml
2026-09-14 15:40:38,252 INFO  ExportHelper.cs: 170 - Creating package.xml at C:\Users\Drown\Documents\Github\Open-Manipulator-X-6\URDF\End Effector Full Build\package.xml
2026-09-14 15:40:38,254 INFO  PackageXMLWriter.cs: 21 - Creating package.xml at C:\Users\Drown\Documents\Github\Open-Manipulator-X-6\URDF\End Effector Full Build\package.xml
2026-09-14 15:40:38,263 INFO  ExportHelper.cs: 177 - Creating RVIZ launch file in C:\Users\Drown\Documents\Github\Open-Manipulator-X-6\URDF\End Effector Full Build\launch\
2026-09-14 15:40:38,269 INFO  ExportHelper.cs: 182 - Creating Gazebo launch file in C:\Users\Drown\Documents\Github\Open-Manipulator-X-6\URDF\End Effector Full Build\launch\
2026-09-14 15:40:38,273 INFO  ExportHelper.cs: 187 - Saving existing STL preferences
2026-09-14 15:40:38,274 INFO  ExportHelper.cs: 450 - Saving users preferences
2026-09-14 15:40:38,276 INFO  ExportHelper.cs: 190 - Modifying STL preferences
2026-09-14 15:40:38,277 INFO  ExportHelper.cs: 464 - Setting STL preferences
2026-09-14 15:40:38,285 INFO  ExportHelper.cs: 196 - Found 0 hidden components 
2026-09-14 15:40:38,286 INFO  ExportHelper.cs: 197 - Hiding all components
2026-09-14 15:40:38,412 INFO  ExportHelper.cs: 204 - Beginning individual files export
2026-09-14 15:40:38,418 INFO  ExportHelper.cs: 270 - Exporting link: base_link
2026-09-14 15:40:38,420 INFO  ExportHelper.cs: 272 - Link base_link has 3 children
2026-09-14 15:40:38,422 INFO  ExportHelper.cs: 270 - Exporting link: ring_link
2026-09-14 15:40:38,423 INFO  ExportHelper.cs: 272 - Link ring_link has 0 children
2026-09-14 15:40:38,425 INFO  ExportHelper.cs: 317 - ring_link: Exporting STL with coordinate frame Coordinate System5
2026-09-14 15:40:38,427 INFO  ExportHelper.cs: 322 - ring_link: Reference geometry name 
2026-09-14 15:40:38,527 INFO  ExportHelper.cs: 330 - Saving STL to C:\Users\Drown\Documents\Github\Open-Manipulator-X-6\URDF\End Effector Full Build\meshes\ring_link.STL
2026-09-14 15:40:39,090 INFO  ExportHelper.cs: 405 - Removing SW header in STL file
2026-09-14 15:40:39,093 INFO  ExportHelper.cs: 270 - Exporting link: finger_1
2026-09-14 15:40:39,093 INFO  ExportHelper.cs: 272 - Link finger_1 has 0 children
2026-09-14 15:40:39,094 INFO  ExportHelper.cs: 317 - finger_1: Exporting STL with coordinate frame Coordinate System8
2026-09-14 15:40:39,095 INFO  ExportHelper.cs: 322 - finger_1: Reference geometry name 
2026-09-14 15:40:39,164 INFO  ExportHelper.cs: 330 - Saving STL to C:\Users\Drown\Documents\Github\Open-Manipulator-X-6\URDF\End Effector Full Build\meshes\finger_1.STL
2026-09-14 15:40:39,378 INFO  ExportHelper.cs: 405 - Removing SW header in STL file
2026-09-14 15:40:39,381 INFO  ExportHelper.cs: 270 - Exporting link: finger_2
2026-09-14 15:40:39,382 INFO  ExportHelper.cs: 272 - Link finger_2 has 0 children
2026-09-14 15:40:39,383 INFO  ExportHelper.cs: 317 - finger_2: Exporting STL with coordinate frame Coordinate System9
2026-09-14 15:40:39,386 INFO  ExportHelper.cs: 322 - finger_2: Reference geometry name 
2026-09-14 15:40:39,507 INFO  ExportHelper.cs: 330 - Saving STL to C:\Users\Drown\Documents\Github\Open-Manipulator-X-6\URDF\End Effector Full Build\meshes\finger_2.STL
2026-09-14 15:40:39,715 INFO  ExportHelper.cs: 405 - Removing SW header in STL file
2026-09-14 15:40:39,717 INFO  ExportHelper.cs: 317 - base_link: Exporting STL with coordinate frame Origin_global
2026-09-14 15:40:39,717 INFO  ExportHelper.cs: 322 - base_link: Reference geometry name 
2026-09-14 15:40:39,797 INFO  ExportHelper.cs: 330 - Saving STL to C:\Users\Drown\Documents\Github\Open-Manipulator-X-6\URDF\End Effector Full Build\meshes\base_link.STL
2026-09-14 15:40:40,029 INFO  ExportHelper.cs: 405 - Removing SW header in STL file
2026-09-14 15:40:40,030 INFO  ExportHelper.cs: 145 - Showing all components except previously hidden components
2026-09-14 15:40:40,200 INFO  ExportHelper.cs: 145 - Resetting STL preferences
2026-09-14 15:40:40,201 INFO  ExportHelper.cs: 478 - Returning STL preferences to user preferences
2026-09-14 15:40:40,202 INFO  ExportHelper.cs: 228 - Writing URDF file to C:\Users\Drown\Documents\Github\Open-Manipulator-X-6\URDF\End Effector Full Build\urdf\End Effector Full Build.urdf
2026-09-14 15:40:40,219 INFO  CSVImportExport.cs: 32 - Writing CSV file C:\Users\Drown\Documents\Github\Open-Manipulator-X-6\URDF\End Effector Full Build\urdf\End Effector Full Build.csv
2026-09-14 15:40:40,246 ERROR CSVImportExport.cs: 130 - The following columns were not written to the CSV: Link.Joint.ChildLink.link,
2026-09-14 15:40:40,247 ERROR CSVImportExport.cs: 130 - The following columns were not written to the CSV: Link.Joint.ChildLink.link,
2026-09-14 15:40:40,248 ERROR CSVImportExport.cs: 130 - The following columns were not written to the CSV: Link.Joint.ChildLink.link,
2026-09-14 15:40:40,248 ERROR CSVImportExport.cs: 130 - The following columns were not written to the CSV: Link.Joint.ChildLink.link,Link.Joint.Mimic.joint,Link.Joint.Mimic.multiplier,Link.Joint.Mimic.offset,
2026-09-14 15:40:40,249 INFO  ExportHelper.cs: 234 - Copying log file
2026-09-14 15:40:40,254 INFO  ExportHelper.cs: 439 - Copying C:\Users\Drown\sw2urdf_logs\sw2urdf.log to C:\Users\Drown\Documents\Github\Open-Manipulator-X-6\URDF\End Effector Full Build\export.log
